READ_DATE,KWH_EXP,Tavg,RH_avg,RR,ss
2019-01-01,1.704497145987168,25.7,96.0,12.9,7.5
2019-01-02,1.804380055605178,25.9,90.0,42.7,6.7
2019-01-03,1.6062320025418788,24.9,94.0,0.5,0.1
2019-01-04,1.2205100868994212,25.8,88.0,34.6,0.1
2019-01-05,0.9804237675044774,26.7,88.0,2.1,3.2
2019-01-06,1.01718342918526,26.3,87.0,0.0,9.2
2019-01-07,0.9096517157147824,26.5,84.0,0.2,5.5
2019-01-08,0.9716298954768569,27.5,82.0,2.9,10.0
2019-01-09,0.9570343154829444,27.6,84.0,0.0,10.0
2019-01-10,0.890805024251477,27.6,82.0,0.0,11.8
2019-01-11,1.3385120493334997,27.5,85.0,0.0,9.6
2019-01-12,1.047323346103641,27.5,83.0,0.0,8.3
2019-01-13,0.8723083269688333,26.6,86.0,0.0,9.7
2019-01-14,0.873111375197725,26.3,86.0,12.8,9.5
2019-01-15,0.7215941453543314,26.1,87.0,23.799999999999997,9.2
2019-01-16,0.9429416006186236,25.6,91.0,34.8,5.6
2019-01-17,1.24117997487689,25.4,91.0,22.3,1.1
2019-01-18,0.9904555577830022,26.0,90.0,104.0,0.5
2019-01-19,1.1961187722992883,27.2,88.0,0.6,3.8
2019-01-20,1.683782332268614,26.2,90.0,0.0,6.4
2019-01-21,2.2410170819161763,26.7,89.0,25.7,5.3
2019-01-22,3.0264553102135943,26.3,88.0,41.0,6.9
2019-01-23,2.036754062007432,26.4,86.0,37.6,0.5
2019-01-24,1.876858264978554,27.4,74.0,0.2,0.0
2019-01-25,3.594970161969514,27.6,82.0,7.3,3.1
2019-01-26,3.437183829436846,27.7,86.0,0.2,4.9
2019-01-27,4.283500146596679,26.5,87.0,21.0,10.1
2019-01-28,7.011734801931038,26.4,90.0,19.6,1.2
2019-01-29,2.8250665162918955,26.0,91.0,11.5,0.8
2019-01-30,2.8250665162918955,25.7,88.0,1.2,5.1
2019-01-31,2.8250665162918955,26.8,85.0,11.8,6.2
2019-02-01,2.8250665162918955,25.9,89.0,0.2,5.9
2019-02-02,2.8250665162918955,26.3,89.0,9.9,5.5
2019-02-03,2.8250665162918955,26.7,86.0,11.3,6.4
2019-02-04,4.151854328248948,26.1,91.0,0.0,9.3
2019-02-05,4.557462243899995,26.2,90.0,17.0,5.8
2019-02-06,3.8962479545587434,25.9,91.0,6.0,5.7
2019-02-07,2.771719088211768,26.1,90.0,21.3,3.0
2019-02-08,3.349742491834748,26.8,85.0,1.0,5.4
2019-02-09,2.611862701839811,27.2,85.0,0.1,4.2
2019-02-10,3.623576659708682,26.9,82.0,1.3,7.4
2019-02-11,4.508772533651242,26.7,87.0,0.0,7.7
2019-02-12,4.898687045957361,26.0,92.0,128.0,6.4
2019-02-13,4.564786118206403,25.4,95.0,73.1,1.7
2019-02-14,4.647969499458376,26.5,86.0,12.0,0.0
2019-02-15,4.813584026048178,26.0,85.0,0.0,10.1
2019-02-16,4.9681644196977786,27.2,81.0,3.0,9.5
2019-02-17,5.837156784186625,27.3,81.0,0.0,11.4
2019-02-18,5.61538329868342,26.8,90.0,4.5,9.4
2019-02-19,5.652283150964764,26.7,86.0,2.25,2.5
2019-02-20,4.9632940143742745,26.7,84.0,0.0,7.6
2019-02-21,4.699085231229916,26.8,85.0,0.0,6.8
2019-02-22,7.435131791843687,26.5,85.0,0.0,6.7
2019-02-23,5.367302207308587,26.7,83.0,0.0,7.0
2019-02-24,4.276370687236262,27.3,82.0,0.0,9.3
2019-02-25,7.724757747564631,28.0,80.0,0.0,10.8
2019-02-26,5.644685432144402,28.6,79.0,0.0,10.9
2019-02-27,5.346869824001665,28.7,78.0,0.0,11.6
2019-02-28,5.58054046100503,28.0,83.0,0.0,11.6
2019-03-01,6.3778860617881294,28.0,80.0,0.0,6.1
2019-03-02,6.113230174159096,27.8,82.0,0.0,8.9
2019-03-03,6.456974443793079,27.4,83.0,6.15,8.4
2019-03-04,6.539913611960014,26.8,86.0,12.3,9.6
2019-03-05,6.281532887165561,27.2,85.0,0.0,8.9
2019-03-06,6.977194542524091,26.2,90.0,1.4,7.3
2019-03-07,7.183966068979683,25.2,92.0,18.7,2.2
2019-03-08,5.913823958582334,26.6,83.0,18.4,0.0
2019-03-09,4.193019780936829,27.0,83.0,0.0,4.1
2019-03-10,5.480940923166728,27.3,78.0,0.0,6.1
2019-03-11,5.672789582687095,27.1,82.0,3.5,10.8
2019-03-12,6.069524106148495,27.4,81.0,0.0,8.5
2019-03-13,6.638073585339935,26.3,86.0,0.0,9.7
2019-03-14,5.58994483440646,29.3,81.0,29.5,5.4
2019-03-15,6.364140331004692,26.4,84.0,0.0,2.8
2019-03-16,6.591540331444574,26.1,88.0,0.0,5.0
2019-03-17,7.19325123791059,26.1,88.0,0.6,2.0
2019-03-18,9.508639945218071,26.0,92.0,1.6,5.2
2019-03-19,10.338897019650757,27.0,88.0,10.0,2.6
2019-03-20,9.522048101837772,27.2,87.0,10.9,8.2
2019-03-21,11.554592465327069,27.9,84.0,8.25,6.5
2019-03-22,10.639243886620768,27.8,85.0,5.6,2.1
2019-03-23,8.263395134396438,26.6,87.0,73.9,5.2
2019-03-24,10.187468771342038,26.9,88.0,4.9,2.6
2019-03-25,10.209576229248189,26.3,93.0,40.0,2.4
2019-03-26,10.5400102115248,25.9,90.0,37.8,5.0
2019-03-27,12.259911461885322,26.3,88.0,9.3,7.6
2019-03-28,11.194948627965138,28.7,85.0,6.4,5.4
2019-03-29,11.554080472412725,27.3,76.0,0.0,6.8
2019-03-30,11.901542840324112,27.3,82.0,0.0,7.7
2019-03-31,11.398702654553452,28.1,82.0,0.0,9.1
2019-04-01,13.484995056075569,27.0,77.0,0.0,8.1
2019-04-02,14.016915831109683,26.1,85.0,0.1,8.2
2019-04-03,13.286159891896135,26.8,83.0,1.6,4.4
2019-04-04,14.549942040763035,27.3,82.0,0.0,5.8
2019-04-05,13.919101915774451,26.1,88.0,0.0,5.1
2019-04-06,15.26000048357099,27.1,87.0,3.9,4.8
2019-04-07,13.991978264237217,25.7,78.0,1.0,4.3
2019-04-08,14.104562089627697,26.7,83.0,0.0,10.6
2019-04-09,12.361115450774292,27.7,84.0,0.0,9.9
2019-04-10,15.75003151699431,27.6,83.0,0.0,9.2
2019-04-11,14.580391760638618,27.1,86.0,0.0,7.7
2019-04-12,15.424781333906289,27.7,85.0,0.0,7.2
2019-04-13,15.768285499417694,27.7,85.0,0.0,5.2
2019-04-14,19.459639413798097,27.3,86.0,0.0,6.1
2019-04-15,19.493593073321943,27.4,85.0,0.0,7.2
2019-04-16,11.92823353873682,27.9,80.0,2.5,10.4
2019-04-17,0.0,28.3,84.0,5.0,9.4
2019-04-18,0.0,28.2,74.0,0.0,9.2
2019-04-19,0.0,28.2,78.0,0.0,10.9
2019-04-20,0.0,27.9,72.0,0.0,10.5
2019-04-21,0.0,27.9,76.0,0.0,8.1
2019-04-22,0.0,28.1,74.0,0.0,8.5
2019-04-23,0.6574217400503716,28.0,75.0,0.0,10.0
2019-04-24,16.425467911136995,28.0,76.0,0.0,9.2
2019-04-25,20.685109351972248,28.2,76.0,0.0,10.2
2019-04-26,19.800254807989077,27.6,77.0,0.0,9.2
2019-04-27,18.84477709882348,27.7,82.0,0.0,7.8
2019-04-28,24.90857374552347,27.0,82.0,0.0,6.8
2019-04-29,23.078039104398687,27.2,83.0,0.2,5.2
2019-04-30,18.581880461663207,27.2,88.0,32.4,2.1
2019-05-01,16.058357792061916,26.2,89.0,64.6,4.1
2019-05-02,18.358340301036737,26.2,88.0,6.7,7.0
2019-05-03,17.91846313927012,27.7,84.0,0.5,5.5
2019-05-04,19.95323105119969,26.9,84.0,1.0,6.7
2019-05-05,19.937045190771133,28.1,78.0,13.0,6.7
2019-05-06,21.2662037401866,27.6,83.0,0.0,10.7
2019-05-07,20.71296009804216,26.9,74.0,0.0,6.5
2019-05-08,20.81827416001377,26.7,76.0,0.0,10.9
2019-05-09,19.487647400548653,28.0,69.0,0.0,10.8
2019-05-10,18.345133166421967,27.8,73.0,0.0,10.4
2019-05-11,17.19468236327437,26.8,76.0,0.0,10.8
2019-05-12,19.438061326148155,27.8,76.0,0.0,10.7
2019-05-13,16.364259446086212,26.7,80.0,0.0,8.8
2019-05-14,19.32678333845076,27.2,79.0,0.0,7.8
2019-05-15,18.858245419147256,27.5,69.0,0.0,10.1
2019-05-16,18.11778417876356,26.9,71.0,0.0,10.8
2019-05-17,18.917689382833395,26.8,71.0,0.0,10.3
2019-05-18,24.17268070804092,27.1,72.0,0.0,10.8
2019-05-19,24.17042086448509,27.4,73.0,0.0,10.7
2019-05-20,16.295299166133017,27.4,74.0,0.0,10.9
2019-05-21,10.449010334639093,27.6,73.0,0.0,10.8
2019-05-22,9.640284979695036,27.9,72.0,0.0,11.0
2019-05-23,11.939549053385848,27.9,69.0,0.0,10.3
2019-05-24,8.797420085253746,27.7,64.0,0.0,10.2
2019-05-25,8.60802006848022,26.8,72.0,0.0,10.6
2019-05-26,13.237489160738969,27.1,74.0,0.0,9.9
2019-05-27,14.771451716330896,27.7,72.0,0.0,10.3
2019-05-28,10.69656986411618,27.4,72.0,0.0,10.6
2019-05-29,7.996603845601666,27.7,69.0,0.4,8.7
2019-05-30,8.04419719766349,27.1,69.0,0.0,10.5
2019-05-31,4.813122345038946,26.7,69.0,0.0,10.4
2019-06-01,3.9863590695231146,27.5,69.0,0.0,10.5
2019-06-02,3.34832193224009,27.8,70.0,0.0,10.6
2019-06-03,3.654672093282181,27.8,70.0,0.0,10.2
2019-06-04,4.988201487039897,27.5,76.0,0.0,0.8
2019-06-05,2.6467759834899565,27.7,75.0,0.0,6.5
2019-06-06,3.0185245230772657,26.8,74.0,0.0,9.7
2019-06-07,3.075563833169792,26.7,75.0,0.0,10.4
2019-06-08,3.1900714730632487,27.8,72.0,0.0,9.9
2019-06-09,4.222851045817184,27.2,72.0,0.0,10.5
2019-06-10,2.388048085750329,27.3,73.0,0.0,9.7
2019-06-11,1.5540467402653946,27.4,75.0,0.0,10.5
2019-06-12,1.6191203585299894,28.3,69.0,0.0,8.7
2019-06-13,1.6408115646181871,28.5,72.0,0.0,10.4
2019-06-14,1.6408115646181871,28.4,70.0,0.0,5.7
2019-06-15,1.6408115646181871,26.6,72.0,0.0,8.6
2019-06-16,1.6408115646181871,26.0,72.0,0.0,10.6
2019-06-17,1.4852789373084236,26.2,66.0,0.0,10.0
2019-06-18,0.841156478262461,25.4,73.0,0.0,10.6
2019-06-19,0.6881417301543237,25.1,72.0,0.0,10.5
2019-06-20,1.4950726745132237,25.7,73.0,0.0,10.1
2019-06-21,1.1403042597707156,24.8,72.0,0.0,9.7
2019-06-22,0.6337604172354963,25.9,74.0,0.0,10.2
2019-06-23,1.8377101752808924,25.6,70.0,0.0,9.7
2019-06-24,1.001224171493181,25.4,73.0,0.0,9.1
2019-06-25,0.632005340510918,26.3,68.0,0.0,10.1
2019-06-26,0.4427336611484159,25.0,73.0,0.0,9.9
2019-06-27,1.0259396514729069,25.1,71.0,0.0,10.4
2019-06-28,0.5042640186113692,24.8,70.0,0.0,10.1
2019-06-29,0.4713545160223352,24.3,66.0,0.0,10.5
2019-06-30,0.4713545160223352,24.9,68.0,0.0,10.4
2019-07-01,0.4713545160223352,26.1,71.0,0.0,10.0
2019-07-02,0.6117825245497271,27.1,76.0,0.0,10.0
2019-07-03,1.701980877345494,27.5,75.0,0.0,4.7
2019-07-04,1.9762548029321851,27.2,75.0,0.0,3.0
2019-07-05,2.2080342160170745,26.1,79.0,0.0,8.8
2019-07-06,2.351500605965302,24.9,64.0,0.0,10.5
2019-07-07,2.351500605965302,23.6,66.0,0.0,10.6
2019-07-08,3.20750238561184,24.6,72.0,0.0,10.6
2019-07-09,4.129111246833143,25.2,71.0,0.0,10.6
2019-07-10,3.5947009018425646,25.6,71.0,0.0,9.8
2019-07-11,5.161173209032651,25.8,64.0,0.0,9.6
2019-07-12,11.237687357872217,26.1,66.0,0.0,10.6
2019-07-13,11.656339483339936,25.2,64.0,0.0,8.4
2019-07-14,11.656339483339936,25.1,66.0,0.0,10.7
2019-07-15,12.01282567839668,25.2,68.0,0.0,10.4
2019-07-16,16.62367541763831,25.5,69.0,0.0,10.5
2019-07-17,17.023749166434076,25.8,71.0,0.0,10.3
2019-07-18,9.77204364030134,26.4,70.0,0.0,9.8
2019-07-19,12.555551916926332,26.7,72.0,0.0,10.1
2019-07-20,12.444075467350508,27.0,71.0,0.0,3.7
2019-07-21,17.608696647206024,25.7,71.0,0.0,10.5
2019-07-22,17.608696647206024,25.8,68.0,0.0,10.6
2019-07-23,17.608696647206024,25.9,66.0,0.0,10.7
2019-07-24,17.608696647206024,25.4,60.0,0.0,10.7
2019-07-25,17.608696647206024,25.9,67.0,0.0,10.7
2019-07-26,17.608696647206024,25.4,69.0,0.0,10.7
2019-07-27,17.608696647206024,25.7,72.0,0.0,9.9
2019-07-28,17.608696647206024,24.8,72.0,0.0,10.7
2019-07-29,17.608696647206024,25.7,66.0,0.0,10.8
2019-07-30,17.608696647206024,25.4,68.0,0.0,10.8
2019-07-31,17.5629927739169,26.1,68.0,0.0,10.9
2019-08-01,10.28903614039829,26.2,68.0,0.0,10.8
2019-08-02,9.729346205592991,26.3,60.0,0.0,10.5
2019-08-03,9.18178101713026,24.8,67.0,0.0,10.8
2019-08-04,10.354915764225415,24.8,56.0,0.0,10.8
2019-08-05,10.453383111258802,24.5,65.0,0.0,10.8
2019-08-06,10.544801842941018,25.0,68.0,0.0,10.0
2019-08-07,10.010268722197726,25.2,72.0,0.0,10.2
2019-08-08,10.09884482330554,25.5,72.0,0.0,8.8
2019-08-09,13.650958334433158,26.3,66.0,0.0,7.2
2019-08-10,13.661076088889976,26.1,68.0,0.0,8.0
2019-08-11,10.176788618642984,25.6,76.0,0.0,9.6
2019-08-12,11.373398749305778,27.4,73.0,0.0,10.9
2019-08-13,12.56532518793963,27.1,72.0,0.0,10.8
2019-08-14,12.325400877080416,26.6,76.0,0.0,10.5
2019-08-15,13.36042045295746,25.6,64.0,0.0,10.3
2019-08-16,13.845539531276572,26.6,65.0,0.0,10.4
2019-08-17,13.2069674196122,26.3,66.0,0.0,11.2
2019-08-18,12.810138433398407,26.0,67.0,0.0,9.7
2019-08-19,12.749485554057364,26.6,64.0,0.0,9.7
2019-08-20,12.68933940195964,27.4,62.0,0.0,10.0
2019-08-21,12.77471078264172,26.4,61.0,0.0,10.4
2019-08-22,12.744975724105387,26.0,69.0,0.0,9.7
2019-08-23,17.9140178409226,26.8,66.0,0.0,9.5
2019-08-24,12.8233040542502,27.3,66.0,0.0,10.5
2019-08-25,15.075407612402572,27.0,76.0,0.0,9.9
2019-08-26,16.31712182826256,26.1,74.0,0.0,9.4
2019-08-27,14.241346513503649,25.5,72.0,0.0,9.6
2019-08-28,12.929584498231357,26.2,64.0,0.0,9.7
2019-08-29,12.817819359728654,26.0,69.0,0.0,10.6
2019-08-30,13.985728052636288,26.5,60.0,0.0,10.5
2019-08-31,13.857580236895018,26.7,59.0,0.0,10.5
2019-09-01,15.701525059089754,25.9,68.0,0.0,10.5
2019-09-02,14.984971960362314,26.0,70.0,0.0,10.7
2019-09-03,12.26900176704715,25.0,65.0,0.0,10.4
2019-09-04,19.871309450765864,25.0,73.0,0.0,10.7
2019-09-05,16.312022316795787,25.8,71.0,0.0,9.7
2019-09-06,14.879043814483865,26.1,70.0,0.0,9.2
2019-09-07,11.574587770400337,26.7,72.0,0.0,10.0
2019-09-08,13.483482112430147,27.5,67.0,0.0,9.7
2019-09-09,13.47689187078408,26.6,70.0,0.0,7.6
2019-09-10,16.865237465369436,27.2,61.0,0.0,10.4
2019-09-11,15.190343158862364,27.2,58.0,0.0,10.8
2019-09-12,15.895200787148722,25.2,64.0,0.0,10.6
2019-09-13,15.475059064566496,26.7,70.0,0.0,7.8
2019-09-14,16.786569853132587,27.3,67.0,0.0,10.3
2019-09-15,17.655825897801144,26.8,68.0,0.0,10.2
2019-09-16,17.644710500389355,25.8,70.0,0.0,10.5
2019-09-17,16.89338365927747,26.3,76.0,0.0,10.2
2019-09-18,18.24635379048082,27.1,70.0,0.0,9.9
2019-09-19,19.2328128849072,26.5,71.0,0.0,10.4
2019-09-20,20.2076536248124,27.6,70.0,0.0,10.3
2019-09-21,20.911501051176707,26.9,72.0,0.0,10.5
2019-09-22,19.78333974834576,26.8,71.0,0.0,10.3
2019-09-23,20.689829405803327,26.7,72.0,0.0,10.5
2019-09-24,19.651296633358115,27.6,72.0,0.0,10.5
2019-09-25,21.099097759326444,26.7,77.0,0.0,10.5
2019-09-26,20.58970785275083,27.1,74.0,0.0,10.7
2019-09-27,20.236021065888774,27.9,73.0,6.0,9.9
2019-09-28,21.89017519111258,28.3,66.0,0.0,10.4
2019-09-29,20.199352907779154,27.7,70.0,0.0,8.0
2019-09-30,19.85613972608078,28.1,68.0,0.0,10.7
2019-10-01,20.54822443089011,28.7,63.0,0.0,10.8
2019-10-02,13.706018917931674,27.6,74.0,0.0,11.0
2019-10-03,21.074438435092485,27.5,75.0,0.0,11.2
2019-10-04,17.550822025250795,27.9,56.0,0.0,11.1
2019-10-05,17.438773627538236,25.8,73.0,0.0,8.0
2019-10-06,23.18366149914361,27.6,66.0,0.0,11.1
2019-10-07,17.948447530948325,27.7,72.0,0.0,11.1
2019-10-08,17.380582457209425,28.3,68.0,0.0,10.9
2019-10-09,21.33717501719528,27.9,64.0,0.0,11.1
2019-10-10,20.878666648739976,27.6,71.0,0.0,11.0
2019-10-11,20.89374594244756,28.0,74.0,0.0,8.0
2019-10-12,19.90232408009647,28.2,63.0,0.0,11.1
2019-10-13,21.856686679396716,28.7,66.0,0.0,11.0
2019-10-14,21.26985864964321,27.0,62.0,0.0,11.1
2019-10-15,20.189817290582983,28.9,67.0,0.0,10.7
2019-10-16,19.90519914285905,27.5,66.0,0.0,10.7
2019-10-17,18.80350404999258,27.8,64.0,0.0,8.0
2019-10-18,21.959932097832667,28.3,64.0,0.0,11.3
2019-10-19,21.0243424219944,28.6,68.0,0.0,11.5
2019-10-20,17.906924467497614,28.1,71.0,0.0,11.7
2019-10-21,19.966500166305728,28.9,70.0,0.0,11.4
2019-10-22,21.400422022079702,27.6,71.0,0.0,11.5
2019-10-23,20.72619463564379,28.2,65.0,0.0,11.5
2019-10-24,20.00548768377025,27.8,69.0,0.0,11.3
2019-10-25,18.512671468665225,29.1,66.0,0.0,11.5
2019-10-26,20.01414625588847,28.9,69.0,0.0,11.1
2019-10-27,20.1284370130319,29.2,66.0,0.0,11.2
2019-10-28,19.227586559347348,29.2,68.0,0.0,10.4
2019-10-29,15.037957119249098,27.9,68.0,0.0,7.4
2019-10-30,14.465057750891557,29.5,68.0,0.0,10.9
2019-10-31,14.970517449706913,29.7,68.0,0.0,10.8
2019-11-01,19.09090976362313,29.3,69.0,0.0,9.6
2019-11-02,20.69671581169666,27.7,78.0,0.0,8.2
2019-11-03,19.45338352967598,29.2,74.0,34.1,6.5
2019-11-04,20.1080278684954,28.9,70.0,0.0,8.8
2019-11-05,20.02031775998495,28.1,70.0,0.0,9.3
2019-11-06,19.37204984962532,27.8,76.0,0.0,11.1
2019-11-07,21.759563334879235,29.0,70.0,0.0,11.6
2019-11-08,19.195614402334105,29.6,70.0,0.0,11.3
2019-11-09,18.13705147414233,29.9,70.0,0.0,9.1
2019-11-10,20.33332512249832,29.9,68.0,0.0,10.2
2019-11-11,18.44926111286085,29.7,75.0,4.5,11.0
2019-11-12,19.45273748754355,29.7,73.0,0.0,10.8
2019-11-13,19.80094099018924,29.1,77.0,0.0,11.4
2019-11-14,20.315205420672097,28.7,74.0,0.0,9.2
2019-11-15,19.986019995631725,28.3,70.0,0.0,11.8
2019-11-16,21.726491967097747,28.7,74.0,0.0,7.2
2019-11-17,19.4492020942531,29.8,68.0,0.0,11.5
2019-11-18,20.62656716542762,30.3,66.0,0.0,11.9
2019-11-19,21.40316461564268,29.0,76.0,0.0,11.4
2019-11-20,20.56541563123773,28.5,75.0,0.0,8.9
2019-11-21,20.26317300561881,29.0,73.0,0.0,9.1
2019-11-22,21.134288977618265,29.0,77.0,0.0,9.9
2019-11-23,20.48172051440973,29.0,77.0,9.45,9.7
2019-11-24,18.69510818907119,29.2,72.0,18.9,9.5
2019-11-25,21.396575208654607,29.0,72.0,0.0,8.8
2019-11-26,21.091132072671524,28.4,70.0,0.0,8.2
2019-11-27,20.611326465572404,29.0,75.0,0.0,11.5
2019-11-28,20.56072350300925,28.6,74.0,0.0,8.9
2019-11-29,19.814483173386705,29.7,73.0,0.0,9.1
2019-11-30,20.664279276826303,28.9,76.0,0.0,9.4
2019-12-01,20.661807179399577,29.4,76.0,0.0,8.5
2019-12-02,21.71846480524512,28.7,69.0,0.0,11.5
2019-12-03,20.074418334375626,29.3,72.0,0.0,11.2
2019-12-04,18.69655907899263,29.7,72.0,0.0,11.4
2019-12-05,18.64779506827967,29.5,76.0,0.0,3.0
2019-12-06,21.158256663478248,28.6,80.0,1.5,9.1
2019-12-07,25.186269762056018,29.0,75.0,0.0,11.1
2019-12-08,18.70723922320307,30.0,75.0,0.0,9.4
2019-12-09,22.518093938824165,29.1,70.0,0.0,11.9
2019-12-10,22.22404398228042,29.3,68.0,0.0,9.6
2019-12-11,19.05674707838248,27.8,81.0,1.8,10.1
2019-12-12,18.20674712940628,28.1,76.0,6.2,9.7
2019-12-13,20.95965645885881,28.5,76.0,11.5,8.9
2019-12-14,19.707828765375027,29.1,76.0,0.0,7.5
2019-12-15,18.650234427046247,27.4,84.0,1.8,9.7
2019-12-16,19.291048469604707,27.4,82.0,0.4,6.5
2019-12-17,19.37301676694601,28.2,81.0,11.0,6.9
2019-12-18,19.654964055354917,28.1,82.0,1.5,7.3
2019-12-19,19.716180602110803,28.1,81.0,14.3,9.9
2019-12-20,19.40160980495365,28.0,77.0,0.0,8.4
2019-12-21,18.87334982901437,27.4,82.0,9.15,9.4
2019-12-22,18.367224292522817,28.1,80.0,18.3,9.2
2019-12-23,16.841303810762422,28.7,77.0,1.4,8.2
2019-12-24,19.08898728254238,27.9,82.0,1.7,9.0
2019-12-25,18.06202254460067,26.8,85.0,2.0,8.1
2019-12-26,20.27210684389172,27.1,84.0,39.6,7.0
2019-12-27,17.81015436222129,28.5,78.0,24.05,7.6
2019-12-28,16.48151293662066,29.4,78.0,8.5,9.8
2019-12-29,14.89708116790387,27.4,86.0,0.0,10.5
2019-12-30,12.328467564730875,27.8,82.0,1.3,5.8
2019-12-31,13.766398244108656,27.7,82.0,0.9,6.9
2020-01-01,16.02468899291824,26.5,89.0,0.5,9.0
2020-01-02,15.99541923258736,26.7,86.0,5.5,4.1
2020-01-03,16.90071078010951,26.7,89.0,40.35,1.6
2020-01-04,16.1476592340528,26.5,94.0,75.2,2.7
2020-01-05,13.884151768132597,27.3,88.0,39.8,0.0
2020-01-06,8.366143076723537,27.2,87.0,8.1,3.4
2020-01-07,3.5462552969246937,27.3,86.0,8.3,7.8
2020-01-08,1.4783362559473332,25.8,90.0,8.5,6.1
2020-01-09,1.642189096393033,27.9,82.0,64.4,4.4
2020-01-10,1.3627952026598358,27.6,76.0,0.0,9.0
2020-01-11,1.1568267538878094,26.8,74.0,0.0,11.2
2020-01-12,1.1555977612517092,27.9,82.0,1.2,7.6
2020-01-13,1.13491815457055,26.7,86.0,0.7,1.7
2020-01-14,1.2297342762772083,27.6,85.0,0.2,3.6
2020-01-15,1.2662144288730468,27.5,84.0,23.8,7.0
2020-01-16,1.3505805560681765,27.7,81.0,26.1,7.3
2020-01-17,1.6461018842486412,27.4,75.0,1.4,7.7
2020-01-18,1.611321133331563,27.0,77.0,0.0,10.8
2020-01-19,1.8516998362877,27.3,80.0,3.8,10.2
2020-01-20,1.7463314343193683,27.6,79.0,1.9,9.1
2020-01-21,1.6784642079601022,28.0,83.0,0.0,10.3
2020-01-22,1.6468297180177995,27.7,81.0,0.0,11.6
2020-01-23,1.505276677234603,27.8,80.0,0.0,9.7
2020-01-24,1.4189195308643114,27.2,86.0,34.8,9.2
2020-01-25,1.4993035716786085,27.5,82.0,8.4,9.2
2020-01-26,1.3646205069154458,28.5,76.0,0.0,11.1
2020-01-27,1.538279301572688,28.6,80.0,0.0,11.6
2020-01-28,1.5035735996007606,28.9,78.0,0.0,11.9
2020-01-29,1.4375908820585328,28.8,81.0,0.0,9.0
2020-01-30,1.461302239517412,27.4,88.0,1.5,10.0
2020-01-31,1.452420917412632,28.3,80.0,0.5,4.4
2020-02-01,1.3945104271600692,26.7,88.0,0.0,4.1
2020-02-02,1.1859415719145276,26.7,84.0,12.5,7.1
2020-02-03,1.3998229131574382,26.9,78.0,0.0,6.0
2020-02-04,1.4602488550014685,27.9,75.0,0.0,10.4
2020-02-05,1.5111253405752156,27.2,76.0,0.0,10.7
2020-02-06,1.4965086666523142,27.7,82.0,0.0,11.1
2020-02-07,1.3903947562380334,27.8,84.0,0.0,10.4
2020-02-08,1.3237613676937106,27.0,89.0,56.2,3.1
2020-02-09,1.3942868319899069,26.6,86.0,0.0,4.7
2020-02-10,1.4229950570254637,26.9,86.0,2.1,0.0
2020-02-11,1.311204974988517,26.0,90.0,2.6,7.8
2020-02-12,1.5021056535807933,26.8,86.0,8.7,4.1
2020-02-13,1.146080628854017,26.5,88.0,0.0,10.1
2020-02-14,1.46928385865482,27.0,86.0,6.4,7.4
2020-02-15,1.4734192733748246,27.4,83.0,0.0,7.1
2020-02-16,1.3789466592888755,27.3,84.0,0.5,7.9
2020-02-17,1.2386225739729155,26.6,87.0,0.8,9.1
2020-02-18,1.5299248545486028,26.9,86.0,1.1,5.8
2020-02-19,1.42740746285363,26.5,87.0,0.0,7.9
2020-02-20,1.4015591626209722,26.4,92.0,17.6,5.8
2020-02-21,1.1783190408741055,26.7,91.0,27.5,0.0
2020-02-22,1.1617714194341178,27.0,90.0,2.8,4.0
2020-02-23,1.2810590911237063,26.9,88.0,14.1,5.7
2020-02-24,1.3568118433181775,27.2,85.0,8.8,10.4
2020-02-25,1.4362996132973471,27.4,86.0,3.5,10.4
2020-02-26,1.5844503487021218,27.5,88.0,0.1,10.4
2020-02-27,1.5062432374455506,27.3,88.0,0.0,8.1
2020-02-28,1.4991452667956813,27.4,86.0,0.8,8.7
2020-02-29,1.445323873299207,27.3,91.0,18.6,9.8
2020-03-01,1.5479785361593976,27.2,92.0,33.0,4.0
2020-03-02,1.583045670284035,27.2,87.0,5.0,1.6
2020-03-03,1.4558489088628015,27.0,89.0,6.4,5.2
2020-03-04,1.4386276708927437,26.6,90.0,8.4,8.5
2020-03-05,1.4286693791990224,26.3,88.0,20.6,1.5
2020-03-06,1.3846631475847462,26.1,90.0,58.0,6.4
2020-03-07,1.4430184458121185,26.2,91.0,4.8,0.6
2020-03-08,1.3055500342480488,26.3,88.0,3.0,2.1
2020-03-09,1.1790673058750385,26.5,87.0,1.9,4.1
2020-03-10,1.251562538739008,27.9,84.0,14.15,5.5
2020-03-11,1.294886766895477,27.6,88.0,26.4,6.7
2020-03-12,1.2684201417928835,27.2,86.0,0.0,6.2
2020-03-13,1.3377518982441006,26.2,89.0,0.3,5.9
2020-03-14,1.4135267166143526,26.7,85.0,11.2,3.4
2020-03-15,1.35423156548665,27.6,82.0,1.5,2.8
2020-03-16,1.3583656670312836,26.6,84.0,0.0,10.1
2020-03-17,1.3318186054321564,27.1,83.0,34.8,5.8
2020-03-18,1.3177018875199458,27.4,80.0,0.0,7.2
2020-03-19,1.30437109162107,28.2,79.0,6.1,10.7
2020-03-20,1.3234710414028066,27.8,77.0,0.0,11.4
2020-03-21,1.271074889875015,27.8,79.0,0.0,9.9
2020-03-22,1.3947713637332668,27.2,86.0,39.2,10.2
2020-03-23,1.2827353636433216,26.5,86.0,0.3,7.7
2020-03-24,1.410586872773918,27.7,83.0,27.2,7.1
2020-03-25,1.3804208280133734,27.9,80.0,8.4,9.7
2020-03-26,1.3609779389969676,27.7,83.0,0.0,9.8
2020-03-27,1.3767175064473631,27.5,84.0,0.0,8.5
2020-03-28,1.5984952660678031,28.0,78.0,1.0,3.2
2020-03-29,1.505860377388207,28.2,84.0,0.0,6.9
2020-03-30,1.5103957654976898,27.6,84.0,3.0,7.6
2020-03-31,1.4996130592473376,28.3,81.0,4.0,10.7
2020-04-01,1.5778641505470798,28.0,83.0,2.0,10.5
2020-04-02,1.500013587938955,28.3,80.0,0.0,9.8
2020-04-03,1.7460683683396026,28.5,83.0,0.6,10.6
2020-04-04,1.6154145094938868,27.5,88.0,0.7,10.8
2020-04-05,1.5340784814546222,27.2,87.0,2.1,9.2
2020-04-06,1.5655107990843276,27.3,84.0,1.05,2.6
2020-04-07,1.4958090279200569,27.0,84.0,0.0,8.2
2020-04-08,1.6023222888202389,26.9,86.0,0.75,7.6
2020-04-09,1.599253415723087,27.2,82.0,1.5,5.3
2020-04-10,1.5268154361855946,26.9,84.0,0.0,9.5
2020-04-11,1.4795559134784828,26.1,85.0,2.7,8.3
2020-04-12,1.3112316558669612,26.4,80.0,3.4,5.0
2020-04-13,1.3743910783522644,27.2,80.0,0.0,5.0
2020-04-14,1.4454494243131255,27.2,86.0,0.7,10.1
2020-04-15,1.6561092958223298,27.4,84.0,1.3,8.3
2020-04-16,1.5821058059679771,28.5,78.0,0.0,8.6
2020-04-17,1.6470632047900866,27.8,84.0,0.0,5.5
2020-04-18,1.6253913900457848,27.7,83.0,0.0,8.7
2020-04-19,1.675351179898538,27.2,84.0,0.0,9.8
2020-04-20,1.6683831063223324,27.7,83.0,12.4,8.2
2020-04-21,1.4733905257796795,28.4,74.0,0.0,10.4
2020-04-22,1.4983705844892112,28.8,76.0,0.0,10.7
2020-04-23,1.4126942492204444,28.3,72.0,0.0,10.6
2020-04-24,1.5305814211599396,28.4,72.0,0.0,10.8
2020-04-25,1.4971196893156822,28.6,73.0,0.0,10.4
2020-04-26,1.532572370028339,28.5,74.0,0.0,7.0
2020-04-27,1.4734514793213214,27.9,74.0,0.0,7.8
2020-04-28,1.4256201828039687,28.0,74.0,0.0,9.8
2020-04-29,1.437729969441353,27.5,74.0,0.0,9.3
2020-04-30,1.4432515662039789,28.0,64.0,0.0,8.9
2020-05-01,1.5011625737093697,27.6,75.0,0.0,10.0
2020-05-02,1.5006362778827007,28.4,72.0,0.2,7.0
2020-05-03,1.448200433667444,28.2,73.0,0.0,9.5
2020-05-04,1.5114639076238712,28.4,75.0,0.0,10.8
2020-05-05,1.7508242154775573,29.1,72.0,0.0,9.1
2020-05-06,3.2664875714256447,28.9,70.0,0.0,8.7
2020-05-07,4.552534783491069,29.3,74.0,0.0,10.5
2020-05-08,5.106348173647992,29.3,73.0,0.0,8.4
2020-05-09,10.186978559754104,28.2,67.0,0.0,9.2
2020-05-10,13.048237548262884,27.5,72.0,0.0,10.7
2020-05-11,12.690637696151056,27.6,72.0,0.0,10.6
2020-05-12,15.291632068757286,28.3,68.0,0.0,9.7
2020-05-13,7.137406243176727,28.6,68.0,0.0,10.7
2020-05-14,3.729545034555695,28.0,71.0,0.0,10.4
2020-05-15,9.26507636693629,28.1,71.0,0.0,10.6
2020-05-16,8.021479013853826,28.7,72.0,0.0,9.4
2020-05-17,6.653122607107794,28.8,74.0,0.0,8.9
2020-05-18,7.283145198627118,29.2,74.0,0.0,9.1
2020-05-19,7.500143535730026,27.3,87.0,0.4,8.9
2020-05-20,8.239402004426784,26.7,86.0,0.8,0.4
2020-05-21,9.083914849265158,27.4,81.0,1.2,0.2
2020-05-22,9.419688663339498,27.0,85.0,3.0,7.5
2020-05-23,10.214471319077097,26.6,89.0,1.2,4.6
2020-05-24,8.271252227655243,27.5,86.0,15.0,5.4
2020-05-25,9.468800147350787,27.5,87.0,0.5,8.5
2020-05-26,14.935737725537392,28.1,84.0,0.0,5.9
2020-05-27,14.89914991299436,27.6,86.0,8.4,8.9
2020-05-28,15.03125913963862,28.0,82.0,0.0,7.5
2020-05-29,10.720656569263731,27.4,86.0,35.5,8.1
2020-05-30,14.2142894947987,28.2,82.0,31.9,7.8
2020-05-31,10.578338477918685,28.2,78.0,0.0,9.1
2020-06-01,14.959813992734324,27.6,75.0,0.0,10.5
2020-06-02,15.6695629324403,27.6,74.0,0.0,10.7
2020-06-03,13.325155416541923,27.4,71.0,0.0,10.2
2020-06-04,11.011234590128874,26.7,75.0,0.0,10.7
2020-06-05,9.644061137417957,27.1,72.0,0.0,10.8
2020-06-06,11.009310413762435,26.9,76.0,0.0,10.8
2020-06-07,11.317485083899747,26.2,79.0,0.0,8.6
2020-06-08,10.588543563842046,27.0,74.0,0.0,7.8
2020-06-09,10.55502720250695,26.5,74.0,0.0,11.1
2020-06-10,10.855183629159788,26.1,78.0,0.0,9.9
2020-06-11,11.754315925453517,26.5,79.0,0.0,10.3
2020-06-12,11.2510813295969,27.1,78.0,0.0,10.8
2020-06-13,11.77622165032506,28.0,77.0,0.0,10.2
2020-06-14,10.588560374126406,28.0,80.0,0.0,6.6
2020-06-15,10.557109702759552,28.3,71.0,0.0,4.4
2020-06-16,11.341866000920517,27.2,74.0,0.0,10.9
2020-06-17,11.56284871970552,28.0,69.0,0.0,10.3
2020-06-18,11.190322599182538,27.9,69.0,0.0,10.2
2020-06-19,11.04093838030444,27.8,70.0,0.0,10.6
2020-06-20,11.181938299461397,27.4,70.0,0.0,10.1
2020-06-21,10.412560686532798,27.8,68.0,0.0,8.7
2020-06-22,10.348478126685828,27.4,72.0,0.0,6.9
2020-06-23,10.827914912260509,27.1,67.0,0.0,10.9
2020-06-24,11.14799601078106,27.9,62.0,0.0,10.8
2020-06-25,11.097323336756332,26.5,71.0,0.0,10.6
2020-06-26,11.18566394505618,27.0,71.0,0.0,9.9
2020-06-27,11.813480372004864,26.3,77.0,0.0,9.5
2020-06-28,13.082491048921028,27.0,74.0,0.6,6.4
2020-06-29,12.809160952380898,26.5,68.0,0.0,9.8
2020-06-30,13.4469620817271,26.9,71.0,0.0,6.5
2020-07-01,12.971442464872654,26.3,74.0,0.0,10.0
2020-07-02,13.05270978857464,26.6,70.0,0.0,10.7
2020-07-03,13.345812080326702,26.4,69.0,0.0,10.9
2020-07-04,14.464320808901066,27.3,70.0,0.0,10.6
2020-07-05,15.95317315582682,27.0,73.0,0.0,9.2
2020-07-06,14.862645098649084,27.4,70.0,0.3,5.8
2020-07-07,14.56695361519624,27.1,71.0,0.0,2.3
2020-07-08,14.372569503261998,27.2,69.0,0.0,10.7
2020-07-09,13.894318745700042,27.3,72.0,0.0,10.8
2020-07-10,14.783205667198644,26.7,68.0,0.0,10.7
2020-07-11,17.263441746683558,26.7,73.0,0.0,8.8
2020-07-12,14.282855474272903,27.0,70.0,0.0,8.5
2020-07-13,14.358506226676113,27.0,72.0,0.0,10.1
2020-07-14,13.385477899804949,27.5,68.0,0.0,9.1
2020-07-15,13.348786266192429,27.1,63.0,0.0,8.1
2020-07-16,14.87573676454008,26.3,70.0,0.0,10.7
2020-07-17,16.61523980098537,26.5,74.0,0.0,10.5
2020-07-18,14.652002661928526,27.6,72.0,0.0,8.9
2020-07-19,15.373443493390978,27.3,75.0,0.0,8.4
2020-07-20,13.680162463309973,27.8,74.0,0.0,7.7
2020-07-21,13.928769019026292,26.8,73.0,0.0,9.6
2020-07-22,14.33188820450288,27.1,70.0,0.0,10.8
2020-07-23,17.740804423677286,26.5,70.0,0.0,9.7
2020-07-24,15.849486298558714,25.8,66.0,0.0,10.8
2020-07-25,17.16968997215526,27.39264264264264,10.7,0.0,10.75
2020-07-26,17.359546578328906,25.6,68.0,0.0,10.7
2020-07-27,15.84415336083142,26.1,68.0,0.0,9.5
2020-07-28,18.5657406045454,25.7,70.0,0.0,10.6
2020-07-29,21.46297528695068,25.2,68.0,0.0,10.5
2020-07-30,24.65483503134247,26.1,68.0,0.0,10.5
2020-07-31,22.13253422005349,26.2,69.0,0.0,10.7
2020-08-01,22.321024755943967,25.7,70.0,0.0,10.7
2020-08-02,24.86050323414427,25.1,71.0,0.0,10.7
2020-08-03,22.376926388820547,25.6,75.0,0.0,10.6
2020-08-04,21.35849286385894,26.5,75.0,0.0,9.8
2020-08-05,22.05521355370428,26.2,73.0,0.0,9.6
2020-08-06,20.27209176812661,26.6,70.0,0.0,8.0
2020-08-07,23.38619535941878,25.3,76.0,0.0,9.2
2020-08-08,22.29116990695866,25.6,78.0,0.0,7.2
2020-08-09,20.991979796177887,26.6,76.0,0.0,10.5
2020-08-10,21.35453442658591,27.0,78.0,0.0,10.4
2020-08-11,20.901586293296912,27.5,77.0,0.0,9.7
2020-08-12,20.213377350479508,28.3,77.0,0.0,10.4
2020-08-13,21.36734774100316,27.9,72.0,0.9,10.3
2020-08-14,24.54614288933749,26.9,77.0,0.0,5.1
2020-08-15,23.724747730008584,27.3,78.0,0.0,8.1
2020-08-16,23.420590432406232,27.0,70.0,0.0,10.6
2020-08-17,24.01307522397724,27.6,70.0,0.0,10.2
2020-08-18,18.121160949240885,27.6,65.0,0.0,10.5
2020-08-19,19.054022171366206,27.0,68.0,0.0,10.2
2020-08-20,18.941219100323064,27.1,68.0,0.0,9.7
2020-08-21,18.573980809227287,27.3,68.0,0.0,10.2
2020-08-22,17.918657568305218,27.6,64.0,0.0,10.6
2020-08-23,18.214945542654565,27.3,66.0,0.0,10.5
2020-08-24,17.01090484885569,27.0,74.0,0.0,10.9
2020-08-25,17.372928319533724,27.6,70.0,0.0,10.6
2020-08-26,18.798444914476185,27.5,60.0,0.0,10.9
2020-08-27,17.688059514015237,27.3,66.0,0.0,10.2
2020-08-28,18.09414138105767,27.4,70.0,0.0,10.6
2020-08-29,18.85693323279301,27.9,58.0,0.0,10.5
2020-08-30,19.20979805800606,27.6,57.0,0.0,9.5
2020-08-31,17.757428695022806,27.9,62.0,0.0,10.6
2020-09-01,15.29676962848143,28.5,72.0,0.0,10.2
2020-09-02,12.728091982580125,28.7,69.0,0.0,9.8
2020-09-03,15.70713860669802,28.8,69.0,0.0,9.0
2020-09-04,15.122520791026751,29.8,57.0,0.0,10.1
2020-09-05,14.506233314405565,28.1,71.0,0.0,10.9
2020-09-06,13.595289730483728,28.5,70.0,0.0,10.6
2020-09-07,10.89532537026898,28.8,61.0,0.0,9.8
2020-09-08,11.49259443151672,28.2,71.0,0.0,10.8
2020-09-09,11.7319074240314,27.7,71.0,0.0,10.3
2020-09-10,11.407637074986209,28.1,66.0,0.0,10.5
2020-09-11,11.16166682497556,28.9,60.0,0.0,10.9
2020-09-12,11.286836025678497,28.1,68.0,0.0,10.7
2020-09-13,11.800094360949878,28.4,55.0,0.0,10.6
2020-09-14,9.736783485098908,27.3,65.0,0.0,10.6
2020-09-15,5.529216086162162,27.9,64.0,0.0,9.0
2020-09-16,2.688036777817965,27.8,72.0,0.0,8.8
2020-09-17,1.5299634126825463,28.0,70.0,0.0,8.4
2020-09-18,1.4677755473098175,28.8,69.0,0.0,10.0
2020-09-19,1.5527793190354924,28.6,72.0,0.0,10.0
2020-09-20,1.531427476999652,29.2,72.0,0.0,10.5
2020-09-21,1.601710055937982,29.7,68.0,0.0,10.0
2020-09-22,1.561818825218564,30.0,59.0,0.0,6.8
2020-09-23,1.5935623969503083,29.6,63.0,0.0,10.7
2020-09-24,1.4727313346421331,28.4,73.0,0.0,10.8
2020-09-25,1.4786607348776384,29.6,66.0,0.0,10.1
2020-09-26,1.4540604322505477,29.6,66.0,0.0,10.6
2020-09-27,1.5215312630326492,30.3,62.0,0.0,10.3
2020-09-28,1.507662624977514,29.9,62.0,0.0,10.5
2020-09-29,1.5942486360471495,29.7,64.0,0.0,10.9
2020-09-30,1.5190611931231537,29.2,69.0,0.0,9.3
2020-10-01,1.4939877698272932,29.9,62.0,0.0,9.3
2020-10-02,1.7848354035560448,29.5,66.0,0.0,9.4
2020-10-03,1.6766509073998328,27.7,78.0,0.0,10.9
2020-10-04,1.7690004468077591,29.3,69.0,0.0,10.8
2020-10-05,2.113707672278696,29.6,62.0,0.0,10.1
2020-10-06,1.703748698712223,28.9,66.0,0.0,9.1
2020-10-07,1.5015425087630747,28.2,68.0,0.0,7.6
2020-10-08,1.5475366247707216,29.2,67.0,0.0,8.5
2020-10-09,1.7498430471135078,29.7,68.0,0.0,6.5
2020-10-10,1.7259529258156343,29.2,75.0,0.5,7.4
2020-10-11,1.371022070479432,26.7,84.0,1.0,3.5
2020-10-12,1.3968360375524116,28.8,72.0,23.7,7.7
2020-10-13,1.346280419583865,29.3,68.0,0.0,11.4
2020-10-14,1.3933683328477189,28.7,73.0,0.0,11.1
2020-10-15,3.761676125014149,29.8,71.0,0.0,10.7
2020-10-16,3.827991719801316,29.0,71.0,0.0,10.6
2020-10-17,4.960874496933631,28.1,74.0,0.0,10.9
2020-10-18,4.931261661767768,29.0,71.0,0.0,10.7
2020-10-19,5.426227364696364,29.8,68.0,0.0,10.2
2020-10-20,3.4516037122172256,28.5,72.0,3.2,10.1
2020-10-21,1.525700695444871,27.7,80.0,0.0,11.6
2020-10-22,2.162709002424404,28.1,76.0,0.0,7.2
2020-10-23,1.860619851890079,28.2,77.0,0.0,8.2
2020-10-24,1.5116443783266051,29.4,75.0,0.0,9.7
2020-10-25,1.6583159898552255,28.9,77.0,0.0,10.5
2020-10-26,2.7676460514320773,27.9,80.0,0.0,10.2
2020-10-27,4.028653034431799,26.5,80.0,10.9,7.3
2020-10-28,5.317921131805545,28.5,77.0,21.8,8.5
2020-10-29,4.806126637990555,27.5,82.0,0.0,8.4
2020-10-30,6.229971289364396,27.9,83.0,45.1,8.8
2020-10-31,5.516604957678928,28.4,74.0,22.85,9.2
2020-11-01,3.0250881688623834,28.1,77.0,0.6,2.9
2020-11-02,2.0764245482813437,28.7,78.0,0.0,7.9
2020-11-03,2.061700141819857,28.7,72.0,0.0,9.5
2020-11-04,2.0038164748870377,29.1,74.0,0.0,9.0
2020-11-05,2.001521617420476,28.7,77.0,0.0,8.6
2020-11-06,2.3057815889943574,28.4,77.0,0.0,9.8
2020-11-07,2.486813663337911,28.6,78.0,0.0,11.1
2020-11-08,3.379417617955248,29.4,68.0,0.0,11.1
2020-11-09,3.845481085937384,29.5,74.0,0.0,11.3
2020-11-10,3.2654179137292605,29.2,74.0,0.0,10.4
2020-11-11,2.8883340562054145,29.5,74.0,0.0,8.2
2020-11-12,3.3123482908015505,29.9,72.0,0.0,9.9
2020-11-13,4.387664258813743,29.2,78.0,0.0,10.7
2020-11-14,6.291752218245624,29.9,71.0,0.0,10.2
2020-11-15,6.558302103569013,29.3,75.0,2.5,9.1
2020-11-16,5.92052018759582,30.4,68.0,0.0,9.0
2020-11-17,6.698513004681998,30.8,67.0,0.0,11.8
2020-11-18,6.583389113405303,30.0,71.0,0.0,8.7
2020-11-19,6.6610197492100935,29.2,77.0,2.0,10.5
2020-11-20,6.983388313631092,28.5,81.0,12.5,9.6
2020-11-21,7.235163758533017,29.7,75.0,14.0,7.3
2020-11-22,7.631287450684188,28.3,82.0,3.3,10.5
2020-11-23,7.695111644196718,27.6,85.0,9.7,7.2
2020-11-24,8.449967426497189,27.3,84.0,4.4,6.1
2020-11-25,10.294793231008727,26.9,84.0,2.2,6.4
2020-11-26,10.22236369254238,27.2,82.0,0.1,6.2
2020-11-27,10.07036700750115,26.8,87.0,18.5,4.8
2020-11-28,9.717769432987362,28.2,81.0,4.6,4.5
2020-11-29,10.906769179469936,27.3,86.0,1.0,9.2
2020-11-30,10.188548549105882,27.1,84.0,0.0,6.8
2020-12-01,10.23035930931136,26.9,87.0,0.0,4.4
2020-12-02,9.789150801383354,26.6,87.0,1.8,0.2
2020-12-03,10.61581937874537,27.7,82.0,1.0,3.5
2020-12-04,9.883445410881157,25.3,92.0,0.0,3.8
2020-12-05,9.900384617507529,27.1,85.0,32.5,3.4
2020-12-06,9.662190355267136,26.9,89.0,25.8,5.4
2020-12-07,8.806737894175239,26.8,89.0,5.2,0.1
2020-12-08,9.606584733714309,28.6,84.0,5.7,3.0
2020-12-09,10.018835207997345,26.1,96.0,16.5,4.4
2020-12-10,9.732409115481415,26.6,92.0,68.9,1.3
2020-12-11,9.561920826386404,27.4,90.0,14.7,0.4
2020-12-12,9.483085360793496,25.2,96.0,37.2,3.9
2020-12-13,8.329132513648661,25.7,94.0,35.5,0.4
2020-12-14,10.207179218017302,25.4,90.0,1.0,0.7
2020-12-15,10.433137139904494,25.6,89.0,4.5,5.1
2020-12-16,11.241421118452813,26.1,88.0,1.5,2.5
2020-12-17,10.774164570775875,27.0,84.0,2.0,4.3
2020-12-18,11.257061418502492,27.6,83.0,1.0,6.4
2020-12-19,11.882451510839994,26.3,88.0,0.0,7.5
2020-12-20,11.79653408512354,26.0,89.0,7.6,6.6
2020-12-21,12.159820012797349,28.6,79.0,4.4,4.8
2020-12-22,12.187897428496727,28.0,79.0,0.0,10.4
2020-12-23,12.017222315484126,26.5,86.0,0.0,1.7
2020-12-24,11.983156346976282,26.7,82.0,6.4,7.7
2020-12-25,10.626986844659296,27.3,82.0,0.0,10.0
2020-12-26,12.171313320020955,27.1,78.0,0.0,10.5
2020-12-27,12.239165500177355,27.0,86.0,0.0,9.4
2020-12-28,12.237057985983457,26.9,86.0,3.0,7.3
2020-12-29,12.982203472551175,27.1,82.0,8.5,6.9
2020-12-30,13.228077827813143,26.4,88.0,0.0,8.6
2020-12-31,13.185615010405618,27.0,81.0,9.8,4.3
2021-01-01,13.315265279885834,27.1,83.0,0.0,5.7
2021-01-02,13.261215532264712,27.0,84.0,0.0,3.9
2021-01-03,13.814873690028518,27.6,80.0,0.0,6.4
2021-01-04,13.75093688801671,27.3,83.0,0.0,7.8
2021-01-05,14.170874502128624,26.9,86.0,0.0,7.8
2021-01-06,14.331316096018654,26.1,94.0,38.3,5.3
2021-01-07,14.973090060310392,26.1,90.0,10.7,3.2
2021-01-08,15.757481295592935,26.0,94.0,4.7,1.7
2021-01-09,14.59693906748481,26.5,88.0,14.9,2.4
2021-01-10,13.851356636466404,27.3,87.0,0.0,5.1
2021-01-11,14.515876134936956,27.4,84.0,0.0,7.7
2021-01-12,12.07908962857593,27.6,84.0,0.0,8.6
2021-01-13,8.36313951748918,27.5,85.0,0.0,6.5
2021-01-14,6.921652148816615,27.9,82.0,0.2,8.4
2021-01-15,7.32808636943701,27.4,80.0,0.35,8.2
2021-01-16,7.822609131709207,26.1,86.0,0.5,2.1
2021-01-17,8.748838936791666,26.4,87.0,1.2,4.9
2021-01-18,7.934473647950299,26.0,92.0,20.4,4.7
2021-01-19,7.608458356519908,26.2,89.0,19.1,1.2
2021-01-20,5.596808781059548,27.0,82.0,9.55,1.6
2021-01-21,4.766629641184276,27.1,86.0,0.0,2.1
2021-01-22,4.581434676194548,26.4,88.0,0.0,8.2
2021-01-23,4.8424317466045705,26.1,92.0,31.0,6.0
2021-01-24,4.587325794890111,25.8,90.0,7.2,5.0
2021-01-25,4.782441417022162,25.0,94.0,32.2,4.3
2021-01-26,4.723054853420242,26.3,88.0,4.6,0.6
2021-01-27,4.839068518418222,26.1,89.0,1.2,4.6
2021-01-28,3.7558969137236606,25.9,92.0,6.7,5.7
2021-01-29,1.330892086870692,26.8,89.0,16.3,0.0
2021-01-30,1.2379332395711222,25.8,91.0,18.5,0.0
2021-01-31,1.2149547083701406,25.9,90.0,7.0,0.0
2021-02-01,1.350613791374866,26.2,91.0,0.5,3.6
2021-02-02,1.2792143131374007,26.4,91.0,34.2,3.7
2021-02-03,1.1587831481116802,26.2,93.0,17.0,2.8
2021-02-04,1.1101905724514507,26.3,88.0,61.2,0.0
2021-02-05,1.087057018965957,26.7,89.0,55.6,3.5
2021-02-06,1.087967875097039,25.9,94.0,59.2,2.5
2021-02-07,1.2249086776317804,26.6,90.0,4.4,2.4
2021-02-08,1.3834885885325627,26.2,92.0,5.0,9.6
2021-02-09,1.1532349631920031,26.9,90.0,2.5,5.8
2021-02-10,1.1475977035644662,27.1,89.0,0.0,6.9
2021-02-11,1.1563660630107842,26.7,89.0,1.5,1.8
2021-02-12,1.3246670374035738,27.2,89.0,0.7,6.5
2021-02-13,1.1687245160700177,26.9,84.0,0.5,8.7
2021-02-14,1.154234666890133,27.1,83.0,0.25,8.1
2021-02-15,1.0779507951923115,26.6,85.0,0.0,10.6
2021-02-16,1.107447880188332,26.7,85.0,0.0,9.0
2021-02-17,0.9943665167849528,26.9,88.0,0.0,10.4
2021-02-18,1.102799190406635,26.8,88.0,0.15,8.3
2021-02-19,1.0782277345342657,27.2,85.0,0.3,7.0
2021-02-20,1.18518779729007,25.7,92.0,58.5,8.6
2021-02-21,1.055874460468325,25.0,95.0,20.1,3.7
2021-02-22,1.1174616558201034,26.4,88.0,12.8,2.8
2021-02-23,0.9827067571511344,26.1,88.0,3.3,2.0
2021-02-24,1.068741673292556,25.7,94.0,25.5,8.2
2021-02-25,1.0522978068762334,26.3,95.0,43.7,0.0
2021-02-26,1.1629323959853186,24.9,94.0,30.25,1.2
2021-02-27,1.062482062203478,26.3,89.0,16.8,3.4
2021-02-28,1.034216507614068,26.3,82.0,0.2,1.6
2021-03-01,1.0525395655934875,26.1,83.0,0.0,3.5
2021-03-02,1.0902373245328347,26.1,87.0,1.2,6.5
2021-03-03,1.128372684649409,26.6,88.0,2.4,8.2
2021-03-04,1.0676454311369894,25.9,89.0,0.0,10.1
2021-03-05,1.0642791905699027,26.8,84.0,0.4,4.1
2021-03-06,1.0636935191461878,26.3,87.0,2.0,5.9
2021-03-07,1.1223016050200658,26.5,86.0,0.1,8.1
2021-03-08,1.087310826934962,26.2,89.0,9.2,6.7
2021-03-09,1.1682662158458714,25.0,94.0,21.6,7.0
2021-03-10,1.1106688173862451,25.0,94.0,26.8,3.1
2021-03-11,1.0204002141661594,24.6,94.0,24.0,3.8
2021-03-12,1.0458478641255864,25.9,86.0,8.0,3.8
2021-03-13,1.0108353591413082,25.6,89.0,10.2,4.7
2021-03-14,0.9980564418855584,26.6,85.0,12.4,7.7
2021-03-15,1.0428586188405804,26.8,87.0,0.0,10.4
2021-03-16,1.1361174167619377,27.1,86.0,0.0,8.0
2021-03-17,1.3849675831552293,26.8,80.0,0.0,7.3
2021-03-18,1.5956631066066365,26.7,86.0,0.0,7.7
2021-03-19,1.0529119232160007,26.2,88.0,0.0,7.0
2021-03-20,1.2402383426750463,27.0,90.0,4.8,8.4
2021-03-21,1.1403265317808329,26.4,88.0,0.1,5.3
2021-03-22,1.0970058195588075,26.7,88.0,0.7,4.8
2021-03-23,1.2273353310071449,27.7,84.0,0.0,7.5
2021-03-24,1.149584733001389,28.0,84.0,0.0,7.4
2021-03-25,1.3780278819350158,27.6,82.0,0.0,8.9
2021-03-26,1.1189028723169114,26.7,87.0,15.75,7.7
2021-03-27,1.1830998918583615,26.6,88.0,31.5,5.8
2021-03-28,1.083994683735995,27.1,84.0,0.6,8.1
2021-03-29,1.0577059342568715,28.2,84.0,1.4,1.5
2021-03-30,1.319897267421503,27.9,85.0,1.3,9.3
2021-03-31,1.1285756095104869,26.5,86.0,0.2,6.0
2021-04-01,1.1017653887335346,26.4,91.0,12.9,5.0
2021-04-02,1.0630072198564815,26.1,93.0,44.5,6.6
2021-04-03,1.1114124184266556,27.1,86.0,0.7,0.0
2021-04-04,1.1017914093130596,27.2,85.0,0.0,8.5
2021-04-05,1.0842964308272345,26.8,83.0,0.0,2.9
2021-04-06,1.0397326965913156,25.6,88.0,2.05,0.5
2021-04-07,1.1027326498648902,25.5,90.0,4.1,0.0
2021-04-08,1.051068737525164,26.2,92.0,2.3,0.0
2021-04-09,1.4744981300862026,26.1,88.0,11.1,2.1
2021-04-10,2.0334483909061896,25.7,91.0,0.0,4.6
2021-04-11,4.942744521312469,27.0,86.0,19.3,4.9
2021-04-12,6.301874584692435,27.3,84.0,14.475000000000001,5.6
2021-04-13,4.592346230445496,26.6,82.0,9.65,7.4
2021-04-14,6.238396482030878,27.6,79.0,4.824999999999999,6.5
2021-04-15,3.1486420824310777,28.0,80.0,0.0,10.5
2021-04-16,2.1098327435363564,25.3,90.0,0.0,9.2
2021-04-17,1.880482656284868,27.0,80.0,8.4,7.6
2021-04-18,2.081400673351863,27.5,81.0,0.0,10.0
2021-04-19,1.958450161030651,27.9,74.0,0.0,9.5
2021-04-20,5.66196037724847,26.5,76.0,0.0,10.7
2021-04-21,7.845600257374097,26.3,75.0,0.0,7.4
2021-04-22,7.531120480998116,26.2,75.0,0.0,11.0
2021-04-23,7.41341605245378,25.9,82.0,0.0,8.0
2021-04-24,7.57960903120548,27.1,76.0,0.0,10.5
2021-04-25,8.169504440740166,27.9,78.0,0.0,10.8
2021-04-26,8.395693488829602,27.9,75.0,0.0,10.6
2021-04-27,7.445023431880144,27.6,73.0,0.0,10.0
2021-04-28,7.461610379349907,26.2,76.0,0.0,7.8
2021-04-29,7.804650942292,27.2,78.0,0.0,10.7
2021-04-30,8.766294677781532,26.9,75.0,0.0,8.0
2021-05-01,8.974418016033797,26.7,84.0,0.0,8.0
2021-05-02,9.071061716157214,27.3,79.0,17.0,6.6
2021-05-03,9.698439690290009,27.0,78.0,0.0,10.9
2021-05-04,9.912116851970378,27.2,79.0,0.0,10.4
2021-05-05,10.074504071104032,28.4,77.0,0.0,8.0
2021-05-06,11.056249716704338,28.1,73.0,0.0,8.0
2021-05-07,12.528142379287305,27.0,76.0,0.0,9.7
2021-05-08,11.12719367446018,26.8,82.0,0.0,5.8
2021-05-09,12.370999180851518,27.3,78.0,0.2,5.9
2021-05-10,12.951295653957876,27.7,76.0,0.0,6.9
2021-05-11,13.7406496660534,27.3,76.0,0.0,7.8
2021-05-12,12.02058897749881,27.5,72.0,0.0,10.6
2021-05-13,16.21112053174448,27.6,71.0,0.0,9.9
2021-05-14,11.848038072060268,27.8,74.0,0.0,10.5
2021-05-15,13.91145100037282,27.2,70.0,0.0,8.0
2021-05-16,11.750277445494037,27.4,76.0,0.0,10.6
2021-05-17,11.799673592407183,27.6,77.0,0.0,10.4
2021-05-18,14.6111741283721,27.0,79.0,0.0,7.5
2021-05-19,13.737201879403328,27.3,80.0,0.0,1.6
2021-05-20,14.391897098742511,27.9,78.0,0.0,8.0
2021-05-21,16.372253466860546,27.6,79.0,0.0,6.0
2021-05-22,14.379733003091042,27.2,78.0,0.0,9.3
2021-05-23,16.637958323446867,27.4,81.0,0.0,10.3
2021-05-24,14.949072979614256,27.4,82.0,0.0,10.3
2021-05-25,17.351641227810113,27.5,81.0,0.0,8.5
2021-05-26,15.534669168239237,27.8,76.0,0.0,8.0
2021-05-27,16.151629980787053,28.0,77.0,0.0,10.3
2021-05-28,16.579872578229374,27.4,81.0,0.0,6.3
2021-05-29,18.127820859415063,26.8,79.0,0.0,4.2
2021-05-30,18.342633341666787,27.0,80.0,0.0,8.1
2021-05-31,19.39511930103694,26.8,79.0,0.0,10.0
2021-06-01,19.332246786664644,26.9,81.0,0.0,9.5
2021-06-02,18.979227347272275,27.5,77.0,0.0,10.6
2021-06-03,18.9920990303778,27.8,79.0,0.0,10.8
2021-06-04,19.970510109844657,28.2,78.0,0.0,9.5
2021-06-05,19.89596270138745,27.3,79.0,0.0,10.1
2021-06-06,22.53918481631938,27.6,81.0,0.0,10.8
2021-06-07,20.64742518967052,27.6,80.0,1.2,10.6
2021-06-08,22.72538696468248,27.5,78.0,14.4,10.4
2021-06-09,22.32961641610152,27.1,79.0,0.0,9.8
2021-06-10,24.364482247364027,26.5,81.0,0.0,6.2
2021-06-11,22.90437733900061,26.8,79.0,0.0,9.5
2021-06-12,23.657238399763784,26.7,77.0,0.0,10.2
2021-06-13,22.59721580214085,27.9,76.0,0.0,10.1
2021-06-14,23.815341224282157,27.5,80.0,0.0,10.3
2021-06-15,23.114413362472803,27.8,78.0,0.0,7.8
2021-06-16,23.52323328195696,27.8,79.0,0.0,9.9
2021-06-17,23.470534313373832,27.7,76.0,0.0,8.5
2021-06-18,24.08194755271584,27.3,81.0,0.0,9.0
2021-06-19,24.280592317196227,27.7,75.0,0.0,7.7
2021-06-20,24.95950227948832,27.5,77.0,0.0,10.4
2021-06-21,25.03336188541743,26.6,82.0,0.0,9.4
2021-06-22,25.468852123146576,26.8,80.0,0.0,8.0
2021-06-23,24.30012462790436,26.8,84.0,0.0,8.1
2021-06-24,22.119498491634804,26.8,83.0,1.8,5.7
2021-06-25,21.65820488766701,27.2,82.0,6.3999999999999995,7.3
2021-06-26,21.081990601780724,27.5,81.0,11.0,8.3
2021-06-27,20.76517448274344,27.6,79.0,0.0,10.2
2021-06-28,21.277963558442547,27.9,80.0,0.0,7.3
2021-06-29,20.91999179589956,27.7,72.0,0.0,8.1
2021-06-30,21.124296992245338,26.8,70.0,0.0,10.8
2021-07-01,20.950323686313503,26.6,72.0,0.0,9.1
2021-07-02,21.0125093920398,27.1,71.0,0.0,4.3
2021-07-03,21.22983674086412,27.1,69.0,0.0,9.5
2021-07-04,22.2866359267237,26.8,69.0,0.0,10.4
2021-07-05,21.707932733151925,25.8,70.0,0.0,10.6
2021-07-06,20.89999592497457,25.8,72.0,0.0,10.2
2021-07-07,20.11428119652293,27.0,72.0,0.0,9.9
2021-07-08,20.11428119652293,28.4,67.0,0.0,3.0
2021-07-09,20.15448820063238,27.1,75.0,0.0,5.1
2021-07-10,17.500832396888914,27.6,78.0,0.0,4.0
2021-07-11,17.779621257180704,27.7,74.0,0.0,10.5
2021-07-12,17.55262019455137,26.9,75.0,0.0,10.7
2021-07-13,16.47694309550405,26.8,67.0,0.0,10.7
2021-07-14,17.225120088369398,26.7,65.0,0.0,10.9
2021-07-15,17.292431136797227,26.6,64.0,0.0,10.7
2021-07-16,17.42520858855045,26.7,74.0,0.0,10.5
2021-07-17,16.92320009424733,26.4,73.0,0.0,8.0
2021-07-18,15.19369698524516,26.8,71.0,0.0,4.9
2021-07-19,13.632104178695805,26.8,71.0,0.0,9.0
2021-07-20,13.167329210798076,27.39264264264264,10.6,0.0,9.75
2021-07-21,13.465021219117068,27.5,71.0,0.0,10.5
2021-07-22,12.614462100879916,26.9,75.0,0.0,7.9
2021-07-23,12.96537092015842,26.9,70.0,0.0,10.4
2021-07-24,11.623605149751157,26.7,69.0,0.0,10.5
2021-07-25,8.243415488232161,26.4,65.0,0.0,10.8
2021-07-26,4.18424856652326,25.5,68.0,0.0,10.8
2021-07-27,1.892259177395322,25.2,76.0,0.0,10.2
2021-07-28,1.3599347175875585,26.6,72.0,0.0,10.7
2021-07-29,1.9124963301095643,27.8,70.0,0.0,9.6
2021-07-30,1.9317940943727412,27.4,76.0,0.0,10.6
2021-07-31,2.203208089523082,27.7,72.0,0.0,9.6
2021-08-01,2.0967509898360843,27.6,74.0,0.0,10.4
2021-08-02,2.020458953517599,27.9,74.0,0.0,8.5
2021-08-03,1.968122411118702,28.1,72.0,0.0,8.0
2021-08-04,1.965812942401274,27.5,77.0,0.0,10.1
2021-08-05,1.929606419399084,27.6,72.0,0.0,10.7
2021-08-06,2.3824270140918893,27.7,74.0,0.0,10.6
2021-08-07,1.9192080367377635,27.6,74.0,0.0,10.6
2021-08-08,1.89828699553428,28.6,72.0,0.0,10.1
2021-08-09,1.9109371754483848,27.2,72.0,0.0,9.5
2021-08-10,1.8485900615904225,26.3,78.0,0.0,10.6
2021-08-11,2.5646922812513058,27.1,66.0,0.0,9.9
2021-08-12,1.9108928981995656,28.2,69.0,0.0,10.0
2021-08-13,1.861403561937123,27.7,75.0,0.0,8.9
2021-08-14,2.556783861561602,28.3,73.0,0.0,10.6
2021-08-15,1.726671524812044,28.5,64.0,0.0,10.3
2021-08-16,2.461685354746909,27.6,71.0,0.0,9.8
2021-08-17,1.79743067966655,27.9,69.0,0.0,10.2
2021-08-18,1.8083940783687364,28.6,62.0,0.0,5.2
2021-08-19,1.8373722420986225,27.5,75.0,0.0,8.6
2021-08-20,1.8448593599091463,28.0,74.0,0.0,9.7
2021-08-21,2.5255113212185267,27.6,73.0,0.0,7.6
2021-08-22,4.997430269060322,28.1,68.0,0.0,10.5
2021-08-23,7.511257667092219,27.9,64.0,0.0,10.3
2021-08-24,7.041241660656272,27.2,71.0,0.0,10.6
2021-08-25,4.222709379894803,28.2,64.0,0.0,8.3
2021-08-26,6.093812812015848,28.1,66.0,0.0,10.7
2021-08-27,3.484769915430915,28.3,71.0,0.0,10.8
2021-08-28,2.898119378579837,28.9,69.0,0.0,7.6
2021-08-29,2.7169711474860665,28.5,68.0,0.0,6.2
2021-08-30,2.62111087759368,29.3,66.0,0.0,9.0
2021-08-31,2.638413706325379,27.5,66.0,0.0,10.7
2021-09-01,3.155887542779113,27.6,68.0,0.0,10.7
2021-09-02,2.604215754737952,28.1,70.0,0.0,11.2
2021-09-03,3.960538516591962,27.6,72.0,0.0,10.1
2021-09-04,4.975617761063075,29.1,65.0,0.0,6.4
2021-09-05,6.932066548705819,29.4,66.0,0.0,8.5
2021-09-06,7.07423629574258,28.2,73.0,0.0,7.9
2021-09-07,6.85815209554227,28.3,69.0,0.0,10.2
2021-09-08,7.770751727645721,28.5,65.0,0.0,8.8
2021-09-09,8.634099801413235,28.3,68.0,0.0,10.6
2021-09-10,9.140969013266291,28.5,70.0,0.0,9.2
2021-09-11,9.564113782298548,28.7,73.0,2.1,2.0
2021-09-12,9.7840201836296,27.7,80.0,0.6,0.7
2021-09-13,10.713577398156898,27.3,83.0,0.9,2.7
2021-09-14,9.710048972910998,28.6,77.0,2.0,6.1
2021-09-15,10.242496818013093,27.9,82.0,19.4,10.7
2021-09-16,11.042302726843388,29.1,70.0,0.0,9.7
2021-09-17,10.57066001894753,29.4,69.0,0.0,9.4
2021-09-18,10.85564361746044,29.4,65.0,0.0,8.5
2021-09-19,11.996733671120092,28.2,68.0,0.0,10.5
2021-09-20,11.619559396200202,28.1,75.0,0.0,10.3
2021-09-21,13.260163017968912,28.2,71.0,7.5,2.9
2021-09-22,14.595299246276785,27.9,78.0,15.0,9.4
2021-09-23,13.891029657346236,28.6,73.0,0.0,7.4
2021-09-24,18.963384260426267,27.4,76.0,20.75,2.4
2021-09-25,25.23089570642739,27.4,84.0,41.5,4.0
2021-09-26,18.43070397592778,28.1,72.0,0.0,4.4
2021-09-27,20.052257788164106,28.4,71.0,0.0,8.7
2021-09-28,21.591851341980163,28.9,71.0,0.0,10.7
2021-09-29,20.26453577951334,28.6,74.0,0.0,6.5
2021-09-30,20.54021458393619,27.8,75.0,0.0,10.4
2021-10-01,21.87949852485293,28.4,72.0,0.0,10.6
2021-10-02,19.24343634491466,29.1,74.0,0.0,10.0
2021-10-03,20.869356508438813,29.9,67.0,0.0,10.9
2021-10-04,22.019391056647247,27.4,80.0,0.0,11.0
2021-10-05,20.967747123014718,28.1,74.0,33.1,6.4
2021-10-06,21.983754779045544,27.9,72.0,0.0,8.8
2021-10-07,20.876457666059142,27.9,71.0,0.0,8.9
2021-10-08,22.40101531494885,29.6,68.0,0.0,10.4
2021-10-09,21.68136778046676,30.0,68.0,0.0,11.2
2021-10-10,22.464938062611804,30.5,60.0,0.0,10.5
2021-10-11,22.31600469565564,29.9,66.0,0.0,11.3
2021-10-12,23.27593600950837,28.3,72.0,0.0,11.2
2021-10-13,22.815328941267808,27.3,70.0,0.0,11.6
2021-10-14,23.94743018552875,28.6,73.0,0.0,11.2
2021-10-15,22.5591905703472,28.7,75.0,0.0,8.1
2021-10-16,24.337970128147067,28.7,78.0,0.0,7.5
2021-10-17,22.978904954865808,26.7,88.0,0.0,6.1
2021-10-18,21.6699874139602,28.1,82.0,33.0,6.5
2021-10-19,22.020273988455376,28.2,81.0,0.0,11.2
2021-10-20,22.191701320230848,29.5,76.0,0.0,9.1
2021-10-21,22.76535054982583,29.2,76.0,0.0,9.5
2021-10-22,23.40561863290452,30.1,74.0,0.0,9.8
2021-10-23,22.576628426263497,28.5,72.0,0.0,10.4
2021-10-24,24.8680098612382,27.7,68.0,0.0,10.2
2021-10-25,25.171745708674152,29.0,77.0,0.0,9.8
2021-10-26,26.82615090510373,27.8,84.0,0.0,10.4
2021-10-27,27.273584299034592,27.1,86.0,15.1,7.8
2021-10-28,29.910540623015816,27.5,84.0,5.0,6.6
2021-10-29,28.51484127497493,28.4,82.0,4.5,6.5
2021-10-30,28.23535140059356,29.0,81.0,3.0,10.1
2021-10-31,27.900232445699007,28.2,82.0,6.6,6.0
2021-11-01,27.95671643863713,27.1,88.0,26.2,9.4
2021-11-02,30.048126920183176,26.8,86.0,0.0,5.6
2021-11-03,30.06980693359573,28.6,80.0,1.0,5.1
2021-11-04,28.638597805017167,28.3,85.0,0.2,8.0
2021-11-05,12.80976555946626,27.2,88.0,14.5,6.3
2021-11-06,28.31007420238968,28.2,82.0,35.3,5.1
2021-11-07,28.036835819695728,28.8,81.0,9.8,9.5
2021-11-08,28.03028319899169,27.7,89.0,5.0,11.0
2021-11-09,28.129513305392937,28.3,82.0,1.5,8.8
2021-11-10,29.53595973301725,26.9,89.0,9.1,7.8
2021-11-11,28.61767474007196,26.9,88.0,3.8,7.2
2021-11-12,28.175586909336104,26.3,92.0,42.5,5.3
2021-11-13,33.61163799058362,27.3,83.0,1.0,3.5
2021-11-14,24.163677964808432,26.3,90.0,1.3,1.4
2021-11-15,19.91824833185123,26.9,90.0,7.0,0.5
2021-11-16,15.388007476453842,27.0,86.0,0.0,2.4
2021-11-17,15.169950358266677,27.6,82.0,0.0,5.0
2021-11-18,15.03698028575179,27.8,83.0,0.0,8.9
2021-11-19,15.125785996196536,26.4,88.0,0.5,9.9
2021-11-20,14.012911378771406,25.2,95.0,89.4,4.0
2021-11-21,12.263005974060382,26.4,90.0,29.0,0.8
2021-11-22,12.08522675771539,28.3,82.0,1.3,0.9
2021-11-23,12.576846548420958,27.9,83.0,0.0,9.3
2021-11-24,12.18516602243844,27.5,84.0,0.0,10.2
2021-11-25,12.0335597743738,27.8,82.0,0.0,4.5
2021-11-26,8.374158273607348,27.2,86.0,7.5,5.4
2021-11-27,4.11486224616329,26.4,88.0,36.0,6.6
2021-11-28,1.8606245288572285,26.7,88.0,11.8,5.6
2021-11-29,2.008686015166464,26.9,88.0,2.1,4.9
2021-11-30,1.977515701043904,26.6,89.0,2.4000000000000004,0.6
2021-12-01,1.825352054207812,27.420062705347988,21.1,2.7,0.3
2021-12-02,1.83125839232467,26.2,90.0,41.0,0.0
2021-12-03,1.8667727823554128,27.4,86.0,3.2,5.5
2021-12-04,1.365559215130359,27.8,83.0,0.0,6.9
2021-12-05,1.3903042046740672,26.5,89.0,0.0,7.7
2021-12-06,1.4468378916130762,26.4,91.0,32.2,5.4
2021-12-07,1.3192379290336556,26.8,88.0,9.0,2.3
2021-12-08,1.2377735991143812,28.2,80.0,4.5,1.6
2021-12-09,1.3245613334786326,28.4,79.0,0.0,11.5
2021-12-10,1.2187315501531504,27.9,81.0,0.0,8.0
2021-12-11,1.3266830920154746,27.3,84.0,3.7,8.3
2021-12-12,1.3823037809665406,26.6,88.0,3.1500000000000004,7.5
2021-12-13,1.7558717825092327,26.6,88.0,2.6,7.2
2021-12-14,2.055173678705502,27.8,87.0,3.5,5.6
2021-12-15,1.9833877139934748,28.2,83.0,0.1,6.6
2021-12-16,1.454608409279029,29.0,83.0,0.0,7.5
2021-12-17,1.611376940712696,29.0,81.0,0.0,10.9
2021-12-18,1.5634707652205149,27.4,84.0,0.0,11.6
2021-12-19,1.644513361222331,27.7,87.0,65.2,10.3
2021-12-20,1.4292898959992666,27.3,90.0,2.0,3.3
2021-12-21,1.373313201416475,26.9,87.0,29.8,5.3
2021-12-22,1.358747376640055,28.0,85.0,5.0,5.5
2021-12-23,1.5099446456133785,27.1,82.0,3.5,3.4
2021-12-24,1.5215845313728291,27.7,82.0,2.0,5.6
2021-12-25,1.6203755596279277,26.6,89.0,0.0,8.3
2021-12-26,1.539233760442155,27.4,82.0,14.5,7.0
2021-12-27,1.4148027300490835,27.3,84.0,14.0,6.8
2021-12-28,1.3597377989359067,26.7,87.0,8.4,5.5
2021-12-29,1.3181644704562636,25.7,89.0,24.200000000000003,2.9
2021-12-30,1.3606098448610495,26.7,88.0,40.0,4.8
2021-12-31,1.5816429741389062,26.5,87.0,3.4,4.3
2022-01-01,1.4507183850934098,26.2,88.0,1.0,6.4
2022-01-02,1.613100502211606,26.2,92.0,7.3,1.9
2022-01-03,5.551633699928036,26.2,88.0,0.0,1.1
2022-01-04,11.101932842579956,26.3,87.0,0.4,5.1
2022-01-05,11.346355673415273,25.6,89.0,0.6,4.3
2022-01-06,11.402575930584897,25.9,83.0,2.5,1.1
2022-01-07,8.748359742031102,26.6,81.0,1.25,6.9
2022-01-08,10.289449023647608,27.0,82.0,0.0,9.5
2022-01-09,10.777662249721716,26.3,86.0,0.0,8.6
2022-01-10,10.400823801377266,26.9,84.0,6.6,6.1
2022-01-11,10.528610789187006,26.8,90.0,35.0,5.4
2022-01-12,10.15240938972927,26.8,87.0,7.7,4.3
2022-01-13,11.000852041198629,26.3,88.0,0.0,8.8
2022-01-14,10.8567920649565,26.1,87.0,0.9,5.9
2022-01-15,11.05888057939122,25.7,94.0,22.8,4.0
2022-01-16,10.791281251984058,27.0,89.0,3.6,0.0
2022-01-17,12.302164227145026,26.8,91.0,0.5,1.1
2022-01-18,15.72021249577817,26.3,88.0,22.7,1.4
2022-01-19,12.174776137480402,24.8,95.0,2.2,0.0
2022-01-20,12.554068699351845,24.6,92.0,9.9,3.1
2022-01-21,15.98405080428627,26.7,84.0,11.2,3.8
2022-01-22,17.822425525833985,26.6,84.0,0.0,8.7
2022-01-23,16.355402045004706,27.2,82.0,0.0,7.1
2022-01-24,17.026103043646305,26.9,82.0,0.0,11.5
2022-01-25,16.649137031651975,26.7,83.0,0.0,11.7
2022-01-26,17.32613142592813,26.6,94.0,57.0,10.5
2022-01-27,16.980376915898475,26.3,94.0,26.6,1.9
2022-01-28,16.969225856618294,27.5,85.0,26.0,0.6
2022-01-29,16.54056152614767,26.8,90.0,0.0,8.8
2022-01-30,16.808542754992654,27.0,88.0,0.0,0.0
2022-01-31,16.79440462891091,26.3,88.0,0.0,3.2
2022-02-01,19.057141751718763,25.5,88.0,7.9,6.5
2022-02-02,19.99027467085492,26.9,88.0,15.8,6.6
2022-02-03,18.827616780840177,26.8,83.0,0.0,8.8
2022-02-04,19.09525024952294,26.0,91.0,0.0,9.1
2022-02-05,19.43867847920467,26.7,88.0,6.1,4.7
2022-02-06,19.376053452296105,25.5,96.0,5.4,7.5
2022-02-07,19.99609779929857,26.5,89.0,19.6,6.5
2022-02-08,20.10787328724761,26.3,91.0,8.4,5.1
2022-02-09,18.97297140306725,25.8,90.0,4.4,5.1
2022-02-10,20.28467778469083,26.3,90.0,11.9,6.8
2022-02-11,22.4678946799186,26.9,85.0,4.8,0.8
2022-02-12,20.9668150648306,24.7,95.0,4.6,4.0
2022-02-13,20.559065718013088,25.9,90.0,53.8,1.5
2022-02-14,20.968183957073677,26.1,90.0,4.2,6.4
2022-02-15,21.990141389672846,27.2,85.0,12.1,5.8
2022-02-16,22.01475022437764,27.1,82.0,6.05,10.0
2022-02-17,21.5881066916475,27.5,82.0,0.0,11.8
2022-02-18,21.763647137633345,26.6,84.0,0.0,10.2
2022-02-19,20.876328143484503,27.0,87.0,2.0,10.1
2022-02-20,22.51505186525664,26.9,86.0,0.0,6.0
2022-02-21,21.47263806334448,26.1,88.0,10.2,5.4
2022-02-22,20.748623047562173,26.1,83.0,3.2,0.0
2022-02-23,20.911395853611463,26.7,84.0,0.0,3.2
2022-02-24,21.334340470235365,25.2,92.0,0.0,2.3
2022-02-25,21.82237548973176,25.3,90.0,10.0,2.5
2022-02-26,22.467645503752504,25.8,91.0,2.8,5.4
2022-02-27,20.72643661797385,26.6,89.0,5.2,5.4
2022-02-28,22.46219025232024,27.5,89.0,0.5,7.5
2022-03-01,21.714951811799807,27.5,88.0,2.2,2.4
2022-03-02,22.36501657030489,26.8,94.0,22.7,8.4
2022-03-03,22.36501657030489,26.3,94.0,17.1,1.5
2022-03-04,22.36501657030489,26.9,88.0,16.1,0.2
2022-03-05,22.36501657030489,26.5,88.0,0.0,4.2
2022-03-06,22.36501657030489,26.5,89.0,20.0,7.2
2022-03-07,22.36501657030489,27.5,87.0,4.8,8.85
2022-03-08,22.36501657030489,27.7,87.0,1.0,10.5
2022-03-09,22.36501657030489,27.3,85.0,0.0,5.5
2022-03-10,22.36501657030489,27.2,87.0,1.1,6.1
2022-03-11,22.36501657030489,27.9,87.0,0.4,7.9
2022-03-12,23.919856280987897,27.7,86.0,0.0,8.9
2022-03-13,25.912015983774143,28.2,85.0,0.6,11.0
2022-03-14,25.912015983774143,27.7,85.0,0.4,7.9
2022-03-15,25.912015983774143,28.3,82.0,0.2,9.7
2022-03-16,25.912015983774143,28.7,79.0,0.0,8.1
2022-03-17,25.912015983774143,28.1,85.0,0.0,8.6
2022-03-18,25.912015983774143,27.9,83.0,0.0,9.8
2022-03-19,25.912015983774143,25.9,90.0,0.0,4.3
2022-03-20,25.912015983774143,26.4,92.0,54.4,0.6
2022-03-21,24.26329174429777,26.9,88.0,0.6,3.7
2022-03-22,25.90750097123136,27.1,86.0,0.0,8.8
2022-03-23,25.90750097123136,26.8,86.0,1.2,10.0
2022-03-24,25.90750097123136,27.6,84.0,0.0,7.5
2022-03-25,25.90750097123136,26.4,83.0,0.0,9.1
2022-03-26,21.092119532451274,26.4,86.0,0.8,3.7
2022-03-27,20.704400763061468,26.2,85.0,0.4,7.0
2022-03-28,18.85251416578893,26.0,88.0,0.0,7.9
2022-03-29,18.439799980730484,25.0,89.0,3.3,5.1
2022-03-30,9.20418281984892,27.1,82.0,13.1,4.8
2022-03-31,8.423988343234994,26.6,85.0,0.0,2.7
2022-04-01,8.527511018482054,26.2,88.0,27.4,6.0
2022-04-02,6.131388521142,26.4,86.0,0.2,8.4
2022-04-03,3.8531884538515846,28.0,78.0,0.1,5.5
2022-04-04,1.992618844961176,27.2,82.0,0.0,9.9
2022-04-05,1.9931436436289776,27.0,84.0,0.0,10.7
2022-04-06,2.146924026197856,26.5,88.0,3.2,9.3
2022-04-07,2.811888919888602,28.4,77.0,6.4,9.1
2022-04-08,2.706507498648548,27.4,82.0,0.0,10.4
2022-04-09,2.083652274359085,26.2,84.0,0.0,8.2
2022-04-10,1.925023949731307,25.9,82.0,7.7,9.0
2022-04-11,2.197380674211749,27.6,78.0,15.4,8.3
2022-04-12,2.15474426650829,28.0,74.0,0.0,10.8
2022-04-13,2.266775923745929,28.4,71.0,0.0,8.1
2022-04-14,3.353003153186908,28.1,78.0,0.0,9.8
2022-04-15,2.298288835446877,28.0,80.0,0.0,10.3
2022-04-16,2.245180952101359,27.6,82.0,0.0,8.4
2022-04-17,1.9296382452771847,26.6,86.0,7.4,7.4
2022-04-18,1.8830214246818096,28.0,84.0,2.7,3.3
2022-04-19,2.0671517057292985,26.7,88.0,5.5,4.1
2022-04-20,1.89306847160902,25.2,93.0,11.0,1.7
2022-04-21,2.126844123413653,27.5,79.0,2.9,0.2
2022-04-22,2.278992456592801,28.2,78.0,0.0,10.5
2022-04-23,1.9432816163946611,28.8,76.0,0.0,9.5
2022-04-24,1.680073731320449,28.0,79.0,23.4,10.7
2022-04-25,1.6373202958883393,28.4,72.0,11.7,10.8
2022-04-26,1.5757451123248547,26.7,74.0,0.0,10.1
2022-04-27,3.0209411606273946,27.3,78.0,0.0,10.2
2022-04-28,3.6310712164637806,27.0,80.0,0.0,10.1
2022-04-29,3.2750993585360444,27.8,85.0,0.0,10.4
2022-04-30,3.0546712201945194,28.7,77.0,0.0,10.6
2022-05-01,2.571839398583237,28.3,77.0,0.0,10.8
2022-05-02,2.467696307730911,28.8,74.0,0.0,10.466666666666669
2022-05-03,1.9381310569925745,28.8,72.0,0.0,10.133333333333336
2022-05-04,2.444508886236177,28.7,76.0,0.0,9.8
2022-05-05,2.858167379010355,28.2,82.0,0.0,9.7
2022-05-06,3.984332811073741,27.9,78.0,4.0,5.4
2022-05-07,2.6338268967825997,27.6,83.0,0.0,9.0
2022-05-08,1.9022798530592635,27.1,86.0,0.7,6.6
2022-05-09,1.8325146067134843,27.7,85.0,0.4,7.0
2022-05-10,5.238607667015249,27.5,79.0,10.5,5.7
2022-05-11,8.077174723796793,28.2,78.0,0.0,8.5
2022-05-12,8.10853962718605,28.5,77.0,0.0,10.4
2022-05-13,9.89922477483858,26.9,88.0,0.0,9.0
2022-05-14,4.953644380837441,27.7,81.0,0.0,5.9
2022-05-15,3.833012757911059,27.6,82.0,0.0,10.0
2022-05-16,4.595504495476511,27.9,78.0,0.0,9.6
2022-05-17,5.390834293645153,27.8,80.0,0.0,10.4
2022-05-18,4.230715602239797,27.9,81.0,0.3,5.4
2022-05-19,2.737099351241172,27.8,84.0,0.3,4.9
2022-05-20,5.399973413549399,28.4,80.0,1.5,9.1
2022-05-21,5.389627596626009,27.9,76.0,0.0,9.6
2022-05-22,3.201610301005053,27.4,73.0,0.0,10.7
2022-05-23,3.384179531979264,28.2,72.0,0.0,9.2
2022-05-24,9.015535107864585,28.2,75.0,0.0,10.7
2022-05-25,4.973122942939117,27.1,86.0,0.0,10.0
2022-05-26,3.4984419560309834,27.1,84.0,3.2,7.3
2022-05-27,8.181140519713312,27.1,82.0,0.7,6.7
2022-05-28,8.815285855306168,27.9,79.0,0.0,0.3
2022-05-29,22.37811142424312,27.1,83.0,0.0,8.8
2022-05-30,10.1015507067454,27.4,87.0,1.6,10.1
2022-05-31,9.43839225040175,27.3,84.0,1.0,7.7
2022-06-01,9.744659726693902,27.1,79.0,0.0,10.5
2022-06-02,11.413655904503118,26.8,86.0,1.2,8.6
2022-06-03,11.735388553541991,27.2,81.0,6.1,6.0
2022-06-04,12.418708721195586,27.1,78.0,0.4,8.9
2022-06-05,11.698500461375472,27.5,79.0,0.0,4.1
2022-06-06,9.174254235352445,27.8,78.0,5.1,9.8
2022-06-07,18.520995997909896,26.9,82.0,0.0,9.9
2022-06-08,11.74176723617355,27.4,80.0,24.0,7.9
2022-06-09,13.083229000803966,27.4,82.0,4.9,9.9
2022-06-10,13.784550801772,28.0,78.0,0.0,8.9
2022-06-11,12.486714408408808,28.2,78.0,0.0,9.8
2022-06-12,13.480758832339164,27.8,81.0,0.0,10.1
2022-06-13,13.827412470070128,26.8,82.0,0.0,6.6
2022-06-14,11.74228469346974,27.7,78.0,0.0,8.0
2022-06-15,13.454964945770795,27.3,80.0,0.0,9.4
2022-06-16,13.771896909356007,27.9,76.0,0.0,7.8
2022-06-17,11.907350822680865,28.1,74.0,0.0,8.8
2022-06-18,13.804948021398062,27.5,77.0,0.0,10.6
2022-06-19,14.226622887839978,27.1,79.0,0.0,7.3
2022-06-20,12.010269141922128,28.1,72.0,0.0,4.6
2022-06-21,14.32102863705332,26.5,68.0,0.0,10.1
2022-06-22,14.91766912240572,27.7,70.0,0.0,10.8
2022-06-23,19.82021820714922,27.1,71.0,0.0,10.6
2022-06-24,14.820842465724777,27.3,73.0,0.0,10.4
2022-06-25,14.49350369225312,27.5,74.0,0.0,7.5
2022-06-26,14.639282700927623,27.9,74.0,0.0,8.6
2022-06-27,19.319252320909985,27.2,72.0,0.0,6.1
2022-06-28,19.277635786918594,26.8,78.0,0.0,10.7
2022-06-29,14.101175361312928,26.7,74.0,0.0,7.4
2022-06-30,15.375113555622592,27.5,75.0,0.0,9.7
2022-07-01,16.272628252397013,27.9,69.0,0.0,10.5
2022-07-02,17.665103927200438,28.5,74.0,0.0,5.4
2022-07-03,17.03553547767399,27.7,82.0,0.0,8.3
2022-07-04,18.50537172908355,27.8,80.0,0.0,7.9
2022-07-05,18.708955177781203,27.0,79.0,2.3,9.3
2022-07-06,24.12237117050668,26.2,74.0,1.15,9.6
2022-07-07,19.88606314213804,26.1,67.0,0.0,8.0
2022-07-08,19.737340622749464,24.4,66.0,0.0,9.1
2022-07-09,18.643012428640592,25.6,76.0,0.0,10.5
2022-07-10,19.235552545041973,27.9,72.0,0.0,8.5
2022-07-11,15.514945342624983,27.5,74.0,0.0,9.7
2022-07-12,19.135672013605294,27.3,76.0,0.0,7.4
2022-07-13,15.7818146447463,26.7,72.0,0.0,9.1
2022-07-14,15.855017383063398,26.3,74.0,0.0,10.6
2022-07-15,8.897033268229182,26.4,72.0,0.0,10.6
2022-07-16,9.818467083521808,26.1,78.0,0.0,9.0
2022-07-17,9.298701576264795,27.7,72.0,0.0,4.6
2022-07-18,10.152457278227985,26.2,72.0,0.0,9.4
2022-07-19,10.732140524705398,25.7,71.0,0.0,10.0
2022-07-20,11.107720115146464,25.4,71.0,0.0,8.7
2022-07-21,10.392702219203214,26.9,70.0,0.0,10.4
2022-07-22,10.518166780117244,27.2,69.0,0.0,10.5
2022-07-23,10.03006716394693,26.6,70.0,0.0,10.5
2022-07-24,8.769756143839453,24.8,69.0,0.0,9.4
2022-07-25,9.414443436454798,25.3,68.0,0.0,10.5
2022-07-26,8.227720415669937,26.2,71.0,0.0,10.4
2022-07-27,7.4030001946619635,26.6,70.0,0.0,9.7
2022-07-28,7.117475179165346,25.9,68.0,0.0,11.6
2022-07-29,7.506498130249764,26.4,67.0,0.0,10.9
2022-07-30,7.062177156763295,25.4,72.0,0.0,10.6
2022-07-31,7.972109991761933,25.8,74.0,0.0,10.5
2022-08-01,6.07100037152082,26.6,77.0,0.0,9.0
2022-08-02,4.307166338423461,27.7,72.0,0.0,10.7
2022-08-03,3.8699227023479232,27.5,70.0,0.0,10.0
2022-08-04,3.082769572534811,27.0,64.0,0.0,9.8
2022-08-05,3.51373076611882,26.1,69.0,0.0,10.0
2022-08-06,3.902987563429898,26.4,72.0,0.0,7.4
2022-08-07,3.72905640920893,26.5,71.0,0.0,9.3
2022-08-08,3.945516187161756,27.2,72.0,10.1,9.45
2022-08-09,3.4111973880809425,27.9,72.0,0.0,9.6
2022-08-10,3.0244922776909338,28.0,73.0,0.0,7.0
2022-08-11,2.8502026410884524,27.7,76.0,0.0,8.5
2022-08-12,2.4456334973529184,27.7,75.0,0.0,5.7
2022-08-13,1.814452280394452,27.6,80.0,0.0,10.5
2022-08-14,4.984375941661303,27.5,83.0,3.7,5.4
2022-08-15,9.63692350639202,28.1,67.0,1.85,7.4
2022-08-16,6.477790908906459,26.3,72.0,0.0,10.1
2022-08-17,7.391519802467776,27.3,71.0,0.0,10.3
2022-08-18,4.397388052802722,27.3,72.0,0.0,9.0
2022-08-19,2.8105620682279504,27.3,60.0,0.0,9.7
2022-08-20,3.1165633783354747,26.2,64.0,0.0,10.6
2022-08-21,2.581813312547037,26.1,66.0,0.0,10.7
2022-08-22,4.415642107981849,27.6,62.0,0.0,10.1
2022-08-23,5.669325154035621,26.3,64.0,10.3,10.35
2022-08-24,4.245056249032854,27.3,62.0,0.0,10.6
2022-08-25,2.799614883245056,27.7,64.0,0.0,10.7
2022-08-26,2.652993225192134,27.2,66.0,0.0,10.8
2022-08-27,3.1308252774614616,26.9,73.0,0.0,9.1
2022-08-28,3.736813636674012,27.0,76.0,0.0,9.8
2022-08-29,3.372138812489277,27.4,74.0,0.0,7.4
2022-08-30,2.9337318951182616,28.3,74.0,0.8,8.7
2022-08-31,3.594827903366605,27.7,74.0,0.0,10.0
2022-09-01,3.3486533426524736,28.1,70.0,0.0,9.4
2022-09-02,3.1529621973386472,28.2,72.0,0.0,9.7
2022-09-03,5.450902006593389,28.4,71.0,0.0,10.7
2022-09-04,4.9346275752004525,28.0,73.0,0.0,9.4
2022-09-05,3.9717285734946888,27.1,79.0,0.0,7.2
2022-09-06,4.35190118510991,27.8,77.0,9.6,7.2
2022-09-07,5.173178781376826,27.0,78.0,0.0,7.2
2022-09-08,4.7427251753837485,27.7,77.0,0.2,7.3
2022-09-09,4.722448865788189,27.9,76.0,0.0,9.2
2022-09-10,4.906862924095472,27.8,76.0,0.0,9.9
2022-09-11,6.408194981019655,27.4,74.0,0.0,8.5
2022-09-12,7.406489591764139,27.7,74.0,0.0,10.7
2022-09-13,8.20418368829168,29.1,66.0,0.0,10.8
2022-09-14,7.973920645219091,28.7,67.0,0.0,10.6
2022-09-15,6.933104340675693,28.8,66.0,0.0,9.4
2022-09-16,7.377311083481119,29.3,56.0,0.0,10.3
2022-09-17,8.178176429384605,27.6,67.0,0.0,8.7
2022-09-18,7.817635422786556,27.6,69.0,0.0,8.6
2022-09-19,7.949931326368254,27.6,73.0,0.0,9.4
2022-09-20,8.583927434085656,28.5,68.0,2.7,9.9
2022-09-21,8.625937684276735,28.3,72.0,0.0,7.8
2022-09-22,9.254350474002225,28.6,73.0,9.5,9.9
2022-09-23,8.299997191225644,28.2,73.0,0.0,9.2
2022-09-24,8.88552484634576,28.3,77.0,0.0,8.1
2022-09-25,9.379557048565458,29.0,74.0,0.0,10.7
2022-09-26,8.413887806886315,29.3,66.0,0.1,9.1
2022-09-27,8.084525550599277,29.3,66.0,0.0,10.3
2022-09-28,9.909300671871224,28.4,67.0,0.0,10.9
2022-09-29,12.115409718104344,27.9,78.0,0.0,10.0
2022-09-30,13.496759194217256,27.2,79.0,0.0,6.6
2022-10-01,10.405256545913234,27.4,76.0,0.5,3.3
2022-10-02,8.626768876583919,28.2,72.0,0.0,7.8
2022-10-03,10.20663512477422,26.8,81.0,0.0,8.4
2022-10-04,8.867567274724193,27.4,80.0,1.5,5.4
2022-10-05,10.107792954971556,27.4,82.0,31.5,6.2
2022-10-06,9.318925512484515,27.5,81.0,0.2,8.5
2022-10-07,10.21657106107178,28.5,79.0,39.6,6.8
2022-10-08,10.356996664129037,29.1,75.0,4.8,7.5
2022-10-09,10.723641822751906,29.7,74.0,0.0,9.8
2022-10-10,9.262034387500073,27.6,82.0,0.0,7.1
2022-10-11,9.813471694466289,27.0,87.0,1.5,7.3
2022-10-12,9.483376810541634,27.5,79.0,30.6,5.8
2022-10-13,10.59466902386063,28.6,75.0,0.0,5.2
2022-10-14,9.997017801134758,27.2,81.0,0.1,7.9
2022-10-15,10.87134703627786,28.6,75.0,2.5,7.0
2022-10-16,12.92275171153316,28.6,77.0,1.25,8.6
2022-10-17,12.52346209945349,28.3,80.0,0.0,7.3
2022-10-18,17.369749447581903,27.4,85.0,5.1,5.3
2022-10-19,11.007638701147634,27.2,87.0,6.9,3.9
2022-10-20,10.563711967144028,27.7,86.0,0.8,6.9
2022-10-21,10.454887546631404,28.4,82.0,0.0,10.2
2022-10-22,10.761355528977807,27.6,78.0,0.0,9.1
2022-10-23,10.277139244901775,28.0,76.0,0.0,7.3
2022-10-24,11.387648877856693,28.2,76.0,0.0,8.8
2022-10-25,11.89287443543435,28.3,77.0,0.0,9.8
2022-10-26,12.1578764534693,28.1,76.0,0.0,10.1
2022-10-27,11.287009144079052,27.2,82.0,0.0,8.8
2022-10-28,10.0660063756847,26.2,85.0,0.0,5.1
2022-10-29,11.350372421649944,26.5,69.0,0.8,4.8
2022-10-30,11.299418223578904,27.7,70.0,0.0,9.1
2022-10-31,11.536138469987032,28.6,70.0,0.0,9.4
2022-11-01,10.505071915848209,29.0,69.0,0.0,7.1
2022-11-02,9.371764370338765,27.9,77.0,0.0,8.5
2022-11-03,7.58992231986852,28.4,78.0,6.4,8.7
2022-11-04,7.945756988713679,28.2,80.0,0.0,10.0
2022-11-05,9.364465216211842,27.9,78.0,1.6,7.2
2022-11-06,8.340520834525762,27.7,82.0,0.0,9.4
2022-11-07,8.537961040152018,26.8,83.0,2.2,9.5
2022-11-08,7.737046621855936,26.1,88.0,56.8,2.7
2022-11-09,8.72175984805388,26.9,84.0,48.8,4.1
2022-11-10,9.169170221457968,27.4,80.0,0.0,7.0
2022-11-11,8.08678133271877,28.7,76.0,0.0,7.6
2022-11-12,7.873725399762446,28.8,76.0,0.0,9.1
2022-11-13,8.548956191268895,28.7,76.0,0.0,10.7
2022-11-14,8.205516024772132,28.3,79.0,0.8333333333333334,7.6
2022-11-15,9.06583056136674,27.4,83.0,1.6666666666666667,7.7
2022-11-16,7.662368723259857,27.5,85.0,2.5,8.4
2022-11-17,8.71668794003827,27.8,80.0,13.0,9.7
2022-11-18,7.867591940297292,27.9,78.0,0.0,8.8
2022-11-19,8.232810278691026,25.5,92.0,0.0,1.1
2022-11-20,8.062498847262306,27.3,83.0,12.3,0.2
2022-11-21,5.858975746771804,27.7,87.0,7.9,11.5
2022-11-22,3.796340832654464,26.6,90.0,3.5,5.0
2022-11-23,5.409670518171606,26.1,91.0,11.6,7.6
2022-11-24,4.938831452717186,25.6,93.0,1.7,1.6
2022-11-25,4.357560539651945,26.5,88.0,10.9,3.8
2022-11-26,4.881435652677375,27.4,78.0,5.45,4.9
2022-11-27,4.680917823530046,26.9,85.0,0.0,8.0
2022-11-28,4.601782863971433,26.4,89.0,1.5,7.1
2022-11-29,4.53650836457878,26.0,90.0,3.5,4.0
2022-11-30,4.777686449427835,26.4,86.0,2.5,4.1
2022-12-01,5.981447141364279,26.1,84.0,4.0,6.0
2022-12-02,5.259902216154795,25.6,92.0,23.5,6.3
2022-12-03,5.3672803094252215,26.3,85.0,8.0,2.0
2022-12-04,5.782229693904971,28.0,80.0,23.5,8.0
2022-12-05,5.633348024876419,28.2,81.0,19.5,10.5
2022-12-06,4.817750447535575,29.1,76.0,0.0,10.8
2022-12-07,4.810595096980534,28.5,80.0,0.0,11.3
2022-12-08,5.11319932099803,27.2,80.0,43.8,11.3
2022-12-09,4.858475181482175,28.2,80.0,29.199999999999996,10.2
2022-12-10,4.684865274631748,28.7,75.0,14.599999999999998,9.6
2022-12-11,3.737454003341935,27.5,84.0,0.0,11.8
2022-12-12,2.551797750253916,28.2,74.0,1.0,7.2
2022-12-13,2.0605146511558714,29.1,78.0,0.1,11.5
2022-12-14,1.9676991644707849,28.1,80.0,2.2,10.2
2022-12-15,2.033744418396603,28.4,76.0,0.0,8.5
2022-12-16,2.055395225553072,25.9,88.0,0.0,8.0
2022-12-17,2.026753699240877,26.0,86.0,14.5,2.3
2022-12-18,1.8612524612225592,27.7,79.0,0.4,4.2
2022-12-19,1.9366744752719185,27.1,77.0,1.0,4.5
2022-12-20,1.898279803108874,27.2,73.0,0.0,9.0
2022-12-21,1.8458663838808391,26.9,72.0,0.0,9.8
2022-12-22,1.8666003653265544,28.0,80.0,2.6,9.3
2022-12-23,2.097568932931065,26.8,86.0,1.5,4.5
2022-12-24,1.9387085890364475,26.8,85.0,9.0,0.8
2022-12-25,1.8298325346776396,25.6,90.0,3.3,1.1
2022-12-26,2.1520847843897437,26.3,88.0,7.4,1.1
2022-12-27,2.011638020779262,26.7,88.0,0.6,2.0
2022-12-28,1.9085850720403748,26.2,86.0,5.4,5.1
2022-12-29,1.8355526654680256,26.0,90.0,11.0,7.9
2022-12-30,1.8072098326268184,24.9,94.0,3.6,2.0
2022-12-31,1.890171393591368,28.0,83.0,37.8,0.0
2023-01-01,1.8524697823121867,27.4,85.0,7.3,7.4
2023-01-02,1.9269323563998784,26.3,91.0,16.6,1.9
2023-01-03,1.9162920749512136,26.0,90.0,12.2,3.8
2023-01-04,1.7807517626061748,27.7,82.0,2.6,5.0
2023-01-05,1.8780735203322287,28.5,82.0,2.6,8.7
2023-01-06,1.82198173349386,28.4,78.0,3.1,4.0
2023-01-07,1.8082976606629328,27.8,76.0,0.0,7.2
2023-01-08,1.8093448582266085,26.8,77.0,3.4,8.2
2023-01-09,1.894075534290912,26.2,80.0,0.0,9.7
2023-01-10,1.894570167135682,26.45,78.0,0.0,9.0
2023-01-11,1.786241640885718,26.7,76.0,0.0,9.9
2023-01-12,1.8198017214002933,26.4,78.0,0.0,9.5
2023-01-13,1.832509474513212,27.0,82.0,0.0,9.8
2023-01-14,1.773924525894091,27.2,84.0,0.0,11.3
2023-01-15,1.8562145034293636,27.1,85.0,0.0,11.2
2023-01-16,1.768273023506998,27.0,86.0,1.2,6.3
2023-01-17,1.9964666736679328,26.6,89.0,29.4,4.6
2023-01-18,1.8679284878218927,26.7,86.0,19.6,3.2
2023-01-19,1.9498887901671935,26.7,86.0,9.8,6.1
2023-01-20,1.8682868984554424,26.2,89.0,0.0,6.0
2023-01-21,1.8888778610151975,27.4,81.0,0.9,5.2
2023-01-22,1.9181210607483623,26.7,81.0,0.0,6.0
2023-01-23,1.7603959668549398,27.5,81.0,0.0,8.3
2023-01-24,1.869892403549174,27.1,78.0,0.0,11.2
2023-01-25,1.9089746933602028,25.2,91.0,0.0,10.3
2023-01-26,1.8890397532864427,25.5,91.0,22.2,3.3
2023-01-27,1.8896230984031095,26.4,88.0,52.0,4.5
2023-01-28,1.9515928992765852,25.7,91.0,0.8,3.1
2023-01-29,1.9574076116642505,26.6,89.0,2.5,4.8
2023-01-30,1.8157982920800804,26.7,91.0,0.2,0.8
2023-01-31,1.877524204420051,26.3,90.0,4.4,2.3
2023-02-01,1.8209058841601435,26.0,90.0,17.7,3.8
2023-02-02,1.8556667406437573,25.1,95.0,0.9,1.7
2023-02-03,1.7488342584862018,26.3,89.0,10.2,1.2
2023-02-04,1.878782699944259,25.7,94.0,2.8,1.3
2023-02-05,1.7843010823118106,26.5,88.0,1.9,1.4
2023-02-06,1.736333549541613,27.1,80.0,0.0,1.9
2023-02-07,1.7467438875438646,25.4,92.0,0.0,1.2
2023-02-08,1.7751580542951118,25.6,91.0,65.3,1.7
2023-02-09,1.5912194572828,26.0,91.0,42.9,1.1
2023-02-10,1.828085238905249,26.5,90.0,0.0,1.0
2023-02-11,1.7401435435457693,27.0,89.0,15.1,1.7
2023-02-12,1.6656038683850043,26.6,88.5,0.0,3.2
2023-02-13,1.8813437059346616,26.2,88.0,3.8,5.4
2023-02-14,1.7776644632966627,26.6,85.0,1.9,5.4
2023-02-15,1.9163609619429824,27.0,84.0,0.0,5.5
2023-02-16,1.9353899280174285,26.9,85.0,0.0,2.7
2023-02-17,1.886561189179464,26.8,86.0,0.0,6.5
2023-02-18,1.914349323607783,26.4,88.0,20.7,3.0
2023-02-19,1.8092639098084136,27.1,84.0,0.0,7.9
2023-02-20,1.9148672691622437,27.1,84.0,0.0,8.9
2023-02-21,1.9402673799285683,26.1,88.0,2.4,7.3
2023-02-22,1.8433389249536267,26.7,86.0,3.6,8.0
2023-02-23,1.879875454700878,26.2,89.0,0.0,9.1
2023-02-24,1.9367329536332691,26.1,91.0,0.4,3.7
2023-02-25,1.8483000733437327,25.8,93.0,22.6,6.5
2023-02-26,1.8880805786494683,25.3,93.0,45.0,4.9
2023-02-27,1.8051217119645184,26.2,90.0,3.2,0.9
2023-02-28,1.9566215840714136,26.8,87.0,5.1,8.5
2023-03-01,1.8615166951061848,26.1,90.0,0.0,2.8
2023-03-02,1.8916564191691376,25.1,92.0,19.3,1.4
2023-03-03,1.4970036381179632,26.2,90.0,8.9,0.9
2023-03-04,1.7571665124664175,25.6,89.0,0.0,4.9
2023-03-05,1.828109487890068,25.3,92.0,16.0,7.4
2023-03-06,1.9106646726348595,26.3,88.0,25.9,5.3
2023-03-07,1.754333872782319,26.2,89.0,2.4,5.0
2023-03-08,1.847696900828236,26.4,85.0,7.4,6.5
2023-03-09,1.737137086276624,26.1,88.0,3.95,5.9
2023-03-10,1.832524152475843,27.4,82.0,0.5,7.8
2023-03-11,1.826809545513032,27.1,79.0,0.0,10.9
2023-03-12,1.8609398725617152,27.4,74.0,0.0,9.8
2023-03-13,1.8929903318137384,26.6,82.0,0.0,9.7
2023-03-14,1.8362217539054688,26.9,77.0,0.0,8.1
2023-03-15,1.8804973631533708,27.7,77.0,0.0,8.1
2023-03-16,1.8983665884493093,28.3,78.0,0.0,10.1
2023-03-17,1.9999106101468005,28.0,82.0,13.5,10.7
2023-03-18,1.9630176020156336,27.8,81.0,0.0,7.8
2023-03-19,1.9673272682119736,27.6,82.0,0.0,8.8
2023-03-20,1.8998326175109133,28.1,81.0,8.0,9.2
2023-03-21,1.9493463937153448,27.6,80.0,0.0,8.1
2023-03-22,1.9043841187538024,27.3,81.0,0.0,8.8
2023-03-23,1.9411368451637696,27.6,82.0,0.0,9.8
2023-03-24,1.9430180933783523,27.7,80.0,0.0,10.6
2023-03-25,1.971921338255804,27.4,81.0,0.0,10.0
2023-03-26,1.9953745363959408,27.5,82.0,0.0,8.8
2023-03-27,1.9927672252536728,27.4,83.0,0.0,8.5
2023-03-28,1.9616122495902224,27.5,83.0,0.3,9.0
2023-03-29,1.8854414184312316,27.8,80.0,0.0,8.3
2023-03-30,1.885878421474292,26.4,90.0,4.7,4.9
2023-03-31,1.8699917101041208,26.4,83.0,13.5,3.3
2023-04-01,1.906032425629244,26.2,86.0,0.4,5.9
2023-04-02,2.009396611745057,26.5,83.0,1.1,6.2
2023-04-03,1.9379830097608264,26.7,86.0,1.8,6.8
2023-04-04,1.8426620688427064,25.8,92.0,10.6,5.6
2023-04-05,3.5393219270078258,26.3,88.0,13.1,1.5
2023-04-06,3.367928229913689,26.5,84.0,1.9,6.3
2023-04-07,2.35618997383037,26.5,86.0,4.35,6.6
2023-04-08,4.817195650093727,25.9,88.0,6.8,7.3
2023-04-09,3.8189581374287833,26.5,88.0,3.1,4.9
2023-04-10,4.812232596036503,26.7,86.0,2.8,1.8
2023-04-11,4.635015385352299,27.0,84.0,2.5,6.9
2023-04-12,4.340835240125958,27.1,90.0,2.25,8.4
2023-04-13,3.3436567609891665,26.6,90.0,2.0,5.7
2023-04-14,3.94668375487725,27.4,81.0,0.6,1.5
2023-04-15,2.669265297562797,27.6,84.0,0.0,7.4
2023-04-16,2.293817130211554,27.5,80.0,0.0,6.6
2023-04-17,2.422956458755707,27.4,82.0,0.0,10.4
2023-04-18,3.51267706811278,27.5,78.0,2.3,9.8
2023-04-19,3.9472750882707017,26.7,85.0,0.0,10.5
2023-04-20,2.3105247667500906,27.6,82.0,42.0,7.0
2023-04-21,2.411455074147577,27.5,81.0,0.0,10.4
2023-04-22,2.8252563119927614,27.55,79.5,0.0,6.5
2023-04-23,2.7104284859803447,27.6,78.0,0.0,10.5
2023-04-24,4.128701900720485,27.8,76.0,0.0,10.7
2023-04-25,2.4616215697722144,27.8,85.0,0.0,11.0
2023-04-26,2.925827660841986,28.6,78.0,0.0,9.3
2023-04-27,2.6896687302136666,27.5,85.0,0.0,8.8
2023-04-28,2.598815256898374,27.5,86.0,5.0,5.2
2023-04-29,6.677040617477705,28.0,82.0,3.333333333333333,4.3
2023-04-30,6.263194483799922,28.1,74.0,1.6666666666666665,5.5
2023-05-01,6.869822923230302,27.1,76.0,0.0,7.95
2023-05-02,6.009255379148983,28.2,78.0,0.0,10.4
2023-05-03,6.550597292526331,28.2,78.0,0.0,10.5
2023-05-04,5.630405529368368,28.3,76.0,0.0,9.3
2023-05-05,5.027682076125861,28.5,80.0,0.0,9.0
2023-05-06,5.105355221248519,28.5,77.0,0.0,8.2
2023-05-07,5.37608788259494,28.5,74.0,0.0,11.0
2023-05-08,5.673667521993797,29.0,74.0,0.0,9.7
2023-05-09,5.412093919368448,27.1,85.0,0.0,10.0
2023-05-10,5.51380481494719,28.6,80.0,1.9,0.4
2023-05-11,6.065155510420136,28.7,78.0,3.8,8.4
2023-05-12,4.996666801216333,27.2,70.0,0.0,9.8
2023-05-13,6.854502049895473,26.9,70.0,0.0,10.8
2023-05-14,5.750583276401083,26.3,69.0,0.0,10.6
2023-05-15,6.469494014467192,26.5,71.0,0.0,10.0
2023-05-16,6.906758005105682,26.0,74.0,0.0,10.6
2023-05-17,5.87701675128308,26.0,76.0,0.0,10.75
2023-05-18,6.42231732966043,26.6,78.0,0.0,10.9
2023-05-19,5.972161772396862,27.2,75.0,0.0,10.8
2023-05-20,5.551357657157617,26.7,74.0,0.0,7.6
2023-05-21,5.322149568340605,26.5,74.0,0.0,10.7
2023-05-22,5.464775227752575,26.6,75.0,0.0,10.6
2023-05-23,6.156311203073671,26.9,76.0,0.0,10.7
2023-05-24,5.589248994966407,26.9,77.0,0.0,10.8
2023-05-25,5.7048468235986105,27.3,76.0,0.0,10.6
2023-05-26,6.032916313998509,27.1,70.0,0.0,8.9
2023-05-27,6.283094515113748,27.2,74.0,0.0,10.6
2023-05-28,6.614378412889085,27.0,69.0,0.0,9.6
2023-05-29,5.96721868689897,26.4,71.0,0.0,10.8
2023-05-30,5.512837420099753,26.4,77.0,0.0,10.5
2023-05-31,5.8168999067424885,27.9,70.0,0.0,10.7
2023-06-01,6.030809425884647,27.8,73.0,0.0,10.2
2023-06-02,6.5146746978662025,27.0,75.0,0.0,10.5
2023-06-03,5.758713956073202,27.3,73.0,0.0,7.8
2023-06-04,6.737231611755731,27.1,76.0,0.0,10.4
2023-06-05,7.086602258220423,26.5,81.0,0.0,9.6
2023-06-06,6.562360805512012,27.1,80.0,4.7,7.5
2023-06-07,6.5849469049104,28.2,76.0,0.0,6.7
2023-06-08,6.990725104240661,27.1,76.0,0.0,11.0
2023-06-09,9.654248799701366,27.4,74.0,0.0,10.8
2023-06-10,9.141691700156784,27.1,80.0,0.0,10.6
2023-06-11,8.00493784340052,28.0,72.0,0.0,3.3
2023-06-12,6.769431151827756,27.2,67.0,0.0,7.9
2023-06-13,6.355721691837641,26.6,71.0,0.0,10.6
2023-06-14,7.119043592574866,26.7,70.0,0.0,10.0
2023-06-15,7.232769877803197,26.0,72.0,0.0,10.4
2023-06-16,8.81581262444797,26.3,74.0,0.0,10.5
2023-06-17,7.13975241207338,26.3,70.0,0.0,6.6
2023-06-18,7.510291298512712,25.6,75.0,0.0,10.5
2023-06-19,6.916828622922204,26.6,78.0,0.0,10.7
2023-06-20,7.1064446426954175,26.1,78.0,0.0,9.6
2023-06-21,7.552060345345694,27.2,75.0,0.0,8.2
2023-06-22,7.558171582761354,25.9,70.0,0.0,9.5
2023-06-23,9.837800099780477,26.3,74.0,0.0,10.6
2023-06-24,7.599122836841179,26.2,76.0,0.0,10.8
2023-06-25,9.195629521352844,26.4,78.0,0.0,9.4
2023-06-26,7.341397860236884,26.9,84.0,0.0,10.8
2023-06-27,6.600223271331515,27.0,82.0,0.0,5.4
2023-06-28,8.745463818724525,27.3,79.0,7.6,4.4
2023-06-29,6.339750826689227,26.9,82.0,0.0,7.7
2023-06-30,8.266373879564165,27.2,79.0,0.3,8.8
2023-07-01,6.8326936888231,26.7,86.0,0.6,9.4
2023-07-02,7.068381206506101,27.9,76.0,0.9,4.3
2023-07-03,7.680481831203899,26.9,83.0,0.0,8.2
2023-07-04,6.65616961116631,28.2,81.0,22.2,5.6
2023-07-05,6.628665807217723,27.4,80.0,0.0,8.7
2023-07-06,8.118507728444508,27.6,78.0,0.0,7.4
2023-07-07,7.704948853337544,28.0,78.0,0.0,9.6
2023-07-08,6.973174684350789,27.9,79.0,0.0,10.5
2023-07-09,8.151982073616148,27.0,74.0,0.2,3.9
2023-07-10,6.430696047289604,26.2,69.0,0.0,10.6
2023-07-11,6.900768874946845,26.0,70.0,0.0,10.6
2023-07-12,8.26237672293181,27.1,70.0,0.0,10.5
2023-07-13,6.960539185486241,27.6,75.0,0.0,8.4
2023-07-14,7.690663346309301,27.1,74.0,0.0,7.8
2023-07-15,6.330234164712732,26.8,72.0,0.0,9.9
2023-07-16,8.774246260022197,25.7,75.0,0.0,9.9
2023-07-17,6.733376115346839,26.7,70.0,0.0,8.4
2023-07-18,9.055188100967092,26.3,69.0,0.0,10.8
2023-07-19,6.644807006194714,26.1,69.0,0.0,10.8
2023-07-20,8.750479706871934,25.8,72.0,0.0,10.1
2023-07-21,7.44739697977236,26.5,70.0,0.0,8.9
2023-07-22,8.339225312559577,26.2,72.0,0.0,10.1
2023-07-23,7.159605767983987,25.7,72.0,0.0,10.8
2023-07-24,7.874341292168125,25.7,77.0,0.0,5.9
2023-07-25,6.384876506923312,26.3,74.0,0.0,9.1
2023-07-26,4.459047711972019,26.5,72.0,0.0,9.4
2023-07-27,3.4856526348983325,25.7,72.0,0.0,8.7
2023-07-28,3.833879101617193,25.7,75.0,0.0,10.5
2023-07-29,5.23159211248666,25.3,70.0,0.0,10.7
2023-07-30,4.150149287384124,26.6,68.0,0.0,10.7
2023-07-31,3.710639471013285,26.4,76.0,0.0,10.6
2023-08-01,3.610177878536572,27.3,70.0,0.0,9.8
2023-08-02,4.179812892164185,25.6,78.0,0.0,10.6
2023-08-03,3.9373850121596594,26.4,79.0,0.0,10.6
2023-08-04,3.3205854309011857,26.6,76.0,0.0,10.6
2023-08-05,4.026821761307839,27.5,73.0,0.0,10.7
2023-08-06,3.452495493844701,26.5,75.0,0.0,8.1
2023-08-07,3.589440580541582,27.0,59.0,0.0,10.2
2023-08-08,3.5315727728891098,26.3,67.0,0.0,10.9
2023-08-09,2.093217155762477,25.4,67.0,0.0,10.8
2023-08-10,2.093197179023473,25.2,71.0,0.0,10.8
2023-08-11,1.8831656025451715,25.7,70.0,0.0,9.6
2023-08-12,1.944626414417703,26.3,69.0,0.0,10.5
2023-08-13,1.9608165673611575,26.4,72.0,0.0,7.9
2023-08-14,1.7867898360717598,26.4,73.0,0.0,9.7
2023-08-15,1.88374060450072,26.5,71.0,0.0,10.3
2023-08-16,1.8052261993966696,26.8,73.0,0.0,8.3
2023-08-17,1.70920272040842,27.1,70.0,0.0,7.1
2023-08-18,1.969330765667896,26.5,69.0,0.0,7.2
2023-08-19,1.8610256306260948,26.5,72.0,0.0,9.5
2023-08-20,1.7113440411182328,27.1,72.0,0.0,10.7
2023-08-21,1.6884080360453757,27.3,67.0,0.0,10.1
2023-08-22,1.6105563482970926,26.1,63.0,0.0,9.3
2023-08-23,1.6205475910699734,26.6,65.5,0.0,9.1
2023-08-24,1.5532423273693592,27.1,68.0,0.0,8.9
2023-08-25,1.5154248762149198,27.1,64.0,0.0,9.7
2023-08-26,1.5055140769975015,26.8,64.0,0.0,10.8
2023-08-27,1.5348430287681627,26.3,72.0,0.0,11.1
2023-08-28,1.5690988044937086,26.2,69.0,0.0,10.4
2023-08-29,1.4614024548504572,27.1,64.0,0.0,9.0
2023-08-30,1.6311226344084098,27.8,64.0,0.0,10.3
2023-08-31,1.8137866331608263,26.2,71.0,0.0,11.0
2023-09-01,1.7838276008056235,26.2,62.0,0.0,10.6
2023-09-02,1.580639376880706,25.5,68.0,0.0,10.8
2023-09-03,1.655655444332698,25.9,67.0,0.0,10.5
2023-09-04,1.64592501044656,26.4,67.5,0.0,10.7
2023-09-05,1.5834735811351577,26.9,68.0,0.0,10.9
2023-09-06,1.5287394950715931,27.5,70.0,0.0,10.0
2023-09-07,1.466506279262371,27.2,63.0,0.0,10.3
2023-09-08,1.59854130098268,26.2,71.0,0.0,10.2
2023-09-09,1.7650561288866609,25.9,75.0,0.0,10.3
2023-09-10,2.8439032971670777,28.2,66.0,0.0,10.9
2023-09-11,3.2339766411917688,28.7,69.0,0.0,9.4
2023-09-12,4.140349023106617,28.1,68.0,0.0,10.5
2023-09-13,2.7613143648107155,27.7,70.0,0.0,9.5
2023-09-14,2.120240193924577,27.5,64.0,0.0,10.5
2023-09-15,4.301028426688501,27.7,67.0,0.0,9.6
2023-09-16,4.011740830558272,27.2,72.0,0.0,9.6
2023-09-17,4.869279566802918,28.3,73.0,0.0,9.8
2023-09-18,3.9043836919943495,27.4,70.0,0.0,8.0
2023-09-19,4.826834613511097,26.8,72.0,5.3,3.8
2023-09-20,4.5484345463539055,27.2,72.0,0.0,3.3
2023-09-21,5.286349987260981,26.1,68.0,0.0,8.2
2023-09-22,6.822004544703368,27.4,65.0,0.0,9.1
2023-09-23,8.5438466261462,27.5,72.0,0.0,10.2
2023-09-24,8.031581048615294,27.2,74.0,0.0,10.6
2023-09-25,9.823491658207477,27.9,64.0,0.0,10.2
2023-09-26,8.18652479702652,27.9,70.0,0.0,10.4
2023-09-27,8.708217063312334,27.3,70.0,0.0,10.8
2023-09-28,9.164930409481371,28.2,71.0,0.0,10.8
2023-09-29,8.468180646239222,26.6,72.0,0.0,10.7
2023-09-30,6.521801876839439,27.9,70.0,0.0,10.7
2023-10-01,5.384702165283571,27.2,74.0,0.0,10.6
2023-10-02,7.290574906114721,27.6,71.0,0.0,11.1
2023-10-03,7.604498971159235,28.2,72.0,0.0,9.1
2023-10-04,5.915150266440936,28.5,75.0,0.0,10.0
2023-10-05,6.697297305100906,28.4,76.0,0.0,11.1
2023-10-06,6.731146821101295,29.5,72.0,0.0,11.0
2023-10-07,7.318385223192846,27.9,74.0,0.0,10.8
2023-10-08,7.308493876575425,29.4,69.0,0.0,10.9
2023-10-09,7.491027465796109,28.2,74.0,0.0,10.7
2023-10-10,7.984675147036746,28.6,70.0,0.0,10.8
2023-10-11,7.948334428547621,27.7,74.0,0.0,11.0
2023-10-12,7.884452483952373,27.5,78.0,0.0,11.0
2023-10-13,8.191311816579175,28.9,71.0,10.5,10.4
2023-10-14,9.243591951066897,29.3,69.0,0.0,9.8
2023-10-15,9.635980607376109,28.6,70.0,0.0,11.2
2023-10-16,10.581255824505712,28.7,70.0,11.2,11.2
2023-10-17,10.247092024654236,27.8,68.0,11.0,11.2
2023-10-18,10.208756321773524,28.9,66.0,0.0,11.2
2023-10-19,10.630702364766693,28.85,69.0,0.0,11.15
2023-10-20,10.626996550036909,28.8,72.0,0.0,11.1
2023-10-21,10.89781862471792,28.4,63.0,0.0,11.6
2023-10-22,11.54140397138322,27.5,76.0,0.0,11.5
2023-10-23,12.343733080642094,28.05,74.0,0.0,11.35
2023-10-24,12.681299995121668,28.6,72.0,0.0,11.2
2023-10-25,12.389476826095176,29.3,71.0,0.0,11.5
2023-10-26,12.127143493929196,29.6,70.0,0.0,11.5
2023-10-27,12.095663484425822,28.6,68.0,0.0,11.7
2023-10-28,13.230039635828756,27.9,78.0,0.0,11.8
2023-10-29,11.850591652206605,30.5,66.0,0.0,11.5
2023-10-30,11.521571240215229,29.6,69.0,0.0,11.2
2023-10-31,11.654586214737272,29.2,73.0,0.0,11.5
2023-11-01,12.742091705546336,29.6,71.0,0.0,11.4
2023-11-02,13.331324635296662,29.8,70.0,0.0,9.1
2023-11-03,13.145650702697637,28.9,79.0,0.0,10.1
2023-11-04,13.759372896611872,29.2,75.0,0.9,8.2
2023-11-05,12.344059336545175,29.3,74.0,0.0,10.4
2023-11-06,13.240830050025265,29.3,73.0,0.0,11.5
2023-11-07,12.311099993791489,29.9,74.0,0.0,11.4
2023-11-08,13.330146321200829,29.9,72.0,0.0,11.6
2023-11-09,12.676718536986002,29.9,72.0,0.0,11.0
2023-11-10,13.25296753742608,29.5,74.0,0.0,9.0
2023-11-11,12.256307755118902,29.9,75.0,0.0,8.4
2023-11-12,12.07490838262884,29.0,76.0,0.0,9.4
2023-11-13,10.991681055745396,28.8,81.0,0.0,6.8
2023-11-14,13.862042452677654,30.1,74.0,2.7,6.6
2023-11-15,13.274028710760923,29.8,72.0,1.35,10.0
2023-11-16,12.733540075997922,28.7,79.0,0.0,9.1
2023-11-17,13.583376939123925,27.6,86.0,1.5,7.0
2023-11-18,12.600457280909543,29.8,69.0,13.8,4.7
2023-11-19,13.01306959096398,30.0,71.0,0.0,10.5
2023-11-20,12.626152683834915,30.2,71.0,0.0,10.5
2023-11-21,13.100701594871987,30.9,69.0,0.0,10.0
2023-11-22,12.36185650851507,30.8,66.0,0.0,11.2
2023-11-23,13.191605742291928,30.3,72.0,0.0,11.7
2023-11-24,12.468759119532775,29.3,73.0,0.0,10.2
2023-11-25,11.966698028867532,29.5,73.0,0.0,6.0
2023-11-26,12.154346595242115,28.1,80.0,0.0,7.8
2023-11-27,13.638874818537127,28.8,77.0,3.5,7.7
2023-11-28,14.507817962880036,27.8,82.0,0.5,8.1
2023-11-29,12.929960900405533,28.1,84.0,12.3,8.0
2023-11-30,12.544406970687254,27.9,85.0,27.7,5.3
2023-12-01,12.11026116703798,27.3,86.0,17.45,5.6
2023-12-02,13.29231312298102,27.4,87.0,7.2,6.8
2023-12-03,13.271023991699415,28.1,84.0,24.5,4.3
2023-12-04,14.031358674638838,28.0,83.0,32.0,9.2
2023-12-05,12.781042830435098,30.1,75.0,5.8,9.7
2023-12-06,12.95002368128521,30.2,75.0,0.0,9.9
2023-12-07,12.848682013988666,27.6,86.0,0.0,11.0
2023-12-08,13.927382799313383,28.1,87.0,11.7,6.9
2023-12-09,12.212919966915676,27.3,88.0,22.5,6.7
2023-12-10,12.708891970320767,28.4,79.0,64.6,9.4
2023-12-11,13.273603804505129,28.8,79.0,0.0,8.2
2023-12-12,13.10709057286359,29.2,78.0,0.0,7.4
2023-12-13,12.756964268929387,28.2,81.0,0.0,9.3
2023-12-14,12.394047870269624,27.9,84.0,0.0,9.0
2023-12-15,13.487833370284308,28.7,83.0,1.0,8.9
2023-12-16,12.714670009549538,29.5,76.0,0.0,8.1
2023-12-17,13.563212358175226,27.1,83.0,0.0,10.5
2023-12-18,12.850300009576891,28.5,70.0,12.6,6.1
2023-12-19,12.2994756421033,28.3,68.0,0.0,11.3
2023-12-20,12.521209108529114,28.4,66.0,0.0,11.9
2023-12-21,13.349050789309958,28.5,72.0,0.0,11.4
2023-12-22,12.84862681254757,28.2,68.0,0.0,10.3
2023-12-23,13.856112491818685,29.5,77.0,0.0,9.1
2023-12-24,12.482426784495994,28.3,81.0,0.0,10.7
2023-12-25,12.649052836541632,29.0,81.0,0.0,9.0
2023-12-26,12.193411047000552,28.9,79.0,0.0,10.0
2023-12-27,12.20504862138135,28.5,84.0,0.0,9.6
2023-12-28,13.23771980039239,28.2,86.0,0.6,7.1
2023-12-29,13.587409735409643,29.2,80.0,15.0,7.8
2023-12-30,12.60059220932238,29.5,80.0,0.0,8.4
2023-12-31,12.07740686596506,29.2,81.0,10.0,10.5
2024-01-01,14.12222023154341,29.8,82.0,5.0,5.6
2024-01-02,14.360927821350067,29.6,82.0,0.0,11.2
2024-01-03,12.912373924165635,29.3,82.0,0.0,10.5
2024-01-04,12.44998093976922,28.1,86.0,2.3,9.3
2024-01-05,11.694450238568844,27.2,89.0,34.2,7.2
2024-01-06,12.78061634066929,28.0,89.0,4.2,0.2
2024-01-07,12.090175809967448,27.8,84.0,7.0,2.1
2024-01-08,11.59516852530457,27.7,86.0,6.366666666666666,8.0
2024-01-09,11.520504360030936,27.5,86.0,5.733333333333333,7.0
2024-01-10,12.956472806484676,28.9,83.0,5.1,8.5
2024-01-11,11.5138168561325,28.6,82.0,0.0,9.4
2024-01-12,11.828665693060968,29.0,70.0,0.0,8.8
2024-01-13,11.986197448371405,29.3,66.0,0.0,11.0
2024-01-14,12.353393486854884,29.4,76.0,0.0,10.3
2024-01-15,12.12656070262205,29.1,80.0,0.0,10.2
2024-01-16,11.376200064319969,27.0,88.0,9.7,10.2
2024-01-17,10.99272873142983,27.9,84.0,19.4,2.7
2024-01-18,9.533271539979678,25.9,92.0,1.4,7.7
2024-01-19,9.489297449338238,27.9,84.0,24.1,1.9
2024-01-20,11.11422079383849,28.2,74.0,0.0,7.0
2024-01-21,9.78172398181868,28.3,81.0,0.0,4.2
2024-01-22,7.175515023912163,28.2,86.0,23.6,8.6
2024-01-23,5.005106363998843,27.4,87.0,25.4,6.0
2024-01-24,3.293465722002752,27.5,88.0,5.3,4.3
2024-01-25,1.848144915677208,28.3,86.0,1.0,0.9
2024-01-26,2.0353536216648886,27.9,88.0,1.1,6.4
2024-01-27,2.0945863435161134,27.1,89.0,4.7,4.6
2024-01-28,2.0798450869984446,27.6,85.0,3.1,5.1
2024-01-29,1.909182650905888,26.7,89.0,0.0,5.8
2024-01-30,1.9606305329447216,28.2,82.0,4.0,4.1
2024-01-31,1.9397415563750744,26.6,88.0,0.0,11.5
2024-02-01,1.9141063061150856,27.0,85.0,27.9,9.2
2024-02-02,1.9285743597919989,28.4,81.0,0.0,8.2
2024-02-03,1.9778228248516676,27.0,89.0,0.8,11.0
2024-02-04,1.8981365083420672,26.5,92.0,2.0,4.3
2024-02-05,1.941545720175957,26.5,90.0,27.0,2.7
2024-02-06,1.738521893971661,27.6,82.0,31.1,3.1
2024-02-07,1.9500697180042996,26.2,89.0,0.0,10.1
2024-02-08,2.0188942042821294,26.1,89.0,18.8,7.5
2024-02-09,1.684820106967739,26.6,90.0,11.2,6.4
2024-02-10,1.7684471303073783,27.8,86.0,10.2,6.0
2024-02-11,1.699565115258445,26.7,89.0,0.0,10.7
2024-02-12,2.019828762672629,26.2,91.0,5.7,3.1
2024-02-13,2.313191712847406,27.9,86.0,9.6,6.2
2024-02-14,2.090924281131347,27.6,88.0,4.0,8.4
2024-02-15,1.6059162371609352,27.8,88.0,4.5,5.3
2024-02-16,2.509059998601072,27.3,88.0,5.0,9.0
2024-02-17,2.885143679842099,26.8,90.0,5.5,5.4
2024-02-18,2.9053707242913718,28.0,87.0,1.5,6.6
2024-02-19,2.296062834014039,28.6,86.0,2.2,9.7
2024-02-20,2.2808446327248206,28.6,87.0,0.4,11.0
2024-02-21,2.3034997582512453,28.2,87.0,0.0,9.4
2024-02-22,1.7173122817385564,27.6,91.0,8.6,10.1
2024-02-23,1.6542837215948316,27.8,92.0,17.6,2.2
2024-02-24,1.8454405045661892,28.0,87.0,10.3,2.0
2024-02-25,1.865016180382499,27.5,91.0,0.0,7.2
2024-02-26,2.7867526565601715,26.9,90.0,13.7,5.1
2024-02-27,3.14002068733284,27.9,84.0,6.85,6.2
2024-02-28,2.4029648113666298,27.4,88.0,0.0,8.5
2024-02-29,3.294170936464562,28.1,86.0,0.0,7.5
2024-03-01,3.433993331726354,28.0,88.0,5.0,11.1
2024-03-02,4.487394324080046,28.0,87.0,8.7,8.6
2024-03-03,5.165182996539936,27.7,89.0,0.0,6.3
2024-03-04,6.068372536079617,28.6,88.0,30.5,8.3
2024-03-05,6.627275038930183,28.5,86.0,15.25,7.8
2024-03-06,6.622607062731252,28.8,87.0,0.0,5.7
2024-03-07,7.461327192859326,27.5,92.0,0.3,7.3
2024-03-08,7.524354702500788,28.5,87.0,2.6,0.0
2024-03-09,7.67812315145681,26.6,93.0,0.8,6.9
2024-03-10,7.052673023452626,26.3,93.0,11.7,1.0
2024-03-11,2.6841655762027035,26.1,91.0,26.8,0.3
2024-03-12,2.6841655762027035,26.7,89.0,18.6,0.0
2024-03-13,2.6841655762027035,27.2,89.0,10.4,1.1
2024-03-14,2.6841655762027035,26.1,91.0,35.0,0.0
2024-03-15,2.6841655762027035,27.3,87.0,45.2,0.0
2024-03-16,2.6841655762027035,27.8,89.0,5.8,4.7
2024-03-17,2.6841655762027035,26.9,91.0,8.9,2.5
2024-03-18,2.6841655762027035,27.1,89.0,21.2,6.4
2024-03-19,2.6841655762027035,27.3,88.0,0.6,5.0
2024-03-20,2.6841655762027035,27.9,86.0,0.0,10.3
2024-03-21,2.6841655762027035,27.7,86.0,0.0,9.2
2024-03-22,2.6841655762027035,27.3,85.0,0.0,8.5
2024-03-23,2.6841655762027035,27.8,82.0,0.0,8.2
2024-03-24,2.6841655762027035,28.0,82.0,0.0,10.2
2024-03-25,2.6841655762027035,28.1,80.0,0.0,10.6
2024-03-26,2.6841655762027035,26.9,86.0,0.0,9.4
2024-03-27,2.6841655762027035,27.8,78.0,11.0,6.3
2024-03-28,2.6841655762027035,28.2,79.0,1.4,9.4
2024-03-29,18.509651620717158,27.2,88.0,0.0,8.5
2024-03-30,17.359990357864536,29.2,80.0,20.0,7.1
2024-03-31,17.47260273508095,28.8,81.0,0.0,11.0
2024-04-01,15.825678694668376,28.0,87.0,1.0,8.0
2024-04-02,15.894990397952483,28.4,83.0,1.0,3.8
2024-04-03,15.894990397952483,28.2,86.0,1.5,9.4
2024-04-04,15.894990397952483,27.3,90.0,6.7,4.0
2024-04-05,15.894990397952483,28.6,86.0,11.9,0.6
2024-04-06,15.894990397952483,27.2,90.0,6.5,3.3
2024-04-07,15.894990397952483,28.3,88.0,36.5,4.2
2024-04-08,15.894990397952483,27.8,90.0,17.0,10.7
2024-04-09,15.894990397952483,28.4,86.0,0.0,0.8
2024-04-10,15.894990397952483,28.0,86.0,0.0,9.3
2024-04-11,15.894990397952483,27.2,89.0,1.55,8.9
2024-04-12,15.894990397952483,28.3,82.0,3.1,7.1
2024-04-13,15.894990397952483,28.8,82.0,0.0,8.1
2024-04-14,15.894990397952483,28.5,81.0,0.0,10.3
2024-04-15,15.894990397952483,29.3,80.0,0.0,10.1
2024-04-16,15.894990397952483,26.9,90.0,0.0,10.8
2024-04-17,15.894990397952483,28.8,75.0,1.6,1.0
2024-04-18,15.894990397952483,29.0,78.0,0.0,7.9
2024-04-19,15.894990397952483,29.2,76.0,0.0,10.2
2024-04-20,15.894990397952483,29.1,76.0,0.0,10.4
2024-04-21,15.894990397952483,28.9,77.0,0.0,10.2
2024-04-22,15.894990397952483,28.9,80.0,0.0,8.3
2024-04-23,15.894990397952483,28.2,87.0,0.5,6.8
2024-04-24,15.894990397952483,28.6,82.0,1.0,2.6
2024-04-25,15.894990397952483,28.2,87.0,0.0,6.3
2024-04-26,15.894990397952483,29.1,75.0,0.7,5.8
2024-04-27,15.894990397952483,29.4,79.0,0.0,10.5
2024-04-28,15.894990397952483,29.5,70.0,0.0,10.5
2024-04-29,15.894990397952483,28.5,75.0,0.0,10.5
2024-04-30,15.894990397952483,28.6,72.0,0.0,10.5
2024-05-01,15.894990397952483,29.0,71.0,0.0,10.6
2024-05-02,15.894990397952483,28.8,69.0,0.0,10.7
2024-05-03,15.894990397952483,28.9,70.0,0.0,10.2
2024-05-04,15.894990397952483,27.9,70.0,0.0,10.0
2024-05-05,15.894990397952483,28.5,72.0,0.0,9.8
2024-05-06,15.894990397952483,28.3,72.0,0.0,8.4
2024-05-07,15.894990397952483,28.8,70.0,0.0,8.2
2024-05-08,15.894990397952483,28.8,72.0,0.0,9.9
2024-05-09,15.894990397952483,28.7,70.0,0.0,9.5
2024-05-10,15.894990397952483,28.9,72.0,0.0,10.5
2024-05-11,15.894990397952483,29.1,68.0,0.0,9.3
2024-05-12,15.894990397952483,28.7,71.0,0.0,10.4
2024-05-13,15.894990397952483,27.6,68.0,0.0,10.5
2024-05-14,15.894990397952483,27.6,73.0,0.0,10.3
2024-05-15,24.238800685425183,28.5,69.0,0.0,10.7
2024-05-16,61.89088734554653,28.8,71.0,0.0,9.0
2024-05-17,58.296876433502426,28.6,69.0,0.0,10.7
2024-05-18,60.64743331241217,28.2,65.0,0.0,10.4
2024-05-19,61.37672436919113,28.1,67.0,0.0,10.8
2024-05-20,63.24042774907493,27.6,70.0,0.0,11.0
2024-05-21,62.86625850403789,28.1,72.0,0.0,7.5
2024-05-22,61.2536615567686,28.4,75.0,0.0,10.4
2024-05-23,59.44483497379552,28.5,75.0,0.0,10.0
2024-05-24,62.93939144528144,29.0,71.0,0.0,8.1
2024-05-25,63.83494198032563,29.1,70.0,0.0,8.0
2024-05-26,65.14182148109018,28.8,69.0,0.0,10.5
2024-05-27,64.70354178811338,28.7,73.0,0.0,10.4
2024-05-28,63.75147385690197,28.2,75.0,0.0,8.2
2024-05-29,68.61062211831765,29.0,77.0,0.0,10.7
2024-05-30,65.84608428688125,29.6,73.0,0.0,10.6
2024-05-31,71.5127422218808,29.8,68.0,0.0,10.8
