READ_DATE,KWH_EXP
2019-01-01,68.5595072314118
2019-01-02,75.45147430993487
2019-01-03,49.138678116540035
2019-01-04,78.5191146847947
2019-01-05,82.56908272487271
2019-01-06,75.62207162438469
2019-01-07,76.21869523793012
2019-01-08,70.87428366647224
2019-01-09,72.23212696023622
2019-01-10,57.56649705889629
2019-01-11,64.57688090259177
2019-01-12,71.66677572285586
2019-01-13,80.48467483972749
2019-01-14,60.05987450907145
2019-01-15,68.76860003321129
2019-01-16,75.74247580696345
2019-01-17,62.21799087660499
2019-01-18,73.71951316915509
2019-01-19,76.43572513346108
2019-01-20,76.64544268068175
2019-01-21,81.24125168379213
2019-01-22,57.2793146380529
2019-01-23,74.49853070144336
2019-01-24,64.50156653016187
2019-01-25,57.59389416126336
2019-01-26,60.648592137056404
2019-01-27,56.88232275158055
2019-01-28,42.52089915388564
2019-01-29,57.278349389112556
2019-01-30,57.278349389112556
2019-01-31,57.278349389112556
2019-02-01,57.278349389112556
2019-02-02,57.278349389112556
2019-02-03,57.278349389112556
2019-02-04,55.122827907120886
2019-02-05,56.16458713771711
2019-02-06,45.72649940806011
2019-02-07,32.4809524799904
2019-02-08,38.07131463744461
2019-02-09,41.435419836819186
2019-02-10,48.13600275036158
2019-02-11,49.060710471846505
2019-02-12,40.27537826562849
2019-02-13,45.183489863751255
2019-02-14,45.68231387938073
2019-02-15,43.686625596111305
2019-02-16,49.43891785837405
2019-02-17,51.04586066102477
2019-02-18,47.95694921138686
2019-02-19,29.333497795759413
2019-02-20,46.682497608928976
2019-02-21,52.38816755353256
2019-02-22,35.96662412124694
2019-02-23,46.576056389879476
2019-02-24,56.92294073999295
2019-02-25,51.72780097647649
2019-02-26,46.88681172582664
2019-02-27,37.094727007054296
2019-02-28,22.036512993414437
2019-03-01,27.59465191662213
2019-03-02,28.089982569541107
2019-03-03,17.17292104495359
2019-03-04,14.761586726607781
2019-03-05,23.13461634494013
2019-03-06,14.776325952137535
2019-03-07,14.158591283819481
2019-03-08,11.561205025512942
2019-03-09,10.166690204085107
2019-03-10,10.166690204085107
2019-03-11,15.875951414209615
2019-03-12,20.489085546389976
2019-03-13,20.223791358075648
2019-03-14,28.507428818894855
2019-03-15,17.9930988208081
2019-03-16,23.11736074229685
2019-03-17,24.82101374581043
2019-03-18,23.63048313224003
2019-03-19,17.800147725775382
2019-03-20,20.836262040106543
2019-03-21,12.684234841110149
2019-03-22,20.138854811028796
2019-03-23,15.649692267678821
2019-03-24,22.86914534670475
2019-03-25,20.705355088359298
2019-03-26,25.60956461773775
2019-03-27,22.000787926507584
2019-03-28,24.85067836186468
2019-03-29,23.211621204438057
2019-03-30,23.31988612854157
2019-03-31,28.064139521883273
2019-04-01,25.413634133428474
2019-04-02,25.093089592077963
2019-04-03,17.6224148434338
2019-04-04,32.92366064566828
2019-04-05,28.632183784617805
2019-04-06,36.40049528306009
2019-04-07,39.61882933062153
2019-04-08,35.852199762959216
2019-04-09,25.669527559925374
2019-04-10,44.532247710393285
2019-04-11,39.96655753592137
2019-04-12,37.87866402092826
2019-04-13,38.23810959069011
2019-04-14,37.784299349660024
2019-04-15,37.784299349660024
2019-04-16,37.784299349660024
2019-04-17,37.784299349660024
2019-04-18,37.784299349660024
2019-04-19,37.784299349660024
2019-04-20,37.784299349660024
2019-04-21,37.784299349660024
2019-04-22,37.784299349660024
2019-04-23,38.51326652635342
2019-04-24,47.2236957307448
2019-04-25,61.57266744673393
2019-04-26,45.06048743294491
2019-04-27,40.58183083243529
2019-04-28,50.41632189531691
2019-04-29,46.974340131869106
2019-04-30,47.98536168349642
2019-05-01,35.286436994779606
2019-05-02,36.48961225791364
2019-05-03,33.213680636497024
2019-05-04,31.066679137539698
2019-05-05,31.066679137539698
2019-05-06,40.37613818506948
2019-05-07,64.88294533821006
2019-05-08,64.93322584533728
2019-05-09,64.97146619672232
2019-05-10,61.85479024358506
2019-05-11,59.21544285887705
2019-05-12,58.87696407362299
2019-05-13,68.4184830383386
2019-05-14,63.08489367626681
2019-05-15,78.76199235359913
2019-05-16,85.97170520631404
2019-05-17,85.97170520631404
2019-05-18,85.97170520631404
2019-05-19,85.97170520631404
2019-05-20,64.1131785343598
2019-05-21,47.17768170586527
2019-05-22,68.02500455272956
2019-05-23,69.473706840117
2019-05-24,38.04561319414653
2019-05-25,26.95409065705736
2019-05-26,63.666694487331256
2019-05-27,53.4796208480793
2019-05-28,31.446268220732915
2019-05-29,55.18777237583151
2019-05-30,72.69662422077289
2019-05-31,79.6498211475715
2019-06-01,68.48032473961811
2019-06-02,68.78833632244282
2019-06-03,66.982553321931
2019-06-04,79.01455998764888
2019-06-05,72.4284111269781
2019-06-06,79.1787436582568
2019-06-07,72.47115204104657
2019-06-08,75.3512881576847
2019-06-09,77.92032236603357
2019-06-10,69.2750747329161
2019-06-11,66.39332552187693
2019-06-12,66.39332552187693
2019-06-13,66.39332552187693
2019-06-14,66.39332552187693
2019-06-15,66.39332552187693
2019-06-16,66.39332552187693
2019-06-17,72.4861912011407
2019-06-18,82.18319865298601
2019-06-19,59.21080203417076
2019-06-20,58.847659234255794
2019-06-21,79.03350569379599
2019-06-22,76.3837390946644
2019-06-23,81.83624231923731
2019-06-24,87.5766790704368
2019-06-25,82.22415463578129
2019-06-26,71.60622164003756
2019-06-27,76.3889506774364
2019-06-28,69.48312616526474
2019-06-29,67.27772458402887
2019-06-30,67.27772458402887
2019-07-01,67.27772458402887
2019-07-02,81.28789834703979
2019-07-03,81.15038017902702
2019-07-04,82.77784076538136
2019-07-05,70.76579625424263
2019-07-06,64.39906892460776
2019-07-07,64.39906892460776
2019-07-08,59.733149636285965
2019-07-09,55.55672454350687
2019-07-10,62.75991059949195
2019-07-11,58.36591645182173
2019-07-12,56.565095220716984
2019-07-13,56.565095220716984
2019-07-14,56.565095220716984
2019-07-15,56.565095220716984
2019-07-16,57.59611170379238
2019-07-17,59.03953478009793
2019-07-18,59.81145614977347
2019-07-19,69.08462048279027
2019-07-20,41.10395966939936
2019-07-21,73.41867117480757
2019-07-22,73.41867117480757
2019-07-23,73.41867117480757
2019-07-24,73.41867117480757
2019-07-25,73.41867117480757
2019-07-26,73.41867117480757
2019-07-27,73.41867117480757
2019-07-28,73.41867117480757
2019-07-29,73.41867117480757
2019-07-30,73.41867117480757
2019-07-31,72.381121864947
2019-08-01,50.882811233382334
2019-08-02,48.951388256117646
2019-08-03,44.85830482241622
2019-08-04,65.50978733271141
2019-08-05,71.42192036608589
2019-08-06,65.88223839007402
2019-08-07,48.711029980745714
2019-08-08,67.92734039404944
2019-08-09,74.63366094044905
2019-08-10,74.72438119482824
2019-08-11,67.74356319620115
2019-08-12,61.42033355107725
2019-08-13,54.71769404587324
2019-08-14,57.17141450882476
2019-08-15,61.81204552566984
2019-08-16,49.21736381326934
2019-08-17,67.78248120435615
2019-08-18,80.51896928734847
2019-08-19,80.40028250774382
2019-08-20,81.59517706886056
2019-08-21,80.17829671953633
2019-08-22,73.80897341561376
2019-08-23,67.47560998545676
2019-08-24,66.06194952852601
2019-08-25,67.18828321539088
2019-08-26,44.6684771744271
2019-08-27,44.02197615623452
2019-08-28,37.52123212884826
2019-08-29,35.287601034962016
2019-08-30,28.085269058083068
2019-08-31,28.636218433141067
2019-09-01,26.925207288317907
2019-09-02,30.671451135904125
2019-09-03,32.003047797136894
2019-09-04,31.664339506797024
2019-09-05,31.333055823766802
2019-09-06,32.059460426304675
2019-09-07,33.93701376993862
2019-09-08,34.857355112415846
2019-09-09,39.806157366160775
2019-09-10,40.88988310474476
2019-09-11,39.90569965472164
2019-09-12,35.906591270094125
2019-09-13,35.58683777509601
2019-09-14,38.70371047825807
2019-09-15,41.20833630287013
2019-09-16,40.826887581659534
2019-09-17,38.93521388721731
2019-09-18,40.609450943315956
2019-09-19,40.71844931453149
2019-09-20,39.8858809055525
2019-09-21,39.82079507533003
2019-09-22,40.508096384898955
2019-09-23,51.212895992013664
2019-09-24,55.46022686058476
2019-09-25,59.44196133268648
2019-09-26,56.9473790597578
2019-09-27,57.06901766818166
2019-09-28,59.93175734779896
2019-09-29,69.1979975033064
2019-09-30,59.80317660959967
2019-10-01,73.18639687243076
2019-10-02,69.66689811709507
2019-10-03,100.6538181585434
2019-10-04,92.41516524027213
2019-10-05,92.39305119273581
2019-10-06,93.34144349567661
2019-10-07,78.14695641502425
2019-10-08,66.88523560682546
2019-10-09,69.06822151380773
2019-10-10,72.57317656736119
2019-10-11,74.65215221415035
2019-10-12,76.15047667572533
2019-10-13,76.72383450215635
2019-10-14,75.50332487506132
2019-10-15,83.13430571932432
2019-10-16,82.78468547837838
2019-10-17,68.71159263055054
2019-10-18,89.45344597364094
2019-10-19,87.66283002334154
2019-10-20,90.228666188476
2019-10-21,92.06916548277216
2019-10-22,89.10376587072295
2019-10-23,89.07176918622464
2019-10-24,92.66786648000755
2019-10-25,92.62385904544482
2019-10-26,92.8969432722674
2019-10-27,99.05506652688388
2019-10-28,98.64897155705609
2019-10-29,89.20575272204978
2019-10-30,108.07415498265259
2019-10-31,88.36674970794053
2019-11-01,98.00803596867301
2019-11-02,100.25140537009632
2019-11-03,100.74649066115536
2019-11-04,101.27691494718158
2019-11-05,107.70047553774661
2019-11-06,86.88153779557099
2019-11-07,105.00585443770468
2019-11-08,98.89553416247035
2019-11-09,97.09874715663149
2019-11-10,98.00270272299547
2019-11-11,97.71459424899932
2019-11-12,94.62645425960619
2019-11-13,101.30594216630728
2019-11-14,99.01984263056748
2019-11-15,96.36104786489882
2019-11-16,98.32319383250508
2019-11-17,98.73324641691836
2019-11-18,96.63003284697773
2019-11-19,90.6184031255029
2019-11-20,86.29381216956433
2019-11-21,84.87278518344048
2019-11-22,86.46617131574807
2019-11-23,90.56786491253446
2019-11-24,85.83786988162792
2019-11-25,83.17961245312289
2019-11-26,77.87264216745655
2019-11-27,83.16173080292957
2019-11-28,84.97938600083735
2019-11-29,86.86990313865272
2019-11-30,86.76843954318515
2019-12-01,89.38790955258493
2019-12-02,92.4400536229956
2019-12-03,91.10059932343734
2019-12-04,88.03741902774523
2019-12-05,83.83541991578245
2019-12-06,82.69318616460178
2019-12-07,86.74504142374455
2019-12-08,88.39092520599786
2019-12-09,71.84706635088902
2019-12-10,84.50989966031004
2019-12-11,77.53646197547219
2019-12-12,65.9962340637315
2019-12-13,67.29528357524202
2019-12-14,63.42028105298559
2019-12-15,76.41847557884135
2019-12-16,67.5779207856325
2019-12-17,73.22881406318443
2019-12-18,59.646396049961794
2019-12-19,68.77235667008443
2019-12-20,68.63436002681958
2019-12-21,55.518440438102374
2019-12-22,54.58358427767672
2019-12-23,45.04491009587684
2019-12-24,48.252130973990795
2019-12-25,35.932355985672814
2019-12-26,46.479430030134495
2019-12-27,48.15059623860528
2019-12-28,45.42967996341761
2019-12-29,43.3861248810172
2019-12-30,36.506535328764535
2019-12-31,31.056676444283664
2020-01-01,31.641598871384772
2020-01-02,32.25511495950954
2020-01-03,33.17831689545987
2020-01-04,30.296227895536177
2020-01-05,30.072086815972
2020-01-06,33.345242539917514
2020-01-07,39.63211547275271
2020-01-08,39.26643195147355
2020-01-09,36.40599535103663
2020-01-10,31.73822167667542
2020-01-11,24.32742805311509
2020-01-12,18.234381671549936
2020-01-13,17.140499727013815
2020-01-14,19.137436439100625
2020-01-15,19.085955667869584
2020-01-16,16.944158071740464
2020-01-17,18.74499443686883
2020-01-18,18.23376839086642
2020-01-19,19.362663945054667
2020-01-20,16.109343195841422
2020-01-21,9.982371170847676
2020-01-22,20.144189772147143
2020-01-23,17.803382529168605
2020-01-24,23.315579621158005
2020-01-25,25.609467300327243
2020-01-26,27.80192495479555
2020-01-27,22.85515766530565
2020-01-28,21.40363728499703
2020-01-29,20.568619061858087
2020-01-30,18.588748498748547
2020-01-31,27.423079503985008
2020-02-01,23.877854784894904
2020-02-02,24.48164389377111
2020-02-03,17.341108688741073
2020-02-04,27.400072342615037
2020-02-05,24.15411370834691
2020-02-06,26.605630793645172
2020-02-07,21.88739092162199
2020-02-08,24.804069966205578
2020-02-09,27.114508872137648
2020-02-10,29.834177240430304
2020-02-11,40.61975312563966
2020-02-12,42.109876379702364
2020-02-13,26.78283752272841
2020-02-14,31.724738408662773
2020-02-15,32.93214003736269
2020-02-16,30.959103032537026
2020-02-17,29.906365965847346
2020-02-18,33.48142394124405
2020-02-19,38.94302630370026
2020-02-20,38.11979630486997
2020-02-21,42.35440123171498
2020-02-22,43.136952314370745
2020-02-23,48.434110064746996
2020-02-24,51.63208600788983
2020-02-25,55.05222247960008
2020-02-26,55.01025296912564
2020-02-27,55.25240118431847
2020-02-28,54.26292975351927
2020-02-29,54.69936531033793
2020-03-01,56.32121741864475
2020-03-02,60.70929233247856
2020-03-03,70.18607229530214
2020-03-04,79.5669482861237
2020-03-05,85.32993550385957
2020-03-06,79.56301870101599
2020-03-07,67.52611918627326
2020-03-08,71.95619330759705
2020-03-09,70.37644654270822
2020-03-10,65.38717721651014
2020-03-11,59.586338405765105
2020-03-12,75.35157050850322
2020-03-13,65.60845825144182
2020-03-14,61.65527150389312
2020-03-15,57.73784672707557
2020-03-16,52.36843666266594
2020-03-17,48.62402602373822
2020-03-18,55.050238186329715
2020-03-19,52.93760686990964
2020-03-20,53.02549356575506
2020-03-21,54.847968165569085
2020-03-22,65.62639603733811
2020-03-23,56.980396015945466
2020-03-24,55.11963846121014
2020-03-25,66.36307979928931
2020-03-26,61.33831161575275
2020-03-27,45.89765922901157
2020-03-28,50.73819347764697
2020-03-29,52.94730495301629
2020-03-30,77.03086346291622
2020-03-31,81.61800861753126
2020-04-01,75.53353601463236
2020-04-02,62.21222195501184
2020-04-03,77.94700541425443
2020-04-04,64.47908126890891
2020-04-05,66.586557034309
2020-04-06,77.35954634110821
2020-04-07,71.84193680518412
2020-04-08,68.86527844164816
2020-04-09,66.86454542282412
2020-04-10,66.00433030135899
2020-04-11,61.71306131694055
2020-04-12,58.988984831219135
2020-04-13,57.446213031009684
2020-04-14,60.022874221124596
2020-04-15,59.190944335032555
2020-04-16,62.975289218105765
2020-04-17,53.96969860363316
2020-04-18,47.297729142342234
2020-04-19,57.972004292694095
2020-04-20,56.46777559804528
2020-04-21,51.28528811408764
2020-04-22,48.59977420354783
2020-04-23,47.91952321965888
2020-04-24,48.591330376514044
2020-04-25,50.46655113809117
2020-04-26,54.676968460400985
2020-04-27,51.39979864499153
2020-04-28,56.453562762397006
2020-04-29,59.73517328629783
2020-04-30,65.18787457603099
2020-05-01,66.61385734328597
2020-05-02,55.993813552196166
2020-05-03,50.76111559955612
2020-05-04,64.02955512908886
2020-05-05,68.61255005412366
2020-05-06,71.68882102012212
2020-05-07,69.99165900896064
2020-05-08,58.59269498586516
2020-05-09,51.22786945781189
2020-05-10,40.774077287358324
2020-05-11,31.913374153841477
2020-05-12,20.310991643521707
2020-05-13,13.542505647077155
2020-05-14,9.92574779520663
2020-05-15,0.0
2020-05-16,0.0
2020-05-17,0.0
2020-05-18,0.0
2020-05-19,7.552886916112043
2020-05-20,20.14145146420938
2020-05-21,17.822535971789787
2020-05-22,14.37966107379456
2020-05-23,19.59581888016624
2020-05-24,21.52181382492503
2020-05-25,20.59473162447608
2020-05-26,19.0533029639559
2020-05-27,14.943219273289538
2020-05-28,19.09921093859786
2020-05-29,23.56382422501078
2020-05-30,15.047925699010378
2020-05-31,14.861999201852187
2020-06-01,20.179540408967423
2020-06-02,21.26879648440114
2020-06-03,31.93731677916853
2020-06-04,23.670255217849217
2020-06-05,21.91935777829329
2020-06-06,31.233063493234468
2020-06-07,25.688628119446307
2020-06-08,20.287796462664215
2020-06-09,24.59243098634205
2020-06-10,23.92212751705812
2020-06-11,25.874790495673818
2020-06-12,28.354561162382414
2020-06-13,31.405018552755177
2020-06-14,29.589659928930484
2020-06-15,30.281137076226084
2020-06-16,38.80050901770382
2020-06-17,39.49303228798828
2020-06-18,37.31614058247126
2020-06-19,37.07986622083434
2020-06-20,34.85955675361128
2020-06-21,38.24626325722825
2020-06-22,37.118397776180785
2020-06-23,36.62220583466223
2020-06-24,29.78075542637376
2020-06-25,49.86330290730398
2020-06-26,52.49986343694652
2020-06-27,53.1276412905232
2020-06-28,47.37538346759401
2020-06-29,50.65842021762712
2020-06-30,45.595463810209765
2020-07-01,45.826736155376274
2020-07-02,49.18202244892088
2020-07-03,59.425952729297414
2020-07-04,56.483206905248885
2020-07-05,59.78235569570483
2020-07-06,55.7017850560734
2020-07-07,51.84425038929765
2020-07-08,60.37376501723019
2020-07-09,55.93423834734414
2020-07-10,54.80636248804856
2020-07-11,46.35379062975397
2020-07-12,50.75543224832012
2020-07-13,50.75917972368283
2020-07-14,43.43352652753186
2020-07-15,51.534790631996145
2020-07-16,50.29303533854927
2020-07-17,57.748677915636016
2020-07-18,57.49469615746133
2020-07-19,57.356515323135035
2020-07-20,65.13927180042293
2020-07-21,65.00614002680902
2020-07-22,67.86000983706903
2020-07-23,72.77182650685533
2020-07-24,76.00132545245252
2020-07-25,78.0276116676708
2020-07-26,72.50984419456653
2020-07-27,71.20629646574733
2020-07-28,56.078856535446256
2020-07-29,85.32541603515345
2020-07-30,85.80171077311725
2020-07-31,92.8855060570044
2020-08-01,92.9868186574838
2020-08-02,81.25991956792426
2020-08-03,75.73304996892722
2020-08-04,85.74230926170293
2020-08-05,77.62965018716689
2020-08-06,60.24610450411603
2020-08-07,78.5924147512231
2020-08-08,77.04413106294272
2020-08-09,81.56784535934453
2020-08-10,85.51585192402479
2020-08-11,80.6889960812086
2020-08-12,78.60945973706635
2020-08-13,70.3569881747351
2020-08-14,80.05669255741483
2020-08-15,84.67654278257584
2020-08-16,83.70109640969524
2020-08-17,83.12875600222061
2020-08-18,79.2930573246391
2020-08-19,83.89116578197141
2020-08-20,81.55230032344424
2020-08-21,78.49341956725968
2020-08-22,82.16084398845389
2020-08-23,78.413995785006
2020-08-24,75.69922934637636
2020-08-25,77.56337169797028
2020-08-26,80.00833159821578
2020-08-27,80.20429654019253
2020-08-28,73.70652469830206
2020-08-29,78.29464921779906
2020-08-30,74.18701934141096
2020-08-31,75.52607632519958
2020-09-01,71.82363441776428
2020-09-02,66.64840308435383
2020-09-03,70.30021987692643
2020-09-04,69.60038978700217
2020-09-05,67.83894654232874
2020-09-06,72.38150303169496
2020-09-07,70.80268132761144
2020-09-08,72.71687809096592
2020-09-09,53.17126028214853
2020-09-10,72.55380438556556
2020-09-11,69.61592520773554
2020-09-12,68.1174346183323
2020-09-13,72.74488854734004
2020-09-14,69.19692184872751
2020-09-15,71.40746509977988
2020-09-16,69.32286662490354
2020-09-17,68.45177572168517
2020-09-18,63.9774641486456
2020-09-19,61.65253280662365
2020-09-20,58.13390517533551
2020-09-21,55.945130516553604
2020-09-22,53.15002164272712
2020-09-23,54.28225346976078
2020-09-24,53.457919795371104
2020-09-25,53.42996612426065
2020-09-26,47.1651222398196
2020-09-27,46.849011607309656
2020-09-28,48.197645342220106
2020-09-29,45.85926041902754
2020-09-30,42.45950873128089
2020-10-01,40.87726453774525
2020-10-02,40.435703169662254
2020-10-03,38.747053878691624
2020-10-04,34.59575108525591
2020-10-05,33.73021537387695
2020-10-06,29.255784062370243
2020-10-07,30.758494580034153
2020-10-08,29.72663652249103
2020-10-09,30.41727906505778
2020-10-10,25.685995863040393
2020-10-11,30.69512877284238
2020-10-12,27.85587973870581
2020-10-13,21.58839313824245
2020-10-14,13.581497846412711
2020-10-15,10.143401613966406
2020-10-16,9.546751961451749
2020-10-17,8.290240543895928
2020-10-18,10.603390402933817
2020-10-19,9.443770279910334
2020-10-20,9.891300973267738
2020-10-21,9.738884003250925
2020-10-22,5.938626117528956
2020-10-23,4.666788212321991
2020-10-24,7.696395845142786
2020-10-25,9.440722806791284
2020-10-26,10.600215172211112
2020-10-27,11.582720176920455
2020-10-28,5.667178784087768
2020-10-29,6.606950440213843
2020-10-30,6.922157381855027
2020-10-31,9.96599273373883
2020-11-01,14.00113660565276
2020-11-02,7.3114808668819755
2020-11-03,15.033894531702101
2020-11-04,20.766804390603582
2020-11-05,18.60963048827517
2020-11-06,23.223372153619692
2020-11-07,28.362801077029278
2020-11-08,26.430766250698785
2020-11-09,21.58839760375238
2020-11-10,21.276155562532935
2020-11-11,23.025720537986246
2020-11-12,23.35830979496184
2020-11-13,25.729643298641975
2020-11-14,31.872954003475144
2020-11-15,27.522207225117086
2020-11-16,26.648284701859286
2020-11-17,26.25456754845987
2020-11-18,24.35649358959461
2020-11-19,25.529008101291804
2020-11-20,22.157045710143574
2020-11-21,21.103494192569432
2020-11-22,27.4316531668058
2020-11-23,30.36960059480576
2020-11-24,30.167902942670995
2020-11-25,27.347197920332576
2020-11-26,53.872948878557814
2020-11-27,64.0051787029214
2020-11-28,73.8206773202869
2020-11-29,68.71616375514154
2020-11-30,63.954698199277544
2020-12-01,68.95055244818101
2020-12-02,76.66012213454422
2020-12-03,78.26191388034555
2020-12-04,77.56452570487833
2020-12-05,77.87219610237806
2020-12-06,78.62310405466118
2020-12-07,53.7811546962499
2020-12-08,51.147128064038014
2020-12-09,52.17634791934683
2020-12-10,52.493080445744255
2020-12-11,56.72796267253799
2020-12-12,46.05112599130348
2020-12-13,47.95624555064163
2020-12-14,43.279953517304115
2020-12-15,45.823438385223135
2020-12-16,47.5113084688374
2020-12-17,50.37069865273696
2020-12-18,52.090169127625494
2020-12-19,50.34617755576963
2020-12-20,52.55286851084417
2020-12-21,53.64344286282469
2020-12-22,53.40030366023984
2020-12-23,59.75131337995083
2020-12-24,68.46231950325279
2020-12-25,79.87475361220477
2020-12-26,76.01600880125847
2020-12-27,67.39912177630174
2020-12-28,62.69702828793722
2020-12-29,57.579200556925024
2020-12-30,65.16230746064814
2020-12-31,68.67887662996831
2021-01-01,67.55253695328109
2021-01-02,73.47723573078653
2021-01-03,76.81548814133149
2021-01-04,73.01981811753025
2021-01-05,74.63556556509539
2021-01-06,75.42550441319715
2021-01-07,75.72087176699218
2021-01-08,72.79333360982378
2021-01-09,83.46719701991701
2021-01-10,83.21781576487435
2021-01-11,77.71816274469808
2021-01-12,78.187554186917
2021-01-13,77.94413190098082
2021-01-14,70.45117392773824
2021-01-15,80.61690424061904
2021-01-16,78.69558234474543
2021-01-17,80.36523417815772
2021-01-18,79.92166370865904
2021-01-19,104.10773261840048
2021-01-20,110.31236466901383
2021-01-21,112.70795026295077
2021-01-22,114.22704011838498
2021-01-23,111.21259955812003
2021-01-24,110.6963997208188
2021-01-25,115.60896159739828
2021-01-26,113.47921523421898
2021-01-27,112.42290581619658
2021-01-28,110.2209454758933
2021-01-29,114.69187027527624
2021-01-30,118.6504417788337
2021-01-31,119.7190910502382
2021-02-01,114.48229041808999
2021-02-02,115.3509885576135
2021-02-03,125.4438033019495
2021-02-04,113.14205196885831
2021-02-05,112.17692760580343
2021-02-06,110.29695100963515
2021-02-07,112.34463552746297
2021-02-08,112.27532211864643
2021-02-09,110.26042323157226
2021-02-10,102.48876960466873
2021-02-11,98.23838757401465
2021-02-12,94.84347210601037
2021-02-13,91.22631732282713
2021-02-14,92.6200700003796
2021-02-15,63.46786492866415
2021-02-16,79.12876538992504
2021-02-17,74.43935047121916
2021-02-18,66.19793689970517
2021-02-19,55.51089031418632
2021-02-20,59.82195745262907
2021-02-21,58.89037661252993
2021-02-22,50.23521369781641
2021-02-23,55.486566062734624
2021-02-24,56.56696715932597
2021-02-25,49.54588542130086
2021-02-26,40.84392178750398
2021-02-27,47.48264390057712
2021-02-28,47.25669846753419
2021-03-01,41.79491556203964
2021-03-02,34.53465199514069
2021-03-03,31.73159318324978
2021-03-04,25.627236861340716
2021-03-05,24.633110385016185
2021-03-06,24.633110385016185
2021-03-07,24.214550517939145
2021-03-08,13.598834068385445
2021-03-09,6.456592894780754
2021-03-10,5.186328618326667
2021-03-11,2.951401359971602
2021-03-12,4.188802841023772
2021-03-13,4.629795019711334
2021-03-14,4.629795019711334
2021-03-15,4.7025744736868065
2021-03-16,4.117832815327513
2021-03-17,5.676889355156763
2021-03-18,3.591887167691535
2021-03-19,4.511119737180414
2021-03-20,6.251839109985162
2021-03-21,5.472988155178829
2021-03-22,6.353237551780778
2021-03-23,4.352116829258341
2021-03-24,5.667586009889536
2021-03-25,3.782747636140598
2021-03-26,5.4925832199902835
2021-03-27,5.4925832199902835
2021-03-28,5.498140391414818
2021-03-29,3.4786517393832153
2021-03-30,4.4154597342544495
2021-03-31,2.7120833698027837
2021-04-01,3.5519131692003563
2021-04-02,3.5465254760622034
2021-04-03,5.3201607271688
2021-04-04,5.554797207394479
2021-04-05,12.44390357130485
2021-04-06,16.98480732125742
2021-04-07,14.741742972018642
2021-04-08,15.601663359195358
2021-04-09,19.509979078768676
2021-04-10,22.85180649003405
2021-04-11,26.22392927470469
2021-04-12,8.696184821734418
2021-04-13,94.60628090639511
2021-04-14,26.702719965816893
2021-04-15,24.860590580903693
2021-04-16,71.40291342029688
2021-04-17,85.36669842613581
2021-04-18,83.00893668393654
2021-04-19,69.09698641326558
2021-04-20,62.189213797057846
2021-04-21,60.869561924679424
2021-04-22,65.85250095758828
2021-04-23,71.75371126585713
2021-04-24,73.21562921995665
2021-04-25,60.935901390656596
2021-04-26,60.935901390656596
2021-04-27,60.935901390656596
2021-04-28,61.575979165908215
2021-04-29,72.63097772687443
2021-04-30,67.1737372352489
2021-05-01,64.07685873511508
2021-05-02,64.07685873511508
2021-05-03,63.78117871249441
2021-05-04,54.594907799900135
2021-05-05,50.44996514526636
2021-05-06,52.59921236691787
2021-05-07,62.516989763293786
2021-05-08,55.33963955559742
2021-05-09,55.33963955559742
2021-05-10,66.86575213645376
2021-05-11,67.86296705731395
2021-05-12,67.86296705731395
2021-05-13,68.64721205469694
2021-05-14,80.37496576742473
2021-05-15,76.48523984515539
2021-05-16,86.24536377737536
2021-05-17,59.17388745690604
2021-05-18,78.9005299157608
2021-05-19,83.82087056848697
2021-05-20,84.26521046774891
2021-05-21,95.74450826513687
2021-05-22,107.11175176633856
2021-05-23,107.11175176633856
2021-05-24,106.76880928919644
2021-05-25,91.58043648387651
2021-05-26,81.4406359878134
2021-05-27,82.22503355506426
2021-05-28,98.6380347605291
2021-05-29,110.59482947762494
2021-05-30,110.59482947762494
2021-05-31,110.65107791903428
2021-06-01,101.68182921357025
2021-06-02,91.77282633909185
2021-06-03,116.69837141196791
2021-06-04,116.69837141196791
2021-06-05,116.69837141196791
2021-06-06,116.5812105981301
2021-06-07,106.5769818857547
2021-06-08,123.39088905581964
2021-06-09,123.39088905581964
2021-06-10,123.39088905581964
2021-06-11,123.39088905581964
2021-06-12,123.39088905581964
2021-06-13,123.39088905581964
2021-06-14,123.39088905581964
2021-06-15,123.39088905581964
2021-06-16,123.39088905581964
2021-06-17,123.39088905581964
2021-06-18,123.39088905581964
2021-06-19,123.39088905581964
2021-06-20,123.42668046187032
2021-06-21,123.18882085979634
2021-06-22,128.03964911646577
2021-06-23,128.03964911646577
2021-06-24,128.03964911646577
2021-06-25,128.03964911646577
2021-06-26,128.03964911646577
2021-06-27,128.03964911646577
2021-06-28,128.03964911646577
2021-06-29,128.14868210861206
2021-06-30,115.33316452713784
2021-07-01,128.028922010459
2021-07-02,121.39216175166722
2021-07-03,111.05583936122609
2021-07-04,123.83065270930477
2021-07-05,129.78826495938262
2021-07-06,129.78826495938262
2021-07-07,129.78826495938262
2021-07-08,129.78826495938262
2021-07-09,129.78826495938262
2021-07-10,129.91913634571839
2021-07-11,117.83778795544805
2021-07-12,119.62617814108411
2021-07-13,81.5739896236299
2021-07-14,113.210991319933
2021-07-15,113.21909315756865
2021-07-16,115.63298647942588
2021-07-17,120.52481024055838
2021-07-18,112.10457439321168
2021-07-19,105.35857850046877
2021-07-20,103.08968038554121
2021-07-21,97.85619472100201
2021-07-22,106.29772667274278
2021-07-23,90.18647110873216
2021-07-24,81.7416927331737
2021-07-25,78.48902646704451
2021-07-26,76.01634124932984
2021-07-27,68.06311710367562
2021-07-28,69.89946882461706
2021-07-29,69.89946882461706
2021-07-30,60.22236410189933
2021-07-31,57.82328125006766
2021-08-01,44.83779087532574
2021-08-02,43.402529845212406
2021-08-03,40.04012597878529
2021-08-04,37.889440031836145
2021-08-05,29.8350231858322
2021-08-06,33.34202711797721
2021-08-07,25.07503284897099
2021-08-08,19.90463332936359
2021-08-09,12.811117385176281
2021-08-10,13.157124942111016
2021-08-11,12.57478105545892
2021-08-12,11.693962928252711
2021-08-13,12.542778586498123
2021-08-14,10.65157079796092
2021-08-15,11.130578923280908
2021-08-16,9.323646541884234
2021-08-17,11.043195705790255
2021-08-18,10.049227463969332
2021-08-19,12.208451843842548
2021-08-20,11.297193922991077
2021-08-21,10.775966530852322
2021-08-22,10.289352638163221
2021-08-23,10.618735106913851
2021-08-24,11.980661129684782
2021-08-25,13.16311743682315
2021-08-26,10.013711755111196
2021-08-27,10.596946053126489
2021-08-28,12.073511237310854
2021-08-29,11.316117413548922
2021-08-30,9.730539261377743
2021-08-31,12.544568881129722
2021-09-01,9.83902575996103
2021-09-02,8.629537445487601
2021-09-03,8.309103675289428
2021-09-04,10.517986241126291
2021-09-05,14.536987064664075
2021-09-06,10.896824971882365
2021-09-07,8.35813571084398
2021-09-08,10.484199253055078
2021-09-09,11.647698568618395
2021-09-10,13.422025684827979
2021-09-11,18.737949292210395
2021-09-12,14.322858516929877
2021-09-13,21.618585120134536
2021-09-14,19.50104635366386
2021-09-15,23.82398759038314
2021-09-16,31.660957680084096
2021-09-17,30.033310201150343
2021-09-18,28.181158205115512
2021-09-19,32.68391760295921
2021-09-20,29.50864024719074
2021-09-21,31.843484961967466
2021-09-22,35.145434222459656
2021-09-23,40.1742331042636
2021-09-24,19.0278698691585
2021-09-25,20.225238556087174
2021-09-26,23.01203504707792
2021-09-27,24.85039994988155
2021-09-28,27.012302797364754
2021-09-29,33.77944617423566
2021-09-30,52.82291947692775
2021-10-01,54.24638044101673
2021-10-02,61.19412838740045
2021-10-03,62.93411912958154
2021-10-04,64.75892098279391
2021-10-05,68.835269419008
2021-10-06,61.314417724952335
2021-10-07,69.12204935942627
2021-10-08,68.80671937497367
2021-10-09,62.53128124676343
2021-10-10,63.46352554114989
2021-10-11,63.29997071925029
2021-10-12,59.72101950666134
2021-10-13,67.81091378811234
2021-10-14,56.659240754861436
2021-10-15,55.25039339325989
2021-10-16,63.79735306118794
2021-10-17,61.46878111724902
2021-10-18,63.80010795367713
2021-10-19,64.54955063038652
2021-10-20,65.64403677653956
2021-10-21,52.745489932658074
2021-10-22,60.85472464526257
2021-10-23,60.85472464526257
2021-10-24,57.66233760105732
2021-10-25,59.48484122783807
2021-10-26,65.97737588665815
2021-10-27,61.89151490686874
2021-10-28,55.49553714451461
2021-10-29,67.64091236840936
2021-10-30,72.67849956781474
2021-10-31,69.99828669739179
2021-11-01,79.05886265137963
2021-11-02,71.12749295036942
2021-11-03,71.01492439280139
2021-11-04,67.41179562488921
2021-11-05,82.31075432090776
2021-11-06,82.71162550432783
2021-11-07,96.74810353637066
2021-11-08,88.87970342207437
2021-11-09,99.71967664958827
2021-11-10,113.45973962129301
2021-11-11,102.21383725737451
2021-11-12,111.92281437251104
2021-11-13,113.28502083484808
2021-11-14,111.0291182290053
2021-11-15,117.91231228236823
2021-11-16,112.98031338237415
2021-11-17,135.18150848780328
2021-11-18,108.73330232363936
2021-11-19,134.79236314083016
2021-11-20,134.79236314083016
2021-11-21,121.07085029767228
2021-11-22,137.0113214784583
2021-11-23,132.5474987198994
2021-11-24,129.07752021098995
2021-11-25,122.89598102944528
2021-11-26,144.52840805512022
2021-11-27,147.52598755212497
2021-11-28,143.13664528976594
2021-11-29,140.3324431762384
2021-11-30,138.46288446061737
2021-12-01,133.07580081605286
2021-12-02,113.26524760170724
2021-12-03,134.00220294705153
2021-12-04,131.3869288156553
2021-12-05,130.01267691037904
2021-12-06,136.570848178623
2021-12-07,140.5467298774387
2021-12-08,139.29646715957148
2021-12-09,60.21135371207432
2021-12-10,140.6476858061265
2021-12-11,148.00416199505668
2021-12-12,145.33897500024707
2021-12-13,135.88545231325656
2021-12-14,142.81150900356533
2021-12-15,141.78601083691152
2021-12-16,115.09927250197103
2021-12-17,137.5391764407008
2021-12-18,131.23121606270294
2021-12-19,128.04850051184553
2021-12-20,124.64437141270776
2021-12-21,125.28000805364098
2021-12-22,117.41321964338015
2021-12-23,115.01285053395897
2021-12-24,110.1565302397462
2021-12-25,101.43438101168198
2021-12-26,68.66503403006779
2021-12-27,61.221707980104185
2021-12-28,89.11049979778421
2021-12-29,86.80136808372826
2021-12-30,70.82595580783753
2021-12-31,68.89150088243439
2022-01-01,64.810278279688
2022-01-02,51.470252804100234
2022-01-03,46.354914767571216
2022-01-04,43.63481882115991
2022-01-05,38.66276550274737
2022-01-06,37.80052089368852
2022-01-07,31.641607742351127
2022-01-08,24.342045369236313
2022-01-09,26.933953175474254
2022-01-10,24.10943307059144
2022-01-11,20.428912024488657
2022-01-12,11.341843540177932
2022-01-13,10.327075976939389
2022-01-14,10.12250873650986
2022-01-15,8.227135825877435
2022-01-16,10.09700678771359
2022-01-17,7.987557107423299
2022-01-18,7.800329829487114
2022-01-19,9.7668071260483
2022-01-20,9.414300940859057
2022-01-21,8.514825395647149
2022-01-22,12.756170914070928
2022-01-23,7.95843132734919
2022-01-24,10.610322815662112
2022-01-25,7.276036374915513
2022-01-26,7.097510932334465
2022-01-27,8.491796211595704
2022-01-28,6.939517269300551
2022-01-29,9.061789210341983
2022-01-30,8.216595966784523
2022-01-31,11.938043427666011
2022-02-01,13.881509922862605
2022-02-02,12.82090506470068
2022-02-03,10.531878324980546
2022-02-04,13.668605013773336
2022-02-05,15.21349764912515
2022-02-06,11.1213778870811
2022-02-07,11.572040838821522
2022-02-08,13.029072621055514
2022-02-09,15.0493867732951
2022-02-10,14.50927670040427
2022-02-11,13.123805881979694
2022-02-12,16.46690374734746
2022-02-13,26.74511324901023
2022-02-14,16.272882380048173
2022-02-15,17.695738887212276
2022-02-16,27.49960837872399
2022-02-17,26.373403966961025
2022-02-18,34.156339588872406
2022-02-19,45.4683759204573
2022-02-20,48.890522035707534
2022-02-21,52.76858618679551
2022-02-22,52.99674873383552
2022-02-23,40.86988784274815
2022-02-24,40.49599409874127
2022-02-25,40.46223313498382
2022-02-26,47.45998386339631
2022-02-27,40.17062535647605
2022-02-28,35.71419518687542
2022-03-01,22.868408419780298
2022-03-02,22.868408419780298
2022-03-03,22.868408419780298
2022-03-04,45.01566449740135
2022-03-05,30.62734780675817
2022-03-06,30.62734780675817
2022-03-07,30.62734780675817
2022-03-08,30.62734780675817
2022-03-09,30.62734780675817
2022-03-10,30.62734780675817
2022-03-11,67.99205922574528
2022-03-12,70.82969183930155
2022-03-13,70.82969183930155
2022-03-14,61.27662258745962
2022-03-15,56.40973514228841
2022-03-16,49.95826729361435
2022-03-17,57.04020352723054
2022-03-18,84.61019778138933
2022-03-19,84.61019778138933
2022-03-20,84.61019778138933
2022-03-21,84.61019778138933
2022-03-22,84.61019778138933
2022-03-23,84.61019778138933
2022-03-24,84.61019778138933
2022-03-25,84.61019778138933
2022-03-26,84.61019778138933
2022-03-27,64.21470972702022
2022-03-28,66.8261584299549
2022-03-29,69.52637044257555
2022-03-30,56.69092058960813
2022-03-31,67.1316205521386
2022-04-01,64.90195151727988
2022-04-02,67.15740956485315
2022-04-03,65.26605048638997
2022-04-04,65.00292452148629
2022-04-05,91.09147821304187
2022-04-06,51.306371629047995
2022-04-07,53.927794556844525
2022-04-08,86.82570673814666
2022-04-09,104.72225384440208
2022-04-10,97.42144408316229
2022-04-11,101.04840972231734
2022-04-12,102.79600258231329
2022-04-13,96.37533503391471
2022-04-14,102.20649964572722
2022-04-15,100.11658352764142
2022-04-16,111.92857031945856
2022-04-17,104.3360105212904
2022-04-18,107.66090188514274
2022-04-19,106.1809981169806
2022-04-20,119.27166693245282
2022-04-21,44.34397729022397
2022-04-22,113.36946889283008
2022-04-23,99.74887200674533
2022-04-24,111.06754820923975
2022-04-25,109.90333754926557
2022-04-26,116.53850473351338
2022-04-27,92.67409525394719
2022-04-28,129.25200703575675
2022-04-29,113.67340479866141
2022-04-30,127.50720542044623
2022-05-01,121.21858524906712
2022-05-02,135.41426793395522
2022-05-03,123.70304229849417
2022-05-04,124.84862469623125
2022-05-05,130.1245475168154
2022-05-06,141.06720317697128
2022-05-07,147.39033343317624
2022-05-08,143.53405964716995
2022-05-09,140.48368482282237
2022-05-10,121.25284223673124
2022-05-11,139.60644869768268
2022-05-12,130.83264005494195
2022-05-13,113.35259333035259
2022-05-14,116.65681804876324
2022-05-15,129.9102647788968
2022-05-16,127.42801417904325
2022-05-17,122.53531409104578
2022-05-18,112.78542171510769
2022-05-19,119.27532176535306
2022-05-20,126.08518356195903
2022-05-21,119.13588304153826
2022-05-22,114.39517774308894
2022-05-23,125.71309176210815
2022-05-24,129.48271642567693
2022-05-25,127.75131989915313
2022-05-26,125.84678714046117
2022-05-27,127.25940115908209
2022-05-28,122.07158139214054
2022-05-29,108.99516941983147
2022-05-30,118.71078953642966
2022-05-31,123.31766178581255
2022-06-01,116.67623103605105
2022-06-02,121.72896139701216
2022-06-03,117.5818966321408
2022-06-04,114.32941959384817
2022-06-05,121.13517225634973
2022-06-06,111.80806507211484
2022-06-07,106.79254341171384
2022-06-08,108.05378386419518
2022-06-09,103.7745646414346
2022-06-10,109.0703940788107
2022-06-11,102.23161946557737
2022-06-12,105.76159890135341
2022-06-13,103.3500117766239
2022-06-14,101.96321304739604
2022-06-15,87.1842052223018
2022-06-16,77.60932901737918
2022-06-17,70.59055864678308
2022-06-18,58.06911664045359
2022-06-19,50.24795571552783
2022-06-20,41.45633594385374
2022-06-21,44.67138025769049
2022-06-22,25.510178645792408
2022-06-23,24.293524172905666
2022-06-24,19.16023787088182
2022-06-25,16.11456035255635
2022-06-26,13.315174988175393
2022-06-27,20.155627875889827
2022-06-28,14.906332605269426
2022-06-29,7.23275591059361
2022-06-30,12.537609370880466
2022-07-01,10.79293618807855
2022-07-02,7.70660844649048
2022-07-03,8.52283698945878
2022-07-04,11.95113148606495
2022-07-05,10.479033516703888
2022-07-06,13.63321055288241
2022-07-07,7.016571135583068
2022-07-08,5.353494696768897
2022-07-09,7.980970300388301
2022-07-10,7.477134468208939
2022-07-11,9.489468599849223
2022-07-12,9.424312777322097
2022-07-13,8.607827235282661
2022-07-14,7.852908251303671
2022-07-15,7.361037173938107
2022-07-16,7.316905854304916
2022-07-17,7.068545066683395
2022-07-18,12.296837668591422
2022-07-19,8.527682208943231
2022-07-20,7.218381505744097
2022-07-21,7.437877427210581
2022-07-22,10.27060980534631
2022-07-23,6.6328328922325035
2022-07-24,7.255010036332041
2022-07-25,7.880521654619166
2022-07-26,7.4865287699409295
2022-07-27,7.8138994046004
2022-07-28,7.4499652018146705
2022-07-29,7.983325192143494
2022-07-30,20.033503050238114
2022-07-31,11.198192742535747
2022-08-01,0.0
2022-08-02,3.947010152983832
2022-08-03,21.97245669143034
2022-08-04,28.709827221936603
2022-08-05,33.41976237247113
2022-08-06,26.482800326042298
2022-08-07,39.83138152796435
2022-08-08,36.935924014343854
2022-08-09,37.89535172114045
2022-08-10,39.83002670416025
2022-08-11,34.25510881440517
2022-08-12,23.525565333554763
2022-08-13,22.844396550563502
2022-08-14,35.106493924649264
2022-08-15,24.12608435384325
2022-08-16,39.37190878228294
2022-08-17,40.54860034884735
2022-08-18,44.52698255363274
2022-08-19,37.06248192571773
2022-08-20,52.964781875447954
2022-08-21,57.745244674858576
2022-08-22,29.877050757534036
2022-08-23,38.939313679263606
2022-08-24,46.81344394590903
2022-08-25,50.75559428953812
2022-08-26,40.97711427932066
2022-08-27,47.64652322670335
2022-08-28,43.04067033559422
2022-08-29,45.51687353340427
2022-08-30,42.27480912645379
2022-08-31,33.34639469809603
2022-09-01,41.952776757413965
2022-09-02,39.310924627127754
2022-09-03,36.6187614708613
2022-09-04,38.30068029014924
2022-09-05,37.44411533189685
2022-09-06,35.853404244275566
2022-09-07,26.340427365516945
2022-09-08,37.382733401074766
2022-09-09,41.75736750319747
2022-09-10,40.07744289155328
2022-09-11,42.27185227943967
2022-09-12,51.140248644540975
2022-09-13,46.83446294339819
2022-09-14,45.71230291475539
2022-09-15,54.4098591173914
2022-09-16,64.00386429059458
2022-09-17,65.04673308748492
2022-09-18,63.70454821601512
2022-09-19,59.32674428777551
2022-09-20,44.586478529115716
2022-09-21,52.83763166729771
2022-09-22,58.08428792937431
2022-09-23,57.11437636359896
2022-09-24,61.23665304121091
2022-09-25,64.75992696193337
2022-09-26,58.793341169172926
2022-09-27,63.97852611091799
2022-09-28,64.59017222347443
2022-09-29,68.8433517239902
2022-09-30,62.223571152393866
2022-10-01,61.878944767660734
2022-10-02,68.12704395779333
2022-10-03,65.77136878228697
2022-10-04,61.99090152662571
2022-10-05,60.961320534329396
2022-10-06,70.50314102920227
2022-10-07,73.53982985070938
2022-10-08,78.09581538149307
2022-10-09,79.49395903009577
2022-10-10,72.28291792191568
2022-10-11,70.22441523041158
2022-10-12,64.9549669262489
2022-10-13,76.0556286839436
2022-10-14,68.72932480149514
2022-10-15,76.63865170544479
2022-10-16,66.28650933838448
2022-10-17,50.4977240829088
2022-10-18,76.9383932255255
2022-10-19,65.97172075966012
2022-10-20,70.5594230930137
2022-10-21,72.12142190923043
2022-10-22,76.98000824374004
2022-10-23,78.80849143035654
2022-10-24,72.74399991340248
2022-10-25,78.24889808211871
2022-10-26,62.37928858368522
2022-10-27,75.65101068605881
2022-10-28,81.99709667195874
2022-10-29,66.08399281825935
2022-10-30,68.4301130687569
2022-10-31,68.62235118049439
2022-11-01,61.64952855361059
2022-11-02,55.86825171317642
2022-11-03,67.37508231002101
2022-11-04,63.92514441409688
2022-11-05,65.99890732230354
2022-11-06,59.85419825139531
2022-11-07,66.79568877118272
2022-11-08,61.43233321188714
2022-11-09,56.736740470503065
2022-11-10,64.04344850168928
2022-11-11,57.79503341709448
2022-11-12,60.42166003311087
2022-11-13,58.02541258525508
2022-11-14,52.433982299351065
2022-11-15,57.348328832027164
2022-11-16,52.96082674679976
2022-11-17,54.82596260879111
2022-11-18,60.2175429736999
2022-11-19,63.840265243331906
2022-11-20,59.880157764121314
2022-11-21,55.170466140028545
2022-11-22,52.9414880829196
2022-11-23,46.1388081726754
2022-11-24,46.85131493581881
2022-11-25,46.85131493581881
2022-11-26,46.85131493581881
2022-11-27,46.85131493581881
2022-11-28,46.85131493581881
2022-11-29,46.85131493581881
2022-11-30,46.85131493581881
2022-12-01,46.85131493581881
2022-12-02,46.85131493581881
2022-12-03,46.85131493581881
2022-12-04,46.85131493581881
2022-12-05,46.85131493581881
2022-12-06,46.85131493581881
2022-12-07,46.85131493581881
2022-12-08,46.85131493581881
2022-12-09,46.85131493581881
2022-12-10,46.85131493581881
2022-12-11,46.85131493581881
2022-12-12,46.85131493581881
2022-12-13,46.85131493581881
2022-12-14,46.85131493581881
2022-12-15,46.85131493581881
2022-12-16,46.85131493581881
2022-12-17,46.85131493581881
2022-12-18,46.85131493581881
2022-12-19,46.85131493581881
2022-12-20,46.85131493581881
2022-12-21,46.85131493581881
2022-12-22,40.68471922911393
2022-12-23,20.27737149424722
2022-12-24,16.57483826131956
2022-12-25,17.64641607108428
2022-12-26,17.8195227726886
2022-12-27,15.019225133496798
2022-12-28,14.805346584481933
2022-12-29,12.527048725696202
2022-12-30,9.80657546291521
2022-12-31,11.27693681354665
2023-01-01,11.81659014146706
2023-01-02,7.610587063701742
2023-01-03,7.950151389471794
2023-01-04,11.26024622865519
2023-01-05,10.070363630040736
2023-01-06,7.567553675060856
2023-01-07,8.589210189605838
2023-01-08,5.32770107265512
2023-01-09,4.957357306841224
2023-01-10,4.7036083878178925
2023-01-11,5.759371244574795
2023-01-12,4.448683393572429
2023-01-13,4.559024994245116
2023-01-14,4.604893361561101
2023-01-15,4.430303242818851
2023-01-16,5.402904688253895
2023-01-17,5.6718981355695846
2023-01-18,6.717796831879851
2023-01-19,10.27900140704133
2023-01-20,7.852114354394238
2023-01-21,10.797831264843014
2023-01-22,10.119280172939726
2023-01-23,13.136143031844405
2023-01-24,16.48813664963263
2023-01-25,15.493580171909997
2023-01-26,23.350230764547273
2023-01-27,34.28230719393475
2023-01-28,37.06662160076363
2023-01-29,45.58689845198196
2023-01-30,35.84177502661306
2023-01-31,33.28654888919182
2023-02-01,30.233365533227005
2023-02-02,39.069306623917576
2023-02-03,47.99536261634879
2023-02-04,36.145326346094144
2023-02-05,34.08389272841222
2023-02-06,33.11858405738562
2023-02-07,35.352183931774356
2023-02-08,42.05243490462343
2023-02-09,50.1428351645226
2023-02-10,36.360903200826236
2023-02-11,38.34653859258962
2023-02-12,42.02742465424442
2023-02-13,39.86082660812615
2023-02-14,54.47926851652594
2023-02-15,48.05321540773283
2023-02-16,49.7647254051199
2023-02-17,45.91197605336695
2023-02-18,52.816868662430615
2023-02-19,59.148666791445294
2023-02-20,50.73093257364757
2023-02-21,46.248049295785876
2023-02-22,41.980545574490854
2023-02-23,47.32815652400043
2023-02-24,47.28972218358504
2023-02-25,48.601076780635935
2023-02-26,44.87390603756311
2023-02-27,45.86989671345352
2023-02-28,50.21257530818139
2023-03-01,37.59892005414423
2023-03-02,43.25878686631916
2023-03-03,46.947522366449306
2023-03-04,47.809499607177735
2023-03-05,47.009719151850625
2023-03-06,50.68267394794638
2023-03-07,44.293300537388596
2023-03-08,42.07919258915849
2023-03-09,46.422334873374815
2023-03-10,54.886853135869444
2023-03-11,51.185075901095615
2023-03-12,50.092490218582775
2023-03-13,58.905637344666424
2023-03-14,53.439699279492764
2023-03-15,37.04992085081434
2023-03-16,41.51985900762907
2023-03-17,59.30890030821555
2023-03-18,53.10212316396854
2023-03-19,55.85161509999378
2023-03-20,54.78733690445464
2023-03-21,49.51370844828556
2023-03-22,54.413715113115536
2023-03-23,58.96764457892573
2023-03-24,56.41184460524119
2023-03-25,60.13890084290051
2023-03-26,58.45304631194881
2023-03-27,64.52015350996966
2023-03-28,58.89891308194766
2023-03-29,59.78334870223821
2023-03-30,63.587536075581404
2023-03-31,68.65529601028732
2023-04-01,67.06868223192441
2023-04-02,66.9201702242134
2023-04-03,73.39571727733217
2023-04-04,66.1565954388915
2023-04-05,67.80450014887118
2023-04-06,72.37582232765476
2023-04-07,73.74495248994792
2023-04-08,69.42570869388163
2023-04-09,74.15014773319838
2023-04-10,74.5093686088005
2023-04-11,77.50625305135125
2023-04-12,77.5329656911377
2023-04-13,81.20572344056039
2023-04-14,76.05950914834709
2023-04-15,80.12801046538563
2023-04-16,77.56552756390364
2023-04-17,80.33029371169526
2023-04-18,81.13261639596303
2023-04-19,75.7355597554943
2023-04-20,83.84909281692
2023-04-21,84.47280809333004
2023-04-22,87.90791191519878
2023-04-23,80.66874331002477
2023-04-24,87.70069125356099
2023-04-25,92.4125109318609
2023-04-26,73.7711099107457
2023-04-27,88.37132343637218
2023-04-28,88.9907755897429
2023-04-29,95.24360803423768
2023-04-30,94.01622364650177
2023-05-01,94.0557362281625
2023-05-02,97.3596122458621
2023-05-03,94.71888068546905
2023-05-04,94.37869829883192
2023-05-05,98.10874122799851
2023-05-06,98.07552998572946
2023-05-07,94.02477515421954
2023-05-08,92.41175388920583
2023-05-09,89.10768732738217
2023-05-10,89.07468544420107
2023-05-11,78.75371195873997
2023-05-12,76.97468747047074
2023-05-13,90.55394031797128
2023-05-14,86.10613421938929
2023-05-15,84.20924500851375
2023-05-16,86.31688615137138
2023-05-17,84.89558489263325
2023-05-18,83.28746484489848
2023-05-19,87.29683897607482
2023-05-20,84.03544756881892
2023-05-21,85.5438265072885
2023-05-22,88.72344797954992
2023-05-23,85.39366741652401
2023-05-24,75.20553799005127
2023-05-25,83.9202787411905
2023-05-26,88.25021132907527
2023-05-27,84.012625465495
2023-05-28,90.1559056666274
2023-05-29,88.37416225977012
2023-05-30,89.72458989136287
2023-05-31,85.60804094112716
2023-06-01,86.12625647634945
2023-06-02,86.58291724311596
2023-06-03,77.47258065832712
2023-06-04,84.62641729566104
2023-06-05,81.96296249224328
2023-06-06,82.91116209305754
2023-06-07,67.97946835538743
2023-06-08,59.62578603860544
2023-06-09,81.10012683396072
2023-06-10,75.70299033373026
2023-06-11,75.88641963774968
2023-06-12,71.88755467448347
2023-06-13,74.00118057595158
2023-06-14,74.15865356882445
2023-06-15,69.803691005175
2023-06-16,60.68765059502658
2023-06-17,60.006087921865294
2023-06-18,57.32710459884631
2023-06-19,53.950909463124
2023-06-20,50.03616918966211
2023-06-21,48.09248263663559
2023-06-22,50.881027661139946
2023-06-23,50.75155746077504
2023-06-24,50.62201752108873
2023-06-25,47.84255331517034
2023-06-26,47.81225817932911
2023-06-27,42.937544362483614
2023-06-28,40.99988516413815
2023-06-29,38.31695270855881
2023-06-30,37.38841087664747
2023-07-01,37.41815355285085
2023-07-02,36.73993662241404
2023-07-03,36.600061769438476
2023-07-04,31.04352150219502
2023-07-05,27.268515231997952
2023-07-06,25.142749021427118
2023-07-07,20.61009355550273
2023-07-08,24.308920665496185
2023-07-09,22.68911336149658
2023-07-10,17.605312619722405
2023-07-11,15.40864760464359
2023-07-12,13.961835989657006
2023-07-13,11.403538441165354
2023-07-14,14.44647950359902
2023-07-15,9.25341349414648
2023-07-16,3.371311984437486
2023-07-17,3.6874597591383846
2023-07-18,5.7528424419571165
2023-07-19,4.382079017023018
2023-07-20,3.128768290916534
2023-07-21,3.1003214455575985
2023-07-22,2.699231708541348
2023-07-23,2.7146113059165793
2023-07-24,3.1326517859501712
2023-07-25,3.317646427742089
2023-07-26,3.2736145756101322
2023-07-27,6.50609882233315
2023-07-28,12.450527492230492
2023-07-29,17.080133081284767
2023-07-30,15.436170102289893
2023-07-31,16.068027068704
2023-08-01,11.347252189567739
2023-08-02,13.245441568346573
2023-08-03,11.40973266639883
2023-08-04,12.708482882834858
2023-08-05,17.764044781393462
2023-08-06,32.88655696800119
2023-08-07,33.245863549812825
2023-08-08,35.68714286134425
2023-08-09,42.925009238389045
2023-08-10,42.324417259784674
2023-08-11,46.07878587960627
2023-08-12,45.68068023180996
2023-08-13,37.34299175048614
2023-08-14,31.85342025700022
2023-08-15,28.97618382346133
2023-08-16,20.97667771166668
2023-08-17,30.29480185358356
2023-08-18,44.50660030280755
2023-08-19,52.317878800815286
2023-08-20,55.83695767170311
2023-08-21,59.38160985679027
2023-08-22,61.56376172155683
2023-08-23,54.5126698533169
2023-08-24,63.964763057510105
2023-08-25,57.84654236789856
2023-08-26,58.31329964929292
2023-08-27,59.39919187941675
2023-08-28,54.498058883856324
2023-08-29,58.84378379810175
2023-08-30,59.77305397256484
2023-08-31,58.2862897761055
2023-09-01,64.84491826264126
2023-09-02,63.34374000201954
2023-09-03,48.206332581901
2023-09-04,56.71492321204653
2023-09-05,34.950315447413146
2023-09-06,41.71049402945213
2023-09-07,42.001390529416604
2023-09-08,41.40646393512852
2023-09-09,40.87941934768454
2023-09-10,39.72073056143969
2023-09-11,46.521823819153376
2023-09-12,43.96541610850361
2023-09-13,40.061807479469984
2023-09-14,46.95670595901083
2023-09-15,50.4271900194909
2023-09-16,56.186832212406465
2023-09-17,58.69049004848051
2023-09-18,51.29665297019406
2023-09-19,59.27938936694827
2023-09-20,51.97895594534928
2023-09-21,53.06531618491658
2023-09-22,58.845561069113536
2023-09-23,65.36793730381285
2023-09-24,60.396275129074745
2023-09-25,67.32420235196714
2023-09-26,68.8336827234549
2023-09-27,60.348318629505876
2023-09-28,71.7595632721862
2023-09-29,82.69498001430556
2023-09-30,82.90880317987434
2023-10-01,86.05270021280126
2023-10-02,85.53831209444189
2023-10-03,80.1573474215215
2023-10-04,87.32919472043994
2023-10-05,91.79546924755782
2023-10-06,88.27380588633895
2023-10-07,91.06172418940419
2023-10-08,86.60513341573512
2023-10-09,91.78635757344377
2023-10-10,85.44370807483016
2023-10-11,81.87109488687715
2023-10-12,92.18624465032781
2023-10-13,88.18445720676975
2023-10-14,92.81802747291032
2023-10-15,91.95834151163648
2023-10-16,92.30309507312982
2023-10-17,93.97645293562964
2023-10-18,91.91166156924191
2023-10-19,101.52820802845771
2023-10-20,102.99378361437965
2023-10-21,100.25854098654757
2023-10-22,100.87988661868997
2023-10-23,99.2407197932052
2023-10-24,99.44018936495108
2023-10-25,100.48794635127378
2023-10-26,87.53075627790781
2023-10-27,104.32560429522145
2023-10-28,106.28033666480496
2023-10-29,101.55764681843324
2023-10-30,101.15491765691466
2023-10-31,100.57274078189486
2023-11-01,93.05507412902698
2023-11-02,101.89281383186618
2023-11-03,95.20312052425601
2023-11-04,103.7963414019556
2023-11-05,105.9350627169386
2023-11-06,106.7389574586013
2023-11-07,102.33798671897965
2023-11-08,108.08532404715349
2023-11-09,99.25700713793456
2023-11-10,111.4137706206763
2023-11-11,110.72260087504787
2023-11-12,111.38007231534277
2023-11-13,85.63613752594834
2023-11-14,98.44307487385176
2023-11-15,103.3087179372697
2023-11-16,120.6845138590249
2023-11-17,120.6845138590249
2023-11-18,120.6845138590249
2023-11-19,120.6845138590249
2023-11-20,120.6845138590249
2023-11-21,120.6845138590249
2023-11-22,120.6845138590249
2023-11-23,120.6845138590249
2023-11-24,120.6845138590249
2023-11-25,120.6845138590249
2023-11-26,120.6845138590249
2023-11-27,120.6845138590249
2023-11-28,120.6845138590249
2023-11-29,120.6845138590249
2023-11-30,120.6845138590249
2023-12-01,104.63301995118759
2023-12-02,103.91528125045467
2023-12-03,102.5489535362466
2023-12-04,102.5489535362466
2023-12-05,102.5489535362466
2023-12-06,102.5489535362466
2023-12-07,102.5489535362466
2023-12-08,102.5489535362466
2023-12-09,102.5489535362466
2023-12-10,102.5489535362466
2023-12-11,102.5489535362466
2023-12-12,102.5489535362466
2023-12-13,102.5489535362466
2023-12-14,102.5489535362466
2023-12-15,102.5489535362466
2023-12-16,102.5489535362466
2023-12-17,102.5489535362466
2023-12-18,102.5489535362466
2023-12-19,102.5489535362466
2023-12-20,102.5489535362466
2023-12-21,102.5489535362466
2023-12-22,102.5489535362466
2023-12-23,102.5489535362466
2023-12-24,102.5489535362466
2023-12-25,102.5489535362466
2023-12-26,102.5489535362466
2023-12-27,102.5489535362466
2023-12-28,102.5489535362466
2023-12-29,102.5489535362466
2023-12-30,102.5489535362466
2023-12-31,102.5489535362466
2024-01-01,102.5489535362466
2024-01-02,102.5489535362466
2024-01-03,102.5489535362466
2024-01-04,82.07382432709008
2024-01-05,53.6952804178708
2024-01-06,48.3419422808938
2024-01-07,45.771132602931345
2024-01-08,40.51751867730919
2024-01-09,28.983766169400514
2024-01-10,29.101578434186177
2024-01-11,29.083583108961857
2024-01-12,24.429066500093185
2024-01-13,21.478582655024017
2024-01-14,13.10284082067785
2024-01-15,9.428704669619462
2024-01-16,9.632509234487749
2024-01-17,10.377969558112714
2024-01-18,10.046671538900883
2024-01-19,9.49001474981025
2024-01-20,10.644606054042255
2024-01-21,7.842370628994682
2024-01-22,6.796823282022207
2024-01-23,6.904862009371171
2024-01-24,6.870962616969476
2024-01-25,5.72987880032354
2024-01-26,5.563103778180365
2024-01-27,5.371909498101055
2024-01-28,5.282866223635188
2024-01-29,4.972715808987585
2024-01-30,4.15626584235672
2024-01-31,4.2762219050471755
2024-02-01,4.637968313772214
2024-02-02,4.021898041313498
2024-02-03,5.97781786993739
2024-02-04,7.235445353242048
2024-02-05,6.766732625412615
2024-02-06,12.808181267648543
2024-02-07,11.959422550291412
2024-02-08,17.28275088963373
2024-02-09,23.434849528286566
2024-02-10,18.955460440003375
2024-02-11,18.970732598460938
2024-02-12,18.97869272920308
2024-02-13,43.36126051414712
2024-02-14,42.50826305444639
2024-02-15,37.091767434223556
2024-02-16,27.63944649687026
2024-02-17,40.29763053108584
2024-02-18,38.560458421016364
2024-02-19,33.66992588818844
2024-02-20,31.802467152733755
2024-02-21,28.156469480011847
2024-02-22,23.671155738491837
2024-02-23,32.9138822747392
2024-02-24,32.84395359929158
2024-02-25,32.38822680102955
2024-02-26,33.48208308669895
2024-02-27,39.148432870492734
2024-02-28,56.92637324218074
2024-02-29,60.84018219624266
2024-03-01,48.615310546230695
2024-03-02,56.76179816170322
2024-03-03,55.40490364090604
2024-03-04,55.343098992963654
2024-03-05,49.751964216619115
2024-03-06,57.40579787672703
2024-03-07,70.20277443367434
2024-03-08,67.12407001296074
2024-03-09,60.555919351394
2024-03-10,60.669824273910784
2024-03-11,64.57954677602991
2024-03-12,60.97631738518469
2024-03-13,54.568563568384484
2024-03-14,56.3355675444624
2024-03-15,55.14650245388088
2024-03-16,51.87366926719766
2024-03-17,49.77799071926628
2024-03-18,44.423361176288914
2024-03-19,50.37244669420215
2024-03-20,42.735259146592114
2024-03-21,33.932236154104125
2024-03-22,34.82611230738155
2024-03-23,33.71918535545006
2024-03-24,37.99021543988789
2024-03-25,36.57423023213885
2024-03-26,38.003501397943
2024-03-27,40.80301594312468
2024-03-28,47.91908197733082
2024-03-29,52.639222990354945
2024-03-30,52.130583488623415
2024-03-31,48.78541324341524
2024-04-01,50.40134659306003
2024-04-02,50.67241812541986
2024-04-03,48.26325228814276
2024-04-04,49.84260036860919
2024-04-05,47.66452379160233
2024-04-06,50.87486176184968
2024-04-07,50.069190101372335
2024-04-08,56.82249231841495
2024-04-09,54.18525419699907
2024-04-10,51.406324032031684
2024-04-11,55.268305525950865
2024-04-12,57.785373775928356
2024-04-13,51.9414875898465
2024-04-14,58.6259075862485
2024-04-15,64.50990039632778
2024-04-16,63.60939358178729
2024-04-17,53.17237917351583
2024-04-18,64.4110189992428
2024-04-19,66.36486046174993
2024-04-20,74.9965876431317
2024-04-21,71.72788276366698
2024-04-22,76.01967530627469
2024-04-23,76.48034166868375
2024-04-24,84.80900980043998
2024-04-25,75.00833517189461
2024-04-26,70.89899140668354
2024-04-27,74.30413323187862
2024-04-28,79.49038731878129
2024-04-29,77.22109420063762
2024-04-30,84.65460416964045
2024-05-01,69.72898624712512
2024-05-02,85.53513784192374
2024-05-03,87.67983160415247
2024-05-04,86.45540760184777
2024-05-05,88.73815444177046
2024-05-06,87.26258477982543
2024-05-07,88.7428535505609
2024-05-08,75.92092233816203
2024-05-09,88.13263613600338
2024-05-10,89.8625908745359
2024-05-11,87.9350909432883
2024-05-12,90.5402920728269
2024-05-13,92.66694297838819
2024-05-14,93.47975436766995
2024-05-15,82.01852909473128
2024-05-16,95.26827513032282
2024-05-17,92.55414792143564
2024-05-18,98.54742012880904
2024-05-19,96.63182377629208
2024-05-20,94.81091267519106
2024-05-21,98.23249265491393
2024-05-22,88.26691492686064
2024-05-23,99.18547454327042
2024-05-24,99.38278664942084
2024-05-25,98.82326086358235
2024-05-26,99.76682468249008
2024-05-27,100.12803393627537
2024-05-28,101.54257800540756
2024-05-29,97.33971640254475
2024-05-30,100.15230936822071
2024-05-31,105.71018759490357
