Tanggal,Tavg,RH_avg,RR,ss
2019-01-01,25.7,96.0,12.9,7.5
2019-01-02,25.9,90.0,42.7,6.7
2019-01-03,24.9,94.0,0.5,0.1
2019-01-04,25.8,88.0,34.6,0.1
2019-01-05,26.7,88.0,2.1,3.2
2019-01-06,26.3,87.0,0.0,9.2
2019-01-07,26.5,84.0,0.2,5.5
2019-01-08,27.5,82.0,2.9,10.0
2019-01-09,27.6,84.0,0.0,10.0
2019-01-10,27.6,82.0,0.0,11.8
2019-01-11,27.5,85.0,0.0,9.6
2019-01-12,27.5,83.0,0.0,8.3
2019-01-13,26.6,86.0,0.0,9.7
2019-01-14,26.3,86.0,12.8,9.5
2019-01-15,26.1,87.0,23.799999999999997,9.2
2019-01-16,25.6,91.0,34.8,5.6
2019-01-17,25.4,91.0,22.3,1.1
2019-01-18,26.0,90.0,104.0,0.5
2019-01-19,27.2,88.0,0.6,3.8
2019-01-20,26.2,90.0,0.0,6.4
2019-01-21,26.7,89.0,25.7,5.3
2019-01-22,26.3,88.0,41.0,6.9
2019-01-23,26.4,86.0,37.6,0.5
2019-01-24,27.4,74.0,0.2,0.0
2019-01-25,27.6,82.0,7.3,3.1
2019-01-26,27.7,86.0,0.2,4.9
2019-01-27,26.5,87.0,21.0,10.1
2019-01-28,26.4,90.0,19.6,1.2
2019-01-29,26.0,91.0,11.5,0.8
2019-01-30,25.7,88.0,1.2,5.1
2019-01-31,26.8,85.0,11.8,6.2
2019-02-01,25.9,89.0,0.2,5.9
2019-02-02,26.3,89.0,9.9,5.5
2019-02-03,26.7,86.0,11.3,6.4
2019-02-04,26.1,91.0,0.0,9.3
2019-02-05,26.2,90.0,17.0,5.8
2019-02-06,25.9,91.0,6.0,5.7
2019-02-07,26.1,90.0,21.3,3.0
2019-02-08,26.8,85.0,1.0,5.4
2019-02-09,27.2,85.0,0.1,4.2
2019-02-10,26.9,82.0,1.3,7.4
2019-02-11,26.7,87.0,0.0,7.7
2019-02-12,26.0,92.0,128.0,6.4
2019-02-13,25.4,95.0,73.1,1.7
2019-02-14,26.5,86.0,12.0,0.0
2019-02-15,26.0,85.0,0.0,10.1
2019-02-16,27.2,81.0,3.0,9.5
2019-02-17,27.3,81.0,0.0,11.4
2019-02-18,26.8,90.0,4.5,9.4
2019-02-19,26.7,86.0,2.25,2.5
2019-02-20,26.7,84.0,0.0,7.6
2019-02-21,26.8,85.0,0.0,6.8
2019-02-22,26.5,85.0,0.0,6.7
2019-02-23,26.7,83.0,0.0,7.0
2019-02-24,27.3,82.0,0.0,9.3
2019-02-25,28.0,80.0,0.0,10.8
2019-02-26,28.6,79.0,0.0,10.9
2019-02-27,28.7,78.0,0.0,11.6
2019-02-28,28.0,83.0,0.0,11.6
2019-03-01,28.0,80.0,0.0,6.1
2019-03-02,27.8,82.0,0.0,8.9
2019-03-03,27.4,83.0,6.15,8.4
2019-03-04,26.8,86.0,12.3,9.6
2019-03-05,27.2,85.0,0.0,8.9
2019-03-06,26.2,90.0,1.4,7.3
2019-03-07,25.2,92.0,18.7,2.2
2019-03-08,26.6,83.0,18.4,0.0
2019-03-09,27.0,83.0,0.0,4.1
2019-03-10,27.3,78.0,0.0,6.1
2019-03-11,27.1,82.0,3.5,10.8
2019-03-12,27.4,81.0,0.0,8.5
2019-03-13,26.3,86.0,0.0,9.7
2019-03-14,29.3,81.0,29.5,5.4
2019-03-15,26.4,84.0,0.0,2.8
2019-03-16,26.1,88.0,0.0,5.0
2019-03-17,26.1,88.0,0.6,2.0
2019-03-18,26.0,92.0,1.6,5.2
2019-03-19,27.0,88.0,10.0,2.6
2019-03-20,27.2,87.0,10.9,8.2
2019-03-21,27.9,84.0,8.25,6.5
2019-03-22,27.8,85.0,5.6,2.1
2019-03-23,26.6,87.0,73.9,5.2
2019-03-24,26.9,88.0,4.9,2.6
2019-03-25,26.3,93.0,40.0,2.4
2019-03-26,25.9,90.0,37.8,5.0
2019-03-27,26.3,88.0,9.3,7.6
2019-03-28,28.7,85.0,6.4,5.4
2019-03-29,27.3,76.0,0.0,6.8
2019-03-30,27.3,82.0,0.0,7.7
2019-03-31,28.1,82.0,0.0,9.1
2019-04-01,27.0,77.0,0.0,8.1
2019-04-02,26.1,85.0,0.1,8.2
2019-04-03,26.8,83.0,1.6,4.4
2019-04-04,27.3,82.0,0.0,5.8
2019-04-05,26.1,88.0,0.0,5.1
2019-04-06,27.1,87.0,3.9,4.8
2019-04-07,25.7,78.0,1.0,4.3
2019-04-08,26.7,83.0,0.0,10.6
2019-04-09,27.7,84.0,0.0,9.9
2019-04-10,27.6,83.0,0.0,9.2
2019-04-11,27.1,86.0,0.0,7.7
2019-04-12,27.7,85.0,0.0,7.2
2019-04-13,27.7,85.0,0.0,5.2
2019-04-14,27.3,86.0,0.0,6.1
2019-04-15,27.4,85.0,0.0,7.2
2019-04-16,27.9,80.0,2.5,10.4
2019-04-17,28.3,84.0,5.0,9.4
2019-04-18,28.2,74.0,0.0,9.2
2019-04-19,28.2,78.0,0.0,10.9
2019-04-20,27.9,72.0,0.0,10.5
2019-04-21,27.9,76.0,0.0,8.1
2019-04-22,28.1,74.0,0.0,8.5
2019-04-23,28.0,75.0,0.0,10.0
2019-04-24,28.0,76.0,0.0,9.2
2019-04-25,28.2,76.0,0.0,10.2
2019-04-26,27.6,77.0,0.0,9.2
2019-04-27,27.7,82.0,0.0,7.8
2019-04-28,27.0,82.0,0.0,6.8
2019-04-29,27.2,83.0,0.2,5.2
2019-04-30,27.2,88.0,32.4,2.1
2019-05-01,26.2,89.0,64.6,4.1
2019-05-02,26.2,88.0,6.7,7.0
2019-05-03,27.7,84.0,0.5,5.5
2019-05-04,26.9,84.0,1.0,6.7
2019-05-05,28.1,78.0,13.0,6.7
2019-05-06,27.6,83.0,0.0,10.7
2019-05-07,26.9,74.0,0.0,6.5
2019-05-08,26.7,76.0,0.0,10.9
2019-05-09,28.0,69.0,0.0,10.8
2019-05-10,27.8,73.0,0.0,10.4
2019-05-11,26.8,76.0,0.0,10.8
2019-05-12,27.8,76.0,0.0,10.7
2019-05-13,26.7,80.0,0.0,8.8
2019-05-14,27.2,79.0,0.0,7.8
2019-05-15,27.5,69.0,0.0,10.1
2019-05-16,26.9,71.0,0.0,10.8
2019-05-17,26.8,71.0,0.0,10.3
2019-05-18,27.1,72.0,0.0,10.8
2019-05-19,27.4,73.0,0.0,10.7
2019-05-20,27.4,74.0,0.0,10.9
2019-05-21,27.6,73.0,0.0,10.8
2019-05-22,27.9,72.0,0.0,11.0
2019-05-23,27.9,69.0,0.0,10.3
2019-05-24,27.7,64.0,0.0,10.2
2019-05-25,26.8,72.0,0.0,10.6
2019-05-26,27.1,74.0,0.0,9.9
2019-05-27,27.7,72.0,0.0,10.3
2019-05-28,27.4,72.0,0.0,10.6
2019-05-29,27.7,69.0,0.4,8.7
2019-05-30,27.1,69.0,0.0,10.5
2019-05-31,26.7,69.0,0.0,10.4
2019-06-01,27.5,69.0,0.0,10.5
2019-06-02,27.8,70.0,0.0,10.6
2019-06-03,27.8,70.0,0.0,10.2
2019-06-04,27.5,76.0,0.0,0.8
2019-06-05,27.7,75.0,0.0,6.5
2019-06-06,26.8,74.0,0.0,9.7
2019-06-07,26.7,75.0,0.0,10.4
2019-06-08,27.8,72.0,0.0,9.9
2019-06-09,27.2,72.0,0.0,10.5
2019-06-10,27.3,73.0,0.0,9.7
2019-06-11,27.4,75.0,0.0,10.5
2019-06-12,28.3,69.0,0.0,8.7
2019-06-13,28.5,72.0,0.0,10.4
2019-06-14,28.4,70.0,0.0,5.7
2019-06-15,26.6,72.0,0.0,8.6
2019-06-16,26.0,72.0,0.0,10.6
2019-06-17,26.2,66.0,0.0,10.0
2019-06-18,25.4,73.0,0.0,10.6
2019-06-19,25.1,72.0,0.0,10.5
2019-06-20,25.7,73.0,0.0,10.1
2019-06-21,24.8,72.0,0.0,9.7
2019-06-22,25.9,74.0,0.0,10.2
2019-06-23,25.6,70.0,0.0,9.7
2019-06-24,25.4,73.0,0.0,9.1
2019-06-25,26.3,68.0,0.0,10.1
2019-06-26,25.0,73.0,0.0,9.9
2019-06-27,25.1,71.0,0.0,10.4
2019-06-28,24.8,70.0,0.0,10.1
2019-06-29,24.3,66.0,0.0,10.5
2019-06-30,24.9,68.0,0.0,10.4
2019-07-01,26.1,71.0,0.0,10.0
2019-07-02,27.1,76.0,0.0,10.0
2019-07-03,27.5,75.0,0.0,4.7
2019-07-04,27.2,75.0,0.0,3.0
2019-07-05,26.1,79.0,0.0,8.8
2019-07-06,24.9,64.0,0.0,10.5
2019-07-07,23.6,66.0,0.0,10.6
2019-07-08,24.6,72.0,0.0,10.6
2019-07-09,25.2,71.0,0.0,10.6
2019-07-10,25.6,71.0,0.0,9.8
2019-07-11,25.8,64.0,0.0,9.6
2019-07-12,26.1,66.0,0.0,10.6
2019-07-13,25.2,64.0,0.0,8.4
2019-07-14,25.1,66.0,0.0,10.7
2019-07-15,25.2,68.0,0.0,10.4
2019-07-16,25.5,69.0,0.0,10.5
2019-07-17,25.8,71.0,0.0,10.3
2019-07-18,26.4,70.0,0.0,9.8
2019-07-19,26.7,72.0,0.0,10.1
2019-07-20,27.0,71.0,0.0,3.7
2019-07-21,25.7,71.0,0.0,10.5
2019-07-22,25.8,68.0,0.0,10.6
2019-07-23,25.9,66.0,0.0,10.7
2019-07-24,25.4,60.0,0.0,10.7
2019-07-25,25.9,67.0,0.0,10.7
2019-07-26,25.4,69.0,0.0,10.7
2019-07-27,25.7,72.0,0.0,9.9
2019-07-28,24.8,72.0,0.0,10.7
2019-07-29,25.7,66.0,0.0,10.8
2019-07-30,25.4,68.0,0.0,10.8
2019-07-31,26.1,68.0,0.0,10.9
2019-08-01,26.2,68.0,0.0,10.8
2019-08-02,26.3,60.0,0.0,10.5
2019-08-03,24.8,67.0,0.0,10.8
2019-08-04,24.8,56.0,0.0,10.8
2019-08-05,24.5,65.0,0.0,10.8
2019-08-06,25.0,68.0,0.0,10.0
2019-08-07,25.2,72.0,0.0,10.2
2019-08-08,25.5,72.0,0.0,8.8
2019-08-09,26.3,66.0,0.0,7.2
2019-08-10,26.1,68.0,0.0,8.0
2019-08-11,25.6,76.0,0.0,9.6
2019-08-12,27.4,73.0,0.0,10.9
2019-08-13,27.1,72.0,0.0,10.8
2019-08-14,26.6,76.0,0.0,10.5
2019-08-15,25.6,64.0,0.0,10.3
2019-08-16,26.6,65.0,0.0,10.4
2019-08-17,26.3,66.0,0.0,11.2
2019-08-18,26.0,67.0,0.0,9.7
2019-08-19,26.6,64.0,0.0,9.7
2019-08-20,27.4,62.0,0.0,10.0
2019-08-21,26.4,61.0,0.0,10.4
2019-08-22,26.0,69.0,0.0,9.7
2019-08-23,26.8,66.0,0.0,9.5
2019-08-24,27.3,66.0,0.0,10.5
2019-08-25,27.0,76.0,0.0,9.9
2019-08-26,26.1,74.0,0.0,9.4
2019-08-27,25.5,72.0,0.0,9.6
2019-08-28,26.2,64.0,0.0,9.7
2019-08-29,26.0,69.0,0.0,10.6
2019-08-30,26.5,60.0,0.0,10.5
2019-08-31,26.7,59.0,0.0,10.5
2019-09-01,25.9,68.0,0.0,10.5
2019-09-02,26.0,70.0,0.0,10.7
2019-09-03,25.0,65.0,0.0,10.4
2019-09-04,25.0,73.0,0.0,10.7
2019-09-05,25.8,71.0,0.0,9.7
2019-09-06,26.1,70.0,0.0,9.2
2019-09-07,26.7,72.0,0.0,10.0
2019-09-08,27.5,67.0,0.0,9.7
2019-09-09,26.6,70.0,0.0,7.6
2019-09-10,27.2,61.0,0.0,10.4
2019-09-11,27.2,58.0,0.0,10.8
2019-09-12,25.2,64.0,0.0,10.6
2019-09-13,26.7,70.0,0.0,7.8
2019-09-14,27.3,67.0,0.0,10.3
2019-09-15,26.8,68.0,0.0,10.2
2019-09-16,25.8,70.0,0.0,10.5
2019-09-17,26.3,76.0,0.0,10.2
2019-09-18,27.1,70.0,0.0,9.9
2019-09-19,26.5,71.0,0.0,10.4
2019-09-20,27.6,70.0,0.0,10.3
2019-09-21,26.9,72.0,0.0,10.5
2019-09-22,26.8,71.0,0.0,10.3
2019-09-23,26.7,72.0,0.0,10.5
2019-09-24,27.6,72.0,0.0,10.5
2019-09-25,26.7,77.0,0.0,10.5
2019-09-26,27.1,74.0,0.0,10.7
2019-09-27,27.9,73.0,6.0,9.9
2019-09-28,28.3,66.0,0.0,10.4
2019-09-29,27.7,70.0,0.0,8.0
2019-09-30,28.1,68.0,0.0,10.7
2019-10-01,28.7,63.0,0.0,10.8
2019-10-02,27.6,74.0,0.0,11.0
2019-10-03,27.5,75.0,0.0,11.2
2019-10-04,27.9,56.0,0.0,11.1
2019-10-05,25.8,73.0,0.0,8.0
2019-10-06,27.6,66.0,0.0,11.1
2019-10-07,27.7,72.0,0.0,11.1
2019-10-08,28.3,68.0,0.0,10.9
2019-10-09,27.9,64.0,0.0,11.1
2019-10-10,27.6,71.0,0.0,11.0
2019-10-11,28.0,74.0,0.0,8.0
2019-10-12,28.2,63.0,0.0,11.1
2019-10-13,28.7,66.0,0.0,11.0
2019-10-14,27.0,62.0,0.0,11.1
2019-10-15,28.9,67.0,0.0,10.7
2019-10-16,27.5,66.0,0.0,10.7
2019-10-17,27.8,64.0,0.0,8.0
2019-10-18,28.3,64.0,0.0,11.3
2019-10-19,28.6,68.0,0.0,11.5
2019-10-20,28.1,71.0,0.0,11.7
2019-10-21,28.9,70.0,0.0,11.4
2019-10-22,27.6,71.0,0.0,11.5
2019-10-23,28.2,65.0,0.0,11.5
2019-10-24,27.8,69.0,0.0,11.3
2019-10-25,29.1,66.0,0.0,11.5
2019-10-26,28.9,69.0,0.0,11.1
2019-10-27,29.2,66.0,0.0,11.2
2019-10-28,29.2,68.0,0.0,10.4
2019-10-29,27.9,68.0,0.0,7.4
2019-10-30,29.5,68.0,0.0,10.9
2019-10-31,29.7,68.0,0.0,10.8
2019-11-01,29.3,69.0,0.0,9.6
2019-11-02,27.7,78.0,0.0,8.2
2019-11-03,29.2,74.0,34.1,6.5
2019-11-04,28.9,70.0,0.0,8.8
2019-11-05,28.1,70.0,0.0,9.3
2019-11-06,27.8,76.0,0.0,11.1
2019-11-07,29.0,70.0,0.0,11.6
2019-11-08,29.6,70.0,0.0,11.3
2019-11-09,29.9,70.0,0.0,9.1
2019-11-10,29.9,68.0,0.0,10.2
2019-11-11,29.7,75.0,4.5,11.0
2019-11-12,29.7,73.0,0.0,10.8
2019-11-13,29.1,77.0,0.0,11.4
2019-11-14,28.7,74.0,0.0,9.2
2019-11-15,28.3,70.0,0.0,11.8
2019-11-16,28.7,74.0,0.0,7.2
2019-11-17,29.8,68.0,0.0,11.5
2019-11-18,30.3,66.0,0.0,11.9
2019-11-19,29.0,76.0,0.0,11.4
2019-11-20,28.5,75.0,0.0,8.9
2019-11-21,29.0,73.0,0.0,9.1
2019-11-22,29.0,77.0,0.0,9.9
2019-11-23,29.0,77.0,9.45,9.7
2019-11-24,29.2,72.0,18.9,9.5
2019-11-25,29.0,72.0,0.0,8.8
2019-11-26,28.4,70.0,0.0,8.2
2019-11-27,29.0,75.0,0.0,11.5
2019-11-28,28.6,74.0,0.0,8.9
2019-11-29,29.7,73.0,0.0,9.1
2019-11-30,28.9,76.0,0.0,9.4
2019-12-01,29.4,76.0,0.0,8.5
2019-12-02,28.7,69.0,0.0,11.5
2019-12-03,29.3,72.0,0.0,11.2
2019-12-04,29.7,72.0,0.0,11.4
2019-12-05,29.5,76.0,0.0,3.0
2019-12-06,28.6,80.0,1.5,9.1
2019-12-07,29.0,75.0,0.0,11.1
2019-12-08,30.0,75.0,0.0,9.4
2019-12-09,29.1,70.0,0.0,11.9
2019-12-10,29.3,68.0,0.0,9.6
2019-12-11,27.8,81.0,1.8,10.1
2019-12-12,28.1,76.0,6.2,9.7
2019-12-13,28.5,76.0,11.5,8.9
2019-12-14,29.1,76.0,0.0,7.5
2019-12-15,27.4,84.0,1.8,9.7
2019-12-16,27.4,82.0,0.4,6.5
2019-12-17,28.2,81.0,11.0,6.9
2019-12-18,28.1,82.0,1.5,7.3
2019-12-19,28.1,81.0,14.3,9.9
2019-12-20,28.0,77.0,0.0,8.4
2019-12-21,27.4,82.0,9.15,9.4
2019-12-22,28.1,80.0,18.3,9.2
2019-12-23,28.7,77.0,1.4,8.2
2019-12-24,27.9,82.0,1.7,9.0
2019-12-25,26.8,85.0,2.0,8.1
2019-12-26,27.1,84.0,39.6,7.0
2019-12-27,28.5,78.0,24.05,7.6
2019-12-28,29.4,78.0,8.5,9.8
2019-12-29,27.4,86.0,0.0,10.5
2019-12-30,27.8,82.0,1.3,5.8
2019-12-31,27.7,82.0,0.9,6.9
2020-01-01,26.5,89.0,0.5,9.0
2020-01-02,26.7,86.0,5.5,4.1
2020-01-03,26.7,89.0,40.35,1.6
2020-01-04,26.5,94.0,75.2,2.7
2020-01-05,27.3,88.0,39.8,0.0
2020-01-06,27.2,87.0,8.1,3.4
2020-01-07,27.3,86.0,8.3,7.8
2020-01-08,25.8,90.0,8.5,6.1
2020-01-09,27.9,82.0,64.4,4.4
2020-01-10,27.6,76.0,0.0,9.0
2020-01-11,26.8,74.0,0.0,11.2
2020-01-12,27.9,82.0,1.2,7.6
2020-01-13,26.7,86.0,0.7,1.7
2020-01-14,27.6,85.0,0.2,3.6
2020-01-15,27.5,84.0,23.8,7.0
2020-01-16,27.7,81.0,26.1,7.3
2020-01-17,27.4,75.0,1.4,7.7
2020-01-18,27.0,77.0,0.0,10.8
2020-01-19,27.3,80.0,3.8,10.2
2020-01-20,27.6,79.0,1.9,9.1
2020-01-21,28.0,83.0,0.0,10.3
2020-01-22,27.7,81.0,0.0,11.6
2020-01-23,27.8,80.0,0.0,9.7
2020-01-24,27.2,86.0,34.8,9.2
2020-01-25,27.5,82.0,8.4,9.2
2020-01-26,28.5,76.0,0.0,11.1
2020-01-27,28.6,80.0,0.0,11.6
2020-01-28,28.9,78.0,0.0,11.9
2020-01-29,28.8,81.0,0.0,9.0
2020-01-30,27.4,88.0,1.5,10.0
2020-01-31,28.3,80.0,0.5,4.4
2020-02-01,26.7,88.0,0.0,4.1
2020-02-02,26.7,84.0,12.5,7.1
2020-02-03,26.9,78.0,0.0,6.0
2020-02-04,27.9,75.0,0.0,10.4
2020-02-05,27.2,76.0,0.0,10.7
2020-02-06,27.7,82.0,0.0,11.1
2020-02-07,27.8,84.0,0.0,10.4
2020-02-08,27.0,89.0,56.2,3.1
2020-02-09,26.6,86.0,0.0,4.7
2020-02-10,26.9,86.0,2.1,0.0
2020-02-11,26.0,90.0,2.6,7.8
2020-02-12,26.8,86.0,8.7,4.1
2020-02-13,26.5,88.0,0.0,10.1
2020-02-14,27.0,86.0,6.4,7.4
2020-02-15,27.4,83.0,0.0,7.1
2020-02-16,27.3,84.0,0.5,7.9
2020-02-17,26.6,87.0,0.8,9.1
2020-02-18,26.9,86.0,1.1,5.8
2020-02-19,26.5,87.0,0.0,7.9
2020-02-20,26.4,92.0,17.6,5.8
2020-02-21,26.7,91.0,27.5,0.0
2020-02-22,27.0,90.0,2.8,4.0
2020-02-23,26.9,88.0,14.1,5.7
2020-02-24,27.2,85.0,8.8,10.4
2020-02-25,27.4,86.0,3.5,10.4
2020-02-26,27.5,88.0,0.1,10.4
2020-02-27,27.3,88.0,0.0,8.1
2020-02-28,27.4,86.0,0.8,8.7
2020-02-29,27.3,91.0,18.6,9.8
2020-03-01,27.2,92.0,33.0,4.0
2020-03-02,27.2,87.0,5.0,1.6
2020-03-03,27.0,89.0,6.4,5.2
2020-03-04,26.6,90.0,8.4,8.5
2020-03-05,26.3,88.0,20.6,1.5
2020-03-06,26.1,90.0,58.0,6.4
2020-03-07,26.2,91.0,4.8,0.6
2020-03-08,26.3,88.0,3.0,2.1
2020-03-09,26.5,87.0,1.9,4.1
2020-03-10,27.9,84.0,14.15,5.5
2020-03-11,27.6,88.0,26.4,6.7
2020-03-12,27.2,86.0,0.0,6.2
2020-03-13,26.2,89.0,0.3,5.9
2020-03-14,26.7,85.0,11.2,3.4
2020-03-15,27.6,82.0,1.5,2.8
2020-03-16,26.6,84.0,0.0,10.1
2020-03-17,27.1,83.0,34.8,5.8
2020-03-18,27.4,80.0,0.0,7.2
2020-03-19,28.2,79.0,6.1,10.7
2020-03-20,27.8,77.0,0.0,11.4
2020-03-21,27.8,79.0,0.0,9.9
2020-03-22,27.2,86.0,39.2,10.2
2020-03-23,26.5,86.0,0.3,7.7
2020-03-24,27.7,83.0,27.2,7.1
2020-03-25,27.9,80.0,8.4,9.7
2020-03-26,27.7,83.0,0.0,9.8
2020-03-27,27.5,84.0,0.0,8.5
2020-03-28,28.0,78.0,1.0,3.2
2020-03-29,28.2,84.0,0.0,6.9
2020-03-30,27.6,84.0,3.0,7.6
2020-03-31,28.3,81.0,4.0,10.7
2020-04-01,28.0,83.0,2.0,10.5
2020-04-02,28.3,80.0,0.0,9.8
2020-04-03,28.5,83.0,0.6,10.6
2020-04-04,27.5,88.0,0.7,10.8
2020-04-05,27.2,87.0,2.1,9.2
2020-04-06,27.3,84.0,1.05,2.6
2020-04-07,27.0,84.0,0.0,8.2
2020-04-08,26.9,86.0,0.75,7.6
2020-04-09,27.2,82.0,1.5,5.3
2020-04-10,26.9,84.0,0.0,9.5
2020-04-11,26.1,85.0,2.7,8.3
2020-04-12,26.4,80.0,3.4,5.0
2020-04-13,27.2,80.0,0.0,5.0
2020-04-14,27.2,86.0,0.7,10.1
2020-04-15,27.4,84.0,1.3,8.3
2020-04-16,28.5,78.0,0.0,8.6
2020-04-17,27.8,84.0,0.0,5.5
2020-04-18,27.7,83.0,0.0,8.7
2020-04-19,27.2,84.0,0.0,9.8
2020-04-20,27.7,83.0,12.4,8.2
2020-04-21,28.4,74.0,0.0,10.4
2020-04-22,28.8,76.0,0.0,10.7
2020-04-23,28.3,72.0,0.0,10.6
2020-04-24,28.4,72.0,0.0,10.8
2020-04-25,28.6,73.0,0.0,10.4
2020-04-26,28.5,74.0,0.0,7.0
2020-04-27,27.9,74.0,0.0,7.8
2020-04-28,28.0,74.0,0.0,9.8
2020-04-29,27.5,74.0,0.0,9.3
2020-04-30,28.0,64.0,0.0,8.9
2020-05-01,27.6,75.0,0.0,10.0
2020-05-02,28.4,72.0,0.2,7.0
2020-05-03,28.2,73.0,0.0,9.5
2020-05-04,28.4,75.0,0.0,10.8
2020-05-05,29.1,72.0,0.0,9.1
2020-05-06,28.9,70.0,0.0,8.7
2020-05-07,29.3,74.0,0.0,10.5
2020-05-08,29.3,73.0,0.0,8.4
2020-05-09,28.2,67.0,0.0,9.2
2020-05-10,27.5,72.0,0.0,10.7
2020-05-11,27.6,72.0,0.0,10.6
2020-05-12,28.3,68.0,0.0,9.7
2020-05-13,28.6,68.0,0.0,10.7
2020-05-14,28.0,71.0,0.0,10.4
2020-05-15,28.1,71.0,0.0,10.6
2020-05-16,28.7,72.0,0.0,9.4
2020-05-17,28.8,74.0,0.0,8.9
2020-05-18,29.2,74.0,0.0,9.1
2020-05-19,27.3,87.0,0.4,8.9
2020-05-20,26.7,86.0,0.8,0.4
2020-05-21,27.4,81.0,1.2,0.2
2020-05-22,27.0,85.0,3.0,7.5
2020-05-23,26.6,89.0,1.2,4.6
2020-05-24,27.5,86.0,15.0,5.4
2020-05-25,27.5,87.0,0.5,8.5
2020-05-26,28.1,84.0,0.0,5.9
2020-05-27,27.6,86.0,8.4,8.9
2020-05-28,28.0,82.0,0.0,7.5
2020-05-29,27.4,86.0,35.5,8.1
2020-05-30,28.2,82.0,31.9,7.8
2020-05-31,28.2,78.0,0.0,9.1
2020-06-01,27.6,75.0,0.0,10.5
2020-06-02,27.6,74.0,0.0,10.7
2020-06-03,27.4,71.0,0.0,10.2
2020-06-04,26.7,75.0,0.0,10.7
2020-06-05,27.1,72.0,0.0,10.8
2020-06-06,26.9,76.0,0.0,10.8
2020-06-07,26.2,79.0,0.0,8.6
2020-06-08,27.0,74.0,0.0,7.8
2020-06-09,26.5,74.0,0.0,11.1
2020-06-10,26.1,78.0,0.0,9.9
2020-06-11,26.5,79.0,0.0,10.3
2020-06-12,27.1,78.0,0.0,10.8
2020-06-13,28.0,77.0,0.0,10.2
2020-06-14,28.0,80.0,0.0,6.6
2020-06-15,28.3,71.0,0.0,4.4
2020-06-16,27.2,74.0,0.0,10.9
2020-06-17,28.0,69.0,0.0,10.3
2020-06-18,27.9,69.0,0.0,10.2
2020-06-19,27.8,70.0,0.0,10.6
2020-06-20,27.4,70.0,0.0,10.1
2020-06-21,27.8,68.0,0.0,8.7
2020-06-22,27.4,72.0,0.0,6.9
2020-06-23,27.1,67.0,0.0,10.9
2020-06-24,27.9,62.0,0.0,10.8
2020-06-25,26.5,71.0,0.0,10.6
2020-06-26,27.0,71.0,0.0,9.9
2020-06-27,26.3,77.0,0.0,9.5
2020-06-28,27.0,74.0,0.6,6.4
2020-06-29,26.5,68.0,0.0,9.8
2020-06-30,26.9,71.0,0.0,6.5
2020-07-01,26.3,74.0,0.0,10.0
2020-07-02,26.6,70.0,0.0,10.7
2020-07-03,26.4,69.0,0.0,10.9
2020-07-04,27.3,70.0,0.0,10.6
2020-07-05,27.0,73.0,0.0,9.2
2020-07-06,27.4,70.0,0.3,5.8
2020-07-07,27.1,71.0,0.0,2.3
2020-07-08,27.2,69.0,0.0,10.7
2020-07-09,27.3,72.0,0.0,10.8
2020-07-10,26.7,68.0,0.0,10.7
2020-07-11,26.7,73.0,0.0,8.8
2020-07-12,27.0,70.0,0.0,8.5
2020-07-13,27.0,72.0,0.0,10.1
2020-07-14,27.5,68.0,0.0,9.1
2020-07-15,27.1,63.0,0.0,8.1
2020-07-16,26.3,70.0,0.0,10.7
2020-07-17,26.5,74.0,0.0,10.5
2020-07-18,27.6,72.0,0.0,8.9
2020-07-19,27.3,75.0,0.0,8.4
2020-07-20,27.8,74.0,0.0,7.7
2020-07-21,26.8,73.0,0.0,9.6
2020-07-22,27.1,70.0,0.0,10.8
2020-07-23,26.5,70.0,0.0,9.7
2020-07-24,25.8,66.0,0.0,10.8
2020-07-25,27.39264264264264,10.7,0.0,10.75
2020-07-26,25.6,68.0,0.0,10.7
2020-07-27,26.1,68.0,0.0,9.5
2020-07-28,25.7,70.0,0.0,10.6
2020-07-29,25.2,68.0,0.0,10.5
2020-07-30,26.1,68.0,0.0,10.5
2020-07-31,26.2,69.0,0.0,10.7
2020-08-01,25.7,70.0,0.0,10.7
2020-08-02,25.1,71.0,0.0,10.7
2020-08-03,25.6,75.0,0.0,10.6
2020-08-04,26.5,75.0,0.0,9.8
2020-08-05,26.2,73.0,0.0,9.6
2020-08-06,26.6,70.0,0.0,8.0
2020-08-07,25.3,76.0,0.0,9.2
2020-08-08,25.6,78.0,0.0,7.2
2020-08-09,26.6,76.0,0.0,10.5
2020-08-10,27.0,78.0,0.0,10.4
2020-08-11,27.5,77.0,0.0,9.7
2020-08-12,28.3,77.0,0.0,10.4
2020-08-13,27.9,72.0,0.9,10.3
2020-08-14,26.9,77.0,0.0,5.1
2020-08-15,27.3,78.0,0.0,8.1
2020-08-16,27.0,70.0,0.0,10.6
2020-08-17,27.6,70.0,0.0,10.2
2020-08-18,27.6,65.0,0.0,10.5
2020-08-19,27.0,68.0,0.0,10.2
2020-08-20,27.1,68.0,0.0,9.7
2020-08-21,27.3,68.0,0.0,10.2
2020-08-22,27.6,64.0,0.0,10.6
2020-08-23,27.3,66.0,0.0,10.5
2020-08-24,27.0,74.0,0.0,10.9
2020-08-25,27.6,70.0,0.0,10.6
2020-08-26,27.5,60.0,0.0,10.9
2020-08-27,27.3,66.0,0.0,10.2
2020-08-28,27.4,70.0,0.0,10.6
2020-08-29,27.9,58.0,0.0,10.5
2020-08-30,27.6,57.0,0.0,9.5
2020-08-31,27.9,62.0,0.0,10.6
2020-09-01,28.5,72.0,0.0,10.2
2020-09-02,28.7,69.0,0.0,9.8
2020-09-03,28.8,69.0,0.0,9.0
2020-09-04,29.8,57.0,0.0,10.1
2020-09-05,28.1,71.0,0.0,10.9
2020-09-06,28.5,70.0,0.0,10.6
2020-09-07,28.8,61.0,0.0,9.8
2020-09-08,28.2,71.0,0.0,10.8
2020-09-09,27.7,71.0,0.0,10.3
2020-09-10,28.1,66.0,0.0,10.5
2020-09-11,28.9,60.0,0.0,10.9
2020-09-12,28.1,68.0,0.0,10.7
2020-09-13,28.4,55.0,0.0,10.6
2020-09-14,27.3,65.0,0.0,10.6
2020-09-15,27.9,64.0,0.0,9.0
2020-09-16,27.8,72.0,0.0,8.8
2020-09-17,28.0,70.0,0.0,8.4
2020-09-18,28.8,69.0,0.0,10.0
2020-09-19,28.6,72.0,0.0,10.0
2020-09-20,29.2,72.0,0.0,10.5
2020-09-21,29.7,68.0,0.0,10.0
2020-09-22,30.0,59.0,0.0,6.8
2020-09-23,29.6,63.0,0.0,10.7
2020-09-24,28.4,73.0,0.0,10.8
2020-09-25,29.6,66.0,0.0,10.1
2020-09-26,29.6,66.0,0.0,10.6
2020-09-27,30.3,62.0,0.0,10.3
2020-09-28,29.9,62.0,0.0,10.5
2020-09-29,29.7,64.0,0.0,10.9
2020-09-30,29.2,69.0,0.0,9.3
2020-10-01,29.9,62.0,0.0,9.3
2020-10-02,29.5,66.0,0.0,9.4
2020-10-03,27.7,78.0,0.0,10.9
2020-10-04,29.3,69.0,0.0,10.8
2020-10-05,29.6,62.0,0.0,10.1
2020-10-06,28.9,66.0,0.0,9.1
2020-10-07,28.2,68.0,0.0,7.6
2020-10-08,29.2,67.0,0.0,8.5
2020-10-09,29.7,68.0,0.0,6.5
2020-10-10,29.2,75.0,0.5,7.4
2020-10-11,26.7,84.0,1.0,3.5
2020-10-12,28.8,72.0,23.7,7.7
2020-10-13,29.3,68.0,0.0,11.4
2020-10-14,28.7,73.0,0.0,11.1
2020-10-15,29.8,71.0,0.0,10.7
2020-10-16,29.0,71.0,0.0,10.6
2020-10-17,28.1,74.0,0.0,10.9
2020-10-18,29.0,71.0,0.0,10.7
2020-10-19,29.8,68.0,0.0,10.2
2020-10-20,28.5,72.0,3.2,10.1
2020-10-21,27.7,80.0,0.0,11.6
2020-10-22,28.1,76.0,0.0,7.2
2020-10-23,28.2,77.0,0.0,8.2
2020-10-24,29.4,75.0,0.0,9.7
2020-10-25,28.9,77.0,0.0,10.5
2020-10-26,27.9,80.0,0.0,10.2
2020-10-27,26.5,80.0,10.9,7.3
2020-10-28,28.5,77.0,21.8,8.5
2020-10-29,27.5,82.0,0.0,8.4
2020-10-30,27.9,83.0,45.1,8.8
2020-10-31,28.4,74.0,22.85,9.2
2020-11-01,28.1,77.0,0.6,2.9
2020-11-02,28.7,78.0,0.0,7.9
2020-11-03,28.7,72.0,0.0,9.5
2020-11-04,29.1,74.0,0.0,9.0
2020-11-05,28.7,77.0,0.0,8.6
2020-11-06,28.4,77.0,0.0,9.8
2020-11-07,28.6,78.0,0.0,11.1
2020-11-08,29.4,68.0,0.0,11.1
2020-11-09,29.5,74.0,0.0,11.3
2020-11-10,29.2,74.0,0.0,10.4
2020-11-11,29.5,74.0,0.0,8.2
2020-11-12,29.9,72.0,0.0,9.9
2020-11-13,29.2,78.0,0.0,10.7
2020-11-14,29.9,71.0,0.0,10.2
2020-11-15,29.3,75.0,2.5,9.1
2020-11-16,30.4,68.0,0.0,9.0
2020-11-17,30.8,67.0,0.0,11.8
2020-11-18,30.0,71.0,0.0,8.7
2020-11-19,29.2,77.0,2.0,10.5
2020-11-20,28.5,81.0,12.5,9.6
2020-11-21,29.7,75.0,14.0,7.3
2020-11-22,28.3,82.0,3.3,10.5
2020-11-23,27.6,85.0,9.7,7.2
2020-11-24,27.3,84.0,4.4,6.1
2020-11-25,26.9,84.0,2.2,6.4
2020-11-26,27.2,82.0,0.1,6.2
2020-11-27,26.8,87.0,18.5,4.8
2020-11-28,28.2,81.0,4.6,4.5
2020-11-29,27.3,86.0,1.0,9.2
2020-11-30,27.1,84.0,0.0,6.8
2020-12-01,26.9,87.0,0.0,4.4
2020-12-02,26.6,87.0,1.8,0.2
2020-12-03,27.7,82.0,1.0,3.5
2020-12-04,25.3,92.0,0.0,3.8
2020-12-05,27.1,85.0,32.5,3.4
2020-12-06,26.9,89.0,25.8,5.4
2020-12-07,26.8,89.0,5.2,0.1
2020-12-08,28.6,84.0,5.7,3.0
2020-12-09,26.1,96.0,16.5,4.4
2020-12-10,26.6,92.0,68.9,1.3
2020-12-11,27.4,90.0,14.7,0.4
2020-12-12,25.2,96.0,37.2,3.9
2020-12-13,25.7,94.0,35.5,0.4
2020-12-14,25.4,90.0,1.0,0.7
2020-12-15,25.6,89.0,4.5,5.1
2020-12-16,26.1,88.0,1.5,2.5
2020-12-17,27.0,84.0,2.0,4.3
2020-12-18,27.6,83.0,1.0,6.4
2020-12-19,26.3,88.0,0.0,7.5
2020-12-20,26.0,89.0,7.6,6.6
2020-12-21,28.6,79.0,4.4,4.8
2020-12-22,28.0,79.0,0.0,10.4
2020-12-23,26.5,86.0,0.0,1.7
2020-12-24,26.7,82.0,6.4,7.7
2020-12-25,27.3,82.0,0.0,10.0
2020-12-26,27.1,78.0,0.0,10.5
2020-12-27,27.0,86.0,0.0,9.4
2020-12-28,26.9,86.0,3.0,7.3
2020-12-29,27.1,82.0,8.5,6.9
2020-12-30,26.4,88.0,0.0,8.6
2020-12-31,27.0,81.0,9.8,4.3
2021-01-01,27.1,83.0,0.0,5.7
2021-01-02,27.0,84.0,0.0,3.9
2021-01-03,27.6,80.0,0.0,6.4
2021-01-04,27.3,83.0,0.0,7.8
2021-01-05,26.9,86.0,0.0,7.8
2021-01-06,26.1,94.0,38.3,5.3
2021-01-07,26.1,90.0,10.7,3.2
2021-01-08,26.0,94.0,4.7,1.7
2021-01-09,26.5,88.0,14.9,2.4
2021-01-10,27.3,87.0,0.0,5.1
2021-01-11,27.4,84.0,0.0,7.7
2021-01-12,27.6,84.0,0.0,8.6
2021-01-13,27.5,85.0,0.0,6.5
2021-01-14,27.9,82.0,0.2,8.4
2021-01-15,27.4,80.0,0.35,8.2
2021-01-16,26.1,86.0,0.5,2.1
2021-01-17,26.4,87.0,1.2,4.9
2021-01-18,26.0,92.0,20.4,4.7
2021-01-19,26.2,89.0,19.1,1.2
2021-01-20,27.0,82.0,9.55,1.6
2021-01-21,27.1,86.0,0.0,2.1
2021-01-22,26.4,88.0,0.0,8.2
2021-01-23,26.1,92.0,31.0,6.0
2021-01-24,25.8,90.0,7.2,5.0
2021-01-25,25.0,94.0,32.2,4.3
2021-01-26,26.3,88.0,4.6,0.6
2021-01-27,26.1,89.0,1.2,4.6
2021-01-28,25.9,92.0,6.7,5.7
2021-01-29,26.8,89.0,16.3,0.0
2021-01-30,25.8,91.0,18.5,0.0
2021-01-31,25.9,90.0,7.0,0.0
2021-02-01,26.2,91.0,0.5,3.6
2021-02-02,26.4,91.0,34.2,3.7
2021-02-03,26.2,93.0,17.0,2.8
2021-02-04,26.3,88.0,61.2,0.0
2021-02-05,26.7,89.0,55.6,3.5
2021-02-06,25.9,94.0,59.2,2.5
2021-02-07,26.6,90.0,4.4,2.4
2021-02-08,26.2,92.0,5.0,9.6
2021-02-09,26.9,90.0,2.5,5.8
2021-02-10,27.1,89.0,0.0,6.9
2021-02-11,26.7,89.0,1.5,1.8
2021-02-12,27.2,89.0,0.7,6.5
2021-02-13,26.9,84.0,0.5,8.7
2021-02-14,27.1,83.0,0.25,8.1
2021-02-15,26.6,85.0,0.0,10.6
2021-02-16,26.7,85.0,0.0,9.0
2021-02-17,26.9,88.0,0.0,10.4
2021-02-18,26.8,88.0,0.15,8.3
2021-02-19,27.2,85.0,0.3,7.0
2021-02-20,25.7,92.0,58.5,8.6
2021-02-21,25.0,95.0,20.1,3.7
2021-02-22,26.4,88.0,12.8,2.8
2021-02-23,26.1,88.0,3.3,2.0
2021-02-24,25.7,94.0,25.5,8.2
2021-02-25,26.3,95.0,43.7,0.0
2021-02-26,24.9,94.0,30.25,1.2
2021-02-27,26.3,89.0,16.8,3.4
2021-02-28,26.3,82.0,0.2,1.6
2021-03-01,26.1,83.0,0.0,3.5
2021-03-02,26.1,87.0,1.2,6.5
2021-03-03,26.6,88.0,2.4,8.2
2021-03-04,25.9,89.0,0.0,10.1
2021-03-05,26.8,84.0,0.4,4.1
2021-03-06,26.3,87.0,2.0,5.9
2021-03-07,26.5,86.0,0.1,8.1
2021-03-08,26.2,89.0,9.2,6.7
2021-03-09,25.0,94.0,21.6,7.0
2021-03-10,25.0,94.0,26.8,3.1
2021-03-11,24.6,94.0,24.0,3.8
2021-03-12,25.9,86.0,8.0,3.8
2021-03-13,25.6,89.0,10.2,4.7
2021-03-14,26.6,85.0,12.4,7.7
2021-03-15,26.8,87.0,0.0,10.4
2021-03-16,27.1,86.0,0.0,8.0
2021-03-17,26.8,80.0,0.0,7.3
2021-03-18,26.7,86.0,0.0,7.7
2021-03-19,26.2,88.0,0.0,7.0
2021-03-20,27.0,90.0,4.8,8.4
2021-03-21,26.4,88.0,0.1,5.3
2021-03-22,26.7,88.0,0.7,4.8
2021-03-23,27.7,84.0,0.0,7.5
2021-03-24,28.0,84.0,0.0,7.4
2021-03-25,27.6,82.0,0.0,8.9
2021-03-26,26.7,87.0,15.75,7.7
2021-03-27,26.6,88.0,31.5,5.8
2021-03-28,27.1,84.0,0.6,8.1
2021-03-29,28.2,84.0,1.4,1.5
2021-03-30,27.9,85.0,1.3,9.3
2021-03-31,26.5,86.0,0.2,6.0
2021-04-01,26.4,91.0,12.9,5.0
2021-04-02,26.1,93.0,44.5,6.6
2021-04-03,27.1,86.0,0.7,0.0
2021-04-04,27.2,85.0,0.0,8.5
2021-04-05,26.8,83.0,0.0,2.9
2021-04-06,25.6,88.0,2.05,0.5
2021-04-07,25.5,90.0,4.1,0.0
2021-04-08,26.2,92.0,2.3,0.0
2021-04-09,26.1,88.0,11.1,2.1
2021-04-10,25.7,91.0,0.0,4.6
2021-04-11,27.0,86.0,19.3,4.9
2021-04-12,27.3,84.0,14.475000000000001,5.6
2021-04-13,26.6,82.0,9.65,7.4
2021-04-14,27.6,79.0,4.824999999999999,6.5
2021-04-15,28.0,80.0,0.0,10.5
2021-04-16,25.3,90.0,0.0,9.2
2021-04-17,27.0,80.0,8.4,7.6
2021-04-18,27.5,81.0,0.0,10.0
2021-04-19,27.9,74.0,0.0,9.5
2021-04-20,26.5,76.0,0.0,10.7
2021-04-21,26.3,75.0,0.0,7.4
2021-04-22,26.2,75.0,0.0,11.0
2021-04-23,25.9,82.0,0.0,8.0
2021-04-24,27.1,76.0,0.0,10.5
2021-04-25,27.9,78.0,0.0,10.8
2021-04-26,27.9,75.0,0.0,10.6
2021-04-27,27.6,73.0,0.0,10.0
2021-04-28,26.2,76.0,0.0,7.8
2021-04-29,27.2,78.0,0.0,10.7
2021-04-30,26.9,75.0,0.0,8.0
2021-05-01,26.7,84.0,0.0,8.0
2021-05-02,27.3,79.0,17.0,6.6
2021-05-03,27.0,78.0,0.0,10.9
2021-05-04,27.2,79.0,0.0,10.4
2021-05-05,28.4,77.0,0.0,8.0
2021-05-06,28.1,73.0,0.0,8.0
2021-05-07,27.0,76.0,0.0,9.7
2021-05-08,26.8,82.0,0.0,5.8
2021-05-09,27.3,78.0,0.2,5.9
2021-05-10,27.7,76.0,0.0,6.9
2021-05-11,27.3,76.0,0.0,7.8
2021-05-12,27.5,72.0,0.0,10.6
2021-05-13,27.6,71.0,0.0,9.9
2021-05-14,27.8,74.0,0.0,10.5
2021-05-15,27.2,70.0,0.0,8.0
2021-05-16,27.4,76.0,0.0,10.6
2021-05-17,27.6,77.0,0.0,10.4
2021-05-18,27.0,79.0,0.0,7.5
2021-05-19,27.3,80.0,0.0,1.6
2021-05-20,27.9,78.0,0.0,8.0
2021-05-21,27.6,79.0,0.0,6.0
2021-05-22,27.2,78.0,0.0,9.3
2021-05-23,27.4,81.0,0.0,10.3
2021-05-24,27.4,82.0,0.0,10.3
2021-05-25,27.5,81.0,0.0,8.5
2021-05-26,27.8,76.0,0.0,8.0
2021-05-27,28.0,77.0,0.0,10.3
2021-05-28,27.4,81.0,0.0,6.3
2021-05-29,26.8,79.0,0.0,4.2
2021-05-30,27.0,80.0,0.0,8.1
2021-05-31,26.8,79.0,0.0,10.0
2021-06-01,26.9,81.0,0.0,9.5
2021-06-02,27.5,77.0,0.0,10.6
2021-06-03,27.8,79.0,0.0,10.8
2021-06-04,28.2,78.0,0.0,9.5
2021-06-05,27.3,79.0,0.0,10.1
2021-06-06,27.6,81.0,0.0,10.8
2021-06-07,27.6,80.0,1.2,10.6
2021-06-08,27.5,78.0,14.4,10.4
2021-06-09,27.1,79.0,0.0,9.8
2021-06-10,26.5,81.0,0.0,6.2
2021-06-11,26.8,79.0,0.0,9.5
2021-06-12,26.7,77.0,0.0,10.2
2021-06-13,27.9,76.0,0.0,10.1
2021-06-14,27.5,80.0,0.0,10.3
2021-06-15,27.8,78.0,0.0,7.8
2021-06-16,27.8,79.0,0.0,9.9
2021-06-17,27.7,76.0,0.0,8.5
2021-06-18,27.3,81.0,0.0,9.0
2021-06-19,27.7,75.0,0.0,7.7
2021-06-20,27.5,77.0,0.0,10.4
2021-06-21,26.6,82.0,0.0,9.4
2021-06-22,26.8,80.0,0.0,8.0
2021-06-23,26.8,84.0,0.0,8.1
2021-06-24,26.8,83.0,1.8,5.7
2021-06-25,27.2,82.0,6.3999999999999995,7.3
2021-06-26,27.5,81.0,11.0,8.3
2021-06-27,27.6,79.0,0.0,10.2
2021-06-28,27.9,80.0,0.0,7.3
2021-06-29,27.7,72.0,0.0,8.1
2021-06-30,26.8,70.0,0.0,10.8
2021-07-01,26.6,72.0,0.0,9.1
2021-07-02,27.1,71.0,0.0,4.3
2021-07-03,27.1,69.0,0.0,9.5
2021-07-04,26.8,69.0,0.0,10.4
2021-07-05,25.8,70.0,0.0,10.6
2021-07-06,25.8,72.0,0.0,10.2
2021-07-07,27.0,72.0,0.0,9.9
2021-07-08,28.4,67.0,0.0,3.0
2021-07-09,27.1,75.0,0.0,5.1
2021-07-10,27.6,78.0,0.0,4.0
2021-07-11,27.7,74.0,0.0,10.5
2021-07-12,26.9,75.0,0.0,10.7
2021-07-13,26.8,67.0,0.0,10.7
2021-07-14,26.7,65.0,0.0,10.9
2021-07-15,26.6,64.0,0.0,10.7
2021-07-16,26.7,74.0,0.0,10.5
2021-07-17,26.4,73.0,0.0,8.0
2021-07-18,26.8,71.0,0.0,4.9
2021-07-19,26.8,71.0,0.0,9.0
2021-07-20,27.39264264264264,10.6,0.0,9.75
2021-07-21,27.5,71.0,0.0,10.5
2021-07-22,26.9,75.0,0.0,7.9
2021-07-23,26.9,70.0,0.0,10.4
2021-07-24,26.7,69.0,0.0,10.5
2021-07-25,26.4,65.0,0.0,10.8
2021-07-26,25.5,68.0,0.0,10.8
2021-07-27,25.2,76.0,0.0,10.2
2021-07-28,26.6,72.0,0.0,10.7
2021-07-29,27.8,70.0,0.0,9.6
2021-07-30,27.4,76.0,0.0,10.6
2021-07-31,27.7,72.0,0.0,9.6
2021-08-01,27.6,74.0,0.0,10.4
2021-08-02,27.9,74.0,0.0,8.5
2021-08-03,28.1,72.0,0.0,8.0
2021-08-04,27.5,77.0,0.0,10.1
2021-08-05,27.6,72.0,0.0,10.7
2021-08-06,27.7,74.0,0.0,10.6
2021-08-07,27.6,74.0,0.0,10.6
2021-08-08,28.6,72.0,0.0,10.1
2021-08-09,27.2,72.0,0.0,9.5
2021-08-10,26.3,78.0,0.0,10.6
2021-08-11,27.1,66.0,0.0,9.9
2021-08-12,28.2,69.0,0.0,10.0
2021-08-13,27.7,75.0,0.0,8.9
2021-08-14,28.3,73.0,0.0,10.6
2021-08-15,28.5,64.0,0.0,10.3
2021-08-16,27.6,71.0,0.0,9.8
2021-08-17,27.9,69.0,0.0,10.2
2021-08-18,28.6,62.0,0.0,5.2
2021-08-19,27.5,75.0,0.0,8.6
2021-08-20,28.0,74.0,0.0,9.7
2021-08-21,27.6,73.0,0.0,7.6
2021-08-22,28.1,68.0,0.0,10.5
2021-08-23,27.9,64.0,0.0,10.3
2021-08-24,27.2,71.0,0.0,10.6
2021-08-25,28.2,64.0,0.0,8.3
2021-08-26,28.1,66.0,0.0,10.7
2021-08-27,28.3,71.0,0.0,10.8
2021-08-28,28.9,69.0,0.0,7.6
2021-08-29,28.5,68.0,0.0,6.2
2021-08-30,29.3,66.0,0.0,9.0
2021-08-31,27.5,66.0,0.0,10.7
2021-09-01,27.6,68.0,0.0,10.7
2021-09-02,28.1,70.0,0.0,11.2
2021-09-03,27.6,72.0,0.0,10.1
2021-09-04,29.1,65.0,0.0,6.4
2021-09-05,29.4,66.0,0.0,8.5
2021-09-06,28.2,73.0,0.0,7.9
2021-09-07,28.3,69.0,0.0,10.2
2021-09-08,28.5,65.0,0.0,8.8
2021-09-09,28.3,68.0,0.0,10.6
2021-09-10,28.5,70.0,0.0,9.2
2021-09-11,28.7,73.0,2.1,2.0
2021-09-12,27.7,80.0,0.6,0.7
2021-09-13,27.3,83.0,0.9,2.7
2021-09-14,28.6,77.0,2.0,6.1
2021-09-15,27.9,82.0,19.4,10.7
2021-09-16,29.1,70.0,0.0,9.7
2021-09-17,29.4,69.0,0.0,9.4
2021-09-18,29.4,65.0,0.0,8.5
2021-09-19,28.2,68.0,0.0,10.5
2021-09-20,28.1,75.0,0.0,10.3
2021-09-21,28.2,71.0,7.5,2.9
2021-09-22,27.9,78.0,15.0,9.4
2021-09-23,28.6,73.0,0.0,7.4
2021-09-24,27.4,76.0,20.75,2.4
2021-09-25,27.4,84.0,41.5,4.0
2021-09-26,28.1,72.0,0.0,4.4
2021-09-27,28.4,71.0,0.0,8.7
2021-09-28,28.9,71.0,0.0,10.7
2021-09-29,28.6,74.0,0.0,6.5
2021-09-30,27.8,75.0,0.0,10.4
2021-10-01,28.4,72.0,0.0,10.6
2021-10-02,29.1,74.0,0.0,10.0
2021-10-03,29.9,67.0,0.0,10.9
2021-10-04,27.4,80.0,0.0,11.0
2021-10-05,28.1,74.0,33.1,6.4
2021-10-06,27.9,72.0,0.0,8.8
2021-10-07,27.9,71.0,0.0,8.9
2021-10-08,29.6,68.0,0.0,10.4
2021-10-09,30.0,68.0,0.0,11.2
2021-10-10,30.5,60.0,0.0,10.5
2021-10-11,29.9,66.0,0.0,11.3
2021-10-12,28.3,72.0,0.0,11.2
2021-10-13,27.3,70.0,0.0,11.6
2021-10-14,28.6,73.0,0.0,11.2
2021-10-15,28.7,75.0,0.0,8.1
2021-10-16,28.7,78.0,0.0,7.5
2021-10-17,26.7,88.0,0.0,6.1
2021-10-18,28.1,82.0,33.0,6.5
2021-10-19,28.2,81.0,0.0,11.2
2021-10-20,29.5,76.0,0.0,9.1
2021-10-21,29.2,76.0,0.0,9.5
2021-10-22,30.1,74.0,0.0,9.8
2021-10-23,28.5,72.0,0.0,10.4
2021-10-24,27.7,68.0,0.0,10.2
2021-10-25,29.0,77.0,0.0,9.8
2021-10-26,27.8,84.0,0.0,10.4
2021-10-27,27.1,86.0,15.1,7.8
2021-10-28,27.5,84.0,5.0,6.6
2021-10-29,28.4,82.0,4.5,6.5
2021-10-30,29.0,81.0,3.0,10.1
2021-10-31,28.2,82.0,6.6,6.0
2021-11-01,27.1,88.0,26.2,9.4
2021-11-02,26.8,86.0,0.0,5.6
2021-11-03,28.6,80.0,1.0,5.1
2021-11-04,28.3,85.0,0.2,8.0
2021-11-05,27.2,88.0,14.5,6.3
2021-11-06,28.2,82.0,35.3,5.1
2021-11-07,28.8,81.0,9.8,9.5
2021-11-08,27.7,89.0,5.0,11.0
2021-11-09,28.3,82.0,1.5,8.8
2021-11-10,26.9,89.0,9.1,7.8
2021-11-11,26.9,88.0,3.8,7.2
2021-11-12,26.3,92.0,42.5,5.3
2021-11-13,27.3,83.0,1.0,3.5
2021-11-14,26.3,90.0,1.3,1.4
2021-11-15,26.9,90.0,7.0,0.5
2021-11-16,27.0,86.0,0.0,2.4
2021-11-17,27.6,82.0,0.0,5.0
2021-11-18,27.8,83.0,0.0,8.9
2021-11-19,26.4,88.0,0.5,9.9
2021-11-20,25.2,95.0,89.4,4.0
2021-11-21,26.4,90.0,29.0,0.8
2021-11-22,28.3,82.0,1.3,0.9
2021-11-23,27.9,83.0,0.0,9.3
2021-11-24,27.5,84.0,0.0,10.2
2021-11-25,27.8,82.0,0.0,4.5
2021-11-26,27.2,86.0,7.5,5.4
2021-11-27,26.4,88.0,36.0,6.6
2021-11-28,26.7,88.0,11.8,5.6
2021-11-29,26.9,88.0,2.1,4.9
2021-11-30,26.6,89.0,2.4000000000000004,0.6
2021-12-01,27.420062705347988,21.1,2.7,0.3
2021-12-02,26.2,90.0,41.0,0.0
2021-12-03,27.4,86.0,3.2,5.5
2021-12-04,27.8,83.0,0.0,6.9
2021-12-05,26.5,89.0,0.0,7.7
2021-12-06,26.4,91.0,32.2,5.4
2021-12-07,26.8,88.0,9.0,2.3
2021-12-08,28.2,80.0,4.5,1.6
2021-12-09,28.4,79.0,0.0,11.5
2021-12-10,27.9,81.0,0.0,8.0
2021-12-11,27.3,84.0,3.7,8.3
2021-12-12,26.6,88.0,3.1500000000000004,7.5
2021-12-13,26.6,88.0,2.6,7.2
2021-12-14,27.8,87.0,3.5,5.6
2021-12-15,28.2,83.0,0.1,6.6
2021-12-16,29.0,83.0,0.0,7.5
2021-12-17,29.0,81.0,0.0,10.9
2021-12-18,27.4,84.0,0.0,11.6
2021-12-19,27.7,87.0,65.2,10.3
2021-12-20,27.3,90.0,2.0,3.3
2021-12-21,26.9,87.0,29.8,5.3
2021-12-22,28.0,85.0,5.0,5.5
2021-12-23,27.1,82.0,3.5,3.4
2021-12-24,27.7,82.0,2.0,5.6
2021-12-25,26.6,89.0,0.0,8.3
2021-12-26,27.4,82.0,14.5,7.0
2021-12-27,27.3,84.0,14.0,6.8
2021-12-28,26.7,87.0,8.4,5.5
2021-12-29,25.7,89.0,24.200000000000003,2.9
2021-12-30,26.7,88.0,40.0,4.8
2021-12-31,26.5,87.0,3.4,4.3
2022-01-01,26.2,88.0,1.0,6.4
2022-01-02,26.2,92.0,7.3,1.9
2022-01-03,26.2,88.0,0.0,1.1
2022-01-04,26.3,87.0,0.4,5.1
2022-01-05,25.6,89.0,0.6,4.3
2022-01-06,25.9,83.0,2.5,1.1
2022-01-07,26.6,81.0,1.25,6.9
2022-01-08,27.0,82.0,0.0,9.5
2022-01-09,26.3,86.0,0.0,8.6
2022-01-10,26.9,84.0,6.6,6.1
2022-01-11,26.8,90.0,35.0,5.4
2022-01-12,26.8,87.0,7.7,4.3
2022-01-13,26.3,88.0,0.0,8.8
2022-01-14,26.1,87.0,0.9,5.9
2022-01-15,25.7,94.0,22.8,4.0
2022-01-16,27.0,89.0,3.6,0.0
2022-01-17,26.8,91.0,0.5,1.1
2022-01-18,26.3,88.0,22.7,1.4
2022-01-19,24.8,95.0,2.2,0.0
2022-01-20,24.6,92.0,9.9,3.1
2022-01-21,26.7,84.0,11.2,3.8
2022-01-22,26.6,84.0,0.0,8.7
2022-01-23,27.2,82.0,0.0,7.1
2022-01-24,26.9,82.0,0.0,11.5
2022-01-25,26.7,83.0,0.0,11.7
2022-01-26,26.6,94.0,57.0,10.5
2022-01-27,26.3,94.0,26.6,1.9
2022-01-28,27.5,85.0,26.0,0.6
2022-01-29,26.8,90.0,0.0,8.8
2022-01-30,27.0,88.0,0.0,0.0
2022-01-31,26.3,88.0,0.0,3.2
2022-02-01,25.5,88.0,7.9,6.5
2022-02-02,26.9,88.0,15.8,6.6
2022-02-03,26.8,83.0,0.0,8.8
2022-02-04,26.0,91.0,0.0,9.1
2022-02-05,26.7,88.0,6.1,4.7
2022-02-06,25.5,96.0,5.4,7.5
2022-02-07,26.5,89.0,19.6,6.5
2022-02-08,26.3,91.0,8.4,5.1
2022-02-09,25.8,90.0,4.4,5.1
2022-02-10,26.3,90.0,11.9,6.8
2022-02-11,26.9,85.0,4.8,0.8
2022-02-12,24.7,95.0,4.6,4.0
2022-02-13,25.9,90.0,53.8,1.5
2022-02-14,26.1,90.0,4.2,6.4
2022-02-15,27.2,85.0,12.1,5.8
2022-02-16,27.1,82.0,6.05,10.0
2022-02-17,27.5,82.0,0.0,11.8
2022-02-18,26.6,84.0,0.0,10.2
2022-02-19,27.0,87.0,2.0,10.1
2022-02-20,26.9,86.0,0.0,6.0
2022-02-21,26.1,88.0,10.2,5.4
2022-02-22,26.1,83.0,3.2,0.0
2022-02-23,26.7,84.0,0.0,3.2
2022-02-24,25.2,92.0,0.0,2.3
2022-02-25,25.3,90.0,10.0,2.5
2022-02-26,25.8,91.0,2.8,5.4
2022-02-27,26.6,89.0,5.2,5.4
2022-02-28,27.5,89.0,0.5,7.5
2022-03-01,27.5,88.0,2.2,2.4
2022-03-02,26.8,94.0,22.7,8.4
2022-03-03,26.3,94.0,17.1,1.5
2022-03-04,26.9,88.0,16.1,0.2
2022-03-05,26.5,88.0,0.0,4.2
2022-03-06,26.5,89.0,20.0,7.2
2022-03-07,27.5,87.0,4.8,8.85
2022-03-08,27.7,87.0,1.0,10.5
2022-03-09,27.3,85.0,0.0,5.5
2022-03-10,27.2,87.0,1.1,6.1
2022-03-11,27.9,87.0,0.4,7.9
2022-03-12,27.7,86.0,0.0,8.9
2022-03-13,28.2,85.0,0.6,11.0
2022-03-14,27.7,85.0,0.4,7.9
2022-03-15,28.3,82.0,0.2,9.7
2022-03-16,28.7,79.0,0.0,8.1
2022-03-17,28.1,85.0,0.0,8.6
2022-03-18,27.9,83.0,0.0,9.8
2022-03-19,25.9,90.0,0.0,4.3
2022-03-20,26.4,92.0,54.4,0.6
2022-03-21,26.9,88.0,0.6,3.7
2022-03-22,27.1,86.0,0.0,8.8
2022-03-23,26.8,86.0,1.2,10.0
2022-03-24,27.6,84.0,0.0,7.5
2022-03-25,26.4,83.0,0.0,9.1
2022-03-26,26.4,86.0,0.8,3.7
2022-03-27,26.2,85.0,0.4,7.0
2022-03-28,26.0,88.0,0.0,7.9
2022-03-29,25.0,89.0,3.3,5.1
2022-03-30,27.1,82.0,13.1,4.8
2022-03-31,26.6,85.0,0.0,2.7
2022-04-01,26.2,88.0,27.4,6.0
2022-04-02,26.4,86.0,0.2,8.4
2022-04-03,28.0,78.0,0.1,5.5
2022-04-04,27.2,82.0,0.0,9.9
2022-04-05,27.0,84.0,0.0,10.7
2022-04-06,26.5,88.0,3.2,9.3
2022-04-07,28.4,77.0,6.4,9.1
2022-04-08,27.4,82.0,0.0,10.4
2022-04-09,26.2,84.0,0.0,8.2
2022-04-10,25.9,82.0,7.7,9.0
2022-04-11,27.6,78.0,15.4,8.3
2022-04-12,28.0,74.0,0.0,10.8
2022-04-13,28.4,71.0,0.0,8.1
2022-04-14,28.1,78.0,0.0,9.8
2022-04-15,28.0,80.0,0.0,10.3
2022-04-16,27.6,82.0,0.0,8.4
2022-04-17,26.6,86.0,7.4,7.4
2022-04-18,28.0,84.0,2.7,3.3
2022-04-19,26.7,88.0,5.5,4.1
2022-04-20,25.2,93.0,11.0,1.7
2022-04-21,27.5,79.0,2.9,0.2
2022-04-22,28.2,78.0,0.0,10.5
2022-04-23,28.8,76.0,0.0,9.5
2022-04-24,28.0,79.0,23.4,10.7
2022-04-25,28.4,72.0,11.7,10.8
2022-04-26,26.7,74.0,0.0,10.1
2022-04-27,27.3,78.0,0.0,10.2
2022-04-28,27.0,80.0,0.0,10.1
2022-04-29,27.8,85.0,0.0,10.4
2022-04-30,28.7,77.0,0.0,10.6
2022-05-01,28.3,77.0,0.0,10.8
2022-05-02,28.8,74.0,0.0,10.466666666666669
2022-05-03,28.8,72.0,0.0,10.133333333333336
2022-05-04,28.7,76.0,0.0,9.8
2022-05-05,28.2,82.0,0.0,9.7
2022-05-06,27.9,78.0,4.0,5.4
2022-05-07,27.6,83.0,0.0,9.0
2022-05-08,27.1,86.0,0.7,6.6
2022-05-09,27.7,85.0,0.4,7.0
2022-05-10,27.5,79.0,10.5,5.7
2022-05-11,28.2,78.0,0.0,8.5
2022-05-12,28.5,77.0,0.0,10.4
2022-05-13,26.9,88.0,0.0,9.0
2022-05-14,27.7,81.0,0.0,5.9
2022-05-15,27.6,82.0,0.0,10.0
2022-05-16,27.9,78.0,0.0,9.6
2022-05-17,27.8,80.0,0.0,10.4
2022-05-18,27.9,81.0,0.3,5.4
2022-05-19,27.8,84.0,0.3,4.9
2022-05-20,28.4,80.0,1.5,9.1
2022-05-21,27.9,76.0,0.0,9.6
2022-05-22,27.4,73.0,0.0,10.7
2022-05-23,28.2,72.0,0.0,9.2
2022-05-24,28.2,75.0,0.0,10.7
2022-05-25,27.1,86.0,0.0,10.0
2022-05-26,27.1,84.0,3.2,7.3
2022-05-27,27.1,82.0,0.7,6.7
2022-05-28,27.9,79.0,0.0,0.3
2022-05-29,27.1,83.0,0.0,8.8
2022-05-30,27.4,87.0,1.6,10.1
2022-05-31,27.3,84.0,1.0,7.7
2022-06-01,27.1,79.0,0.0,10.5
2022-06-02,26.8,86.0,1.2,8.6
2022-06-03,27.2,81.0,6.1,6.0
2022-06-04,27.1,78.0,0.4,8.9
2022-06-05,27.5,79.0,0.0,4.1
2022-06-06,27.8,78.0,5.1,9.8
2022-06-07,26.9,82.0,0.0,9.9
2022-06-08,27.4,80.0,24.0,7.9
2022-06-09,27.4,82.0,4.9,9.9
2022-06-10,28.0,78.0,0.0,8.9
2022-06-11,28.2,78.0,0.0,9.8
2022-06-12,27.8,81.0,0.0,10.1
2022-06-13,26.8,82.0,0.0,6.6
2022-06-14,27.7,78.0,0.0,8.0
2022-06-15,27.3,80.0,0.0,9.4
2022-06-16,27.9,76.0,0.0,7.8
2022-06-17,28.1,74.0,0.0,8.8
2022-06-18,27.5,77.0,0.0,10.6
2022-06-19,27.1,79.0,0.0,7.3
2022-06-20,28.1,72.0,0.0,4.6
2022-06-21,26.5,68.0,0.0,10.1
2022-06-22,27.7,70.0,0.0,10.8
2022-06-23,27.1,71.0,0.0,10.6
2022-06-24,27.3,73.0,0.0,10.4
2022-06-25,27.5,74.0,0.0,7.5
2022-06-26,27.9,74.0,0.0,8.6
2022-06-27,27.2,72.0,0.0,6.1
2022-06-28,26.8,78.0,0.0,10.7
2022-06-29,26.7,74.0,0.0,7.4
2022-06-30,27.5,75.0,0.0,9.7
2022-07-01,27.9,69.0,0.0,10.5
2022-07-02,28.5,74.0,0.0,5.4
2022-07-03,27.7,82.0,0.0,8.3
2022-07-04,27.8,80.0,0.0,7.9
2022-07-05,27.0,79.0,2.3,9.3
2022-07-06,26.2,74.0,1.15,9.6
2022-07-07,26.1,67.0,0.0,8.0
2022-07-08,24.4,66.0,0.0,9.1
2022-07-09,25.6,76.0,0.0,10.5
2022-07-10,27.9,72.0,0.0,8.5
2022-07-11,27.5,74.0,0.0,9.7
2022-07-12,27.3,76.0,0.0,7.4
2022-07-13,26.7,72.0,0.0,9.1
2022-07-14,26.3,74.0,0.0,10.6
2022-07-15,26.4,72.0,0.0,10.6
2022-07-16,26.1,78.0,0.0,9.0
2022-07-17,27.7,72.0,0.0,4.6
2022-07-18,26.2,72.0,0.0,9.4
2022-07-19,25.7,71.0,0.0,10.0
2022-07-20,25.4,71.0,0.0,8.7
2022-07-21,26.9,70.0,0.0,10.4
2022-07-22,27.2,69.0,0.0,10.5
2022-07-23,26.6,70.0,0.0,10.5
2022-07-24,24.8,69.0,0.0,9.4
2022-07-25,25.3,68.0,0.0,10.5
2022-07-26,26.2,71.0,0.0,10.4
2022-07-27,26.6,70.0,0.0,9.7
2022-07-28,25.9,68.0,0.0,11.6
2022-07-29,26.4,67.0,0.0,10.9
2022-07-30,25.4,72.0,0.0,10.6
2022-07-31,25.8,74.0,0.0,10.5
2022-08-01,26.6,77.0,0.0,9.0
2022-08-02,27.7,72.0,0.0,10.7
2022-08-03,27.5,70.0,0.0,10.0
2022-08-04,27.0,64.0,0.0,9.8
2022-08-05,26.1,69.0,0.0,10.0
2022-08-06,26.4,72.0,0.0,7.4
2022-08-07,26.5,71.0,0.0,9.3
2022-08-08,27.2,72.0,10.1,9.45
2022-08-09,27.9,72.0,0.0,9.6
2022-08-10,28.0,73.0,0.0,7.0
2022-08-11,27.7,76.0,0.0,8.5
2022-08-12,27.7,75.0,0.0,5.7
2022-08-13,27.6,80.0,0.0,10.5
2022-08-14,27.5,83.0,3.7,5.4
2022-08-15,28.1,67.0,1.85,7.4
2022-08-16,26.3,72.0,0.0,10.1
2022-08-17,27.3,71.0,0.0,10.3
2022-08-18,27.3,72.0,0.0,9.0
2022-08-19,27.3,60.0,0.0,9.7
2022-08-20,26.2,64.0,0.0,10.6
2022-08-21,26.1,66.0,0.0,10.7
2022-08-22,27.6,62.0,0.0,10.1
2022-08-23,26.3,64.0,10.3,10.35
2022-08-24,27.3,62.0,0.0,10.6
2022-08-25,27.7,64.0,0.0,10.7
2022-08-26,27.2,66.0,0.0,10.8
2022-08-27,26.9,73.0,0.0,9.1
2022-08-28,27.0,76.0,0.0,9.8
2022-08-29,27.4,74.0,0.0,7.4
2022-08-30,28.3,74.0,0.8,8.7
2022-08-31,27.7,74.0,0.0,10.0
2022-09-01,28.1,70.0,0.0,9.4
2022-09-02,28.2,72.0,0.0,9.7
2022-09-03,28.4,71.0,0.0,10.7
2022-09-04,28.0,73.0,0.0,9.4
2022-09-05,27.1,79.0,0.0,7.2
2022-09-06,27.8,77.0,9.6,7.2
2022-09-07,27.0,78.0,0.0,7.2
2022-09-08,27.7,77.0,0.2,7.3
2022-09-09,27.9,76.0,0.0,9.2
2022-09-10,27.8,76.0,0.0,9.9
2022-09-11,27.4,74.0,0.0,8.5
2022-09-12,27.7,74.0,0.0,10.7
2022-09-13,29.1,66.0,0.0,10.8
2022-09-14,28.7,67.0,0.0,10.6
2022-09-15,28.8,66.0,0.0,9.4
2022-09-16,29.3,56.0,0.0,10.3
2022-09-17,27.6,67.0,0.0,8.7
2022-09-18,27.6,69.0,0.0,8.6
2022-09-19,27.6,73.0,0.0,9.4
2022-09-20,28.5,68.0,2.7,9.9
2022-09-21,28.3,72.0,0.0,7.8
2022-09-22,28.6,73.0,9.5,9.9
2022-09-23,28.2,73.0,0.0,9.2
2022-09-24,28.3,77.0,0.0,8.1
2022-09-25,29.0,74.0,0.0,10.7
2022-09-26,29.3,66.0,0.1,9.1
2022-09-27,29.3,66.0,0.0,10.3
2022-09-28,28.4,67.0,0.0,10.9
2022-09-29,27.9,78.0,0.0,10.0
2022-09-30,27.2,79.0,0.0,6.6
2022-10-01,27.4,76.0,0.5,3.3
2022-10-02,28.2,72.0,0.0,7.8
2022-10-03,26.8,81.0,0.0,8.4
2022-10-04,27.4,80.0,1.5,5.4
2022-10-05,27.4,82.0,31.5,6.2
2022-10-06,27.5,81.0,0.2,8.5
2022-10-07,28.5,79.0,39.6,6.8
2022-10-08,29.1,75.0,4.8,7.5
2022-10-09,29.7,74.0,0.0,9.8
2022-10-10,27.6,82.0,0.0,7.1
2022-10-11,27.0,87.0,1.5,7.3
2022-10-12,27.5,79.0,30.6,5.8
2022-10-13,28.6,75.0,0.0,5.2
2022-10-14,27.2,81.0,0.1,7.9
2022-10-15,28.6,75.0,2.5,7.0
2022-10-16,28.6,77.0,1.25,8.6
2022-10-17,28.3,80.0,0.0,7.3
2022-10-18,27.4,85.0,5.1,5.3
2022-10-19,27.2,87.0,6.9,3.9
2022-10-20,27.7,86.0,0.8,6.9
2022-10-21,28.4,82.0,0.0,10.2
2022-10-22,27.6,78.0,0.0,9.1
2022-10-23,28.0,76.0,0.0,7.3
2022-10-24,28.2,76.0,0.0,8.8
2022-10-25,28.3,77.0,0.0,9.8
2022-10-26,28.1,76.0,0.0,10.1
2022-10-27,27.2,82.0,0.0,8.8
2022-10-28,26.2,85.0,0.0,5.1
2022-10-29,26.5,69.0,0.8,4.8
2022-10-30,27.7,70.0,0.0,9.1
2022-10-31,28.6,70.0,0.0,9.4
2022-11-01,29.0,69.0,0.0,7.1
2022-11-02,27.9,77.0,0.0,8.5
2022-11-03,28.4,78.0,6.4,8.7
2022-11-04,28.2,80.0,0.0,10.0
2022-11-05,27.9,78.0,1.6,7.2
2022-11-06,27.7,82.0,0.0,9.4
2022-11-07,26.8,83.0,2.2,9.5
2022-11-08,26.1,88.0,56.8,2.7
2022-11-09,26.9,84.0,48.8,4.1
2022-11-10,27.4,80.0,0.0,7.0
2022-11-11,28.7,76.0,0.0,7.6
2022-11-12,28.8,76.0,0.0,9.1
2022-11-13,28.7,76.0,0.0,10.7
2022-11-14,28.3,79.0,0.8333333333333334,7.6
2022-11-15,27.4,83.0,1.6666666666666667,7.7
2022-11-16,27.5,85.0,2.5,8.4
2022-11-17,27.8,80.0,13.0,9.7
2022-11-18,27.9,78.0,0.0,8.8
2022-11-19,25.5,92.0,0.0,1.1
2022-11-20,27.3,83.0,12.3,0.2
2022-11-21,27.7,87.0,7.9,11.5
2022-11-22,26.6,90.0,3.5,5.0
2022-11-23,26.1,91.0,11.6,7.6
2022-11-24,25.6,93.0,1.7,1.6
2022-11-25,26.5,88.0,10.9,3.8
2022-11-26,27.4,78.0,5.45,4.9
2022-11-27,26.9,85.0,0.0,8.0
2022-11-28,26.4,89.0,1.5,7.1
2022-11-29,26.0,90.0,3.5,4.0
2022-11-30,26.4,86.0,2.5,4.1
2022-12-01,26.1,84.0,4.0,6.0
2022-12-02,25.6,92.0,23.5,6.3
2022-12-03,26.3,85.0,8.0,2.0
2022-12-04,28.0,80.0,23.5,8.0
2022-12-05,28.2,81.0,19.5,10.5
2022-12-06,29.1,76.0,0.0,10.8
2022-12-07,28.5,80.0,0.0,11.3
2022-12-08,27.2,80.0,43.8,11.3
2022-12-09,28.2,80.0,29.199999999999996,10.2
2022-12-10,28.7,75.0,14.599999999999998,9.6
2022-12-11,27.5,84.0,0.0,11.8
2022-12-12,28.2,74.0,1.0,7.2
2022-12-13,29.1,78.0,0.1,11.5
2022-12-14,28.1,80.0,2.2,10.2
2022-12-15,28.4,76.0,0.0,8.5
2022-12-16,25.9,88.0,0.0,8.0
2022-12-17,26.0,86.0,14.5,2.3
2022-12-18,27.7,79.0,0.4,4.2
2022-12-19,27.1,77.0,1.0,4.5
2022-12-20,27.2,73.0,0.0,9.0
2022-12-21,26.9,72.0,0.0,9.8
2022-12-22,28.0,80.0,2.6,9.3
2022-12-23,26.8,86.0,1.5,4.5
2022-12-24,26.8,85.0,9.0,0.8
2022-12-25,25.6,90.0,3.3,1.1
2022-12-26,26.3,88.0,7.4,1.1
2022-12-27,26.7,88.0,0.6,2.0
2022-12-28,26.2,86.0,5.4,5.1
2022-12-29,26.0,90.0,11.0,7.9
2022-12-30,24.9,94.0,3.6,2.0
2022-12-31,28.0,83.0,37.8,0.0
2023-01-01,27.4,85.0,7.3,7.4
2023-01-02,26.3,91.0,16.6,1.9
2023-01-03,26.0,90.0,12.2,3.8
2023-01-04,27.7,82.0,2.6,5.0
2023-01-05,28.5,82.0,2.6,8.7
2023-01-06,28.4,78.0,3.1,4.0
2023-01-07,27.8,76.0,0.0,7.2
2023-01-08,26.8,77.0,3.4,8.2
2023-01-09,26.2,80.0,0.0,9.7
2023-01-10,26.45,78.0,0.0,9.0
2023-01-11,26.7,76.0,0.0,9.9
2023-01-12,26.4,78.0,0.0,9.5
2023-01-13,27.0,82.0,0.0,9.8
2023-01-14,27.2,84.0,0.0,11.3
2023-01-15,27.1,85.0,0.0,11.2
2023-01-16,27.0,86.0,1.2,6.3
2023-01-17,26.6,89.0,29.4,4.6
2023-01-18,26.7,86.0,19.6,3.2
2023-01-19,26.7,86.0,9.8,6.1
2023-01-20,26.2,89.0,0.0,6.0
2023-01-21,27.4,81.0,0.9,5.2
2023-01-22,26.7,81.0,0.0,6.0
2023-01-23,27.5,81.0,0.0,8.3
2023-01-24,27.1,78.0,0.0,11.2
2023-01-25,25.2,91.0,0.0,10.3
2023-01-26,25.5,91.0,22.2,3.3
2023-01-27,26.4,88.0,52.0,4.5
2023-01-28,25.7,91.0,0.8,3.1
2023-01-29,26.6,89.0,2.5,4.8
2023-01-30,26.7,91.0,0.2,0.8
2023-01-31,26.3,90.0,4.4,2.3
2023-02-01,26.0,90.0,17.7,3.8
2023-02-02,25.1,95.0,0.9,1.7
2023-02-03,26.3,89.0,10.2,1.2
2023-02-04,25.7,94.0,2.8,1.3
2023-02-05,26.5,88.0,1.9,1.4
2023-02-06,27.1,80.0,0.0,1.9
2023-02-07,25.4,92.0,0.0,1.2
2023-02-08,25.6,91.0,65.3,1.7
2023-02-09,26.0,91.0,42.9,1.1
2023-02-10,26.5,90.0,0.0,1.0
2023-02-11,27.0,89.0,15.1,1.7
2023-02-12,26.6,88.5,0.0,3.2
2023-02-13,26.2,88.0,3.8,5.4
2023-02-14,26.6,85.0,1.9,5.4
2023-02-15,27.0,84.0,0.0,5.5
2023-02-16,26.9,85.0,0.0,2.7
2023-02-17,26.8,86.0,0.0,6.5
2023-02-18,26.4,88.0,20.7,3.0
2023-02-19,27.1,84.0,0.0,7.9
2023-02-20,27.1,84.0,0.0,8.9
2023-02-21,26.1,88.0,2.4,7.3
2023-02-22,26.7,86.0,3.6,8.0
2023-02-23,26.2,89.0,0.0,9.1
2023-02-24,26.1,91.0,0.4,3.7
2023-02-25,25.8,93.0,22.6,6.5
2023-02-26,25.3,93.0,45.0,4.9
2023-02-27,26.2,90.0,3.2,0.9
2023-02-28,26.8,87.0,5.1,8.5
2023-03-01,26.1,90.0,0.0,2.8
2023-03-02,25.1,92.0,19.3,1.4
2023-03-03,26.2,90.0,8.9,0.9
2023-03-04,25.6,89.0,0.0,4.9
2023-03-05,25.3,92.0,16.0,7.4
2023-03-06,26.3,88.0,25.9,5.3
2023-03-07,26.2,89.0,2.4,5.0
2023-03-08,26.4,85.0,7.4,6.5
2023-03-09,26.1,88.0,3.95,5.9
2023-03-10,27.4,82.0,0.5,7.8
2023-03-11,27.1,79.0,0.0,10.9
2023-03-12,27.4,74.0,0.0,9.8
2023-03-13,26.6,82.0,0.0,9.7
2023-03-14,26.9,77.0,0.0,8.1
2023-03-15,27.7,77.0,0.0,8.1
2023-03-16,28.3,78.0,0.0,10.1
2023-03-17,28.0,82.0,13.5,10.7
2023-03-18,27.8,81.0,0.0,7.8
2023-03-19,27.6,82.0,0.0,8.8
2023-03-20,28.1,81.0,8.0,9.2
2023-03-21,27.6,80.0,0.0,8.1
2023-03-22,27.3,81.0,0.0,8.8
2023-03-23,27.6,82.0,0.0,9.8
2023-03-24,27.7,80.0,0.0,10.6
2023-03-25,27.4,81.0,0.0,10.0
2023-03-26,27.5,82.0,0.0,8.8
2023-03-27,27.4,83.0,0.0,8.5
2023-03-28,27.5,83.0,0.3,9.0
2023-03-29,27.8,80.0,0.0,8.3
2023-03-30,26.4,90.0,4.7,4.9
2023-03-31,26.4,83.0,13.5,3.3
2023-04-01,26.2,86.0,0.4,5.9
2023-04-02,26.5,83.0,1.1,6.2
2023-04-03,26.7,86.0,1.8,6.8
2023-04-04,25.8,92.0,10.6,5.6
2023-04-05,26.3,88.0,13.1,1.5
2023-04-06,26.5,84.0,1.9,6.3
2023-04-07,26.5,86.0,4.35,6.6
2023-04-08,25.9,88.0,6.8,7.3
2023-04-09,26.5,88.0,3.1,4.9
2023-04-10,26.7,86.0,2.8,1.8
2023-04-11,27.0,84.0,2.5,6.9
2023-04-12,27.1,90.0,2.25,8.4
2023-04-13,26.6,90.0,2.0,5.7
2023-04-14,27.4,81.0,0.6,1.5
2023-04-15,27.6,84.0,0.0,7.4
2023-04-16,27.5,80.0,0.0,6.6
2023-04-17,27.4,82.0,0.0,10.4
2023-04-18,27.5,78.0,2.3,9.8
2023-04-19,26.7,85.0,0.0,10.5
2023-04-20,27.6,82.0,42.0,7.0
2023-04-21,27.5,81.0,0.0,10.4
2023-04-22,27.55,79.5,0.0,6.5
2023-04-23,27.6,78.0,0.0,10.5
2023-04-24,27.8,76.0,0.0,10.7
2023-04-25,27.8,85.0,0.0,11.0
2023-04-26,28.6,78.0,0.0,9.3
2023-04-27,27.5,85.0,0.0,8.8
2023-04-28,27.5,86.0,5.0,5.2
2023-04-29,28.0,82.0,3.333333333333333,4.3
2023-04-30,28.1,74.0,1.6666666666666665,5.5
2023-05-01,27.1,76.0,0.0,7.95
2023-05-02,28.2,78.0,0.0,10.4
2023-05-03,28.2,78.0,0.0,10.5
2023-05-04,28.3,76.0,0.0,9.3
2023-05-05,28.5,80.0,0.0,9.0
2023-05-06,28.5,77.0,0.0,8.2
2023-05-07,28.5,74.0,0.0,11.0
2023-05-08,29.0,74.0,0.0,9.7
2023-05-09,27.1,85.0,0.0,10.0
2023-05-10,28.6,80.0,1.9,0.4
2023-05-11,28.7,78.0,3.8,8.4
2023-05-12,27.2,70.0,0.0,9.8
2023-05-13,26.9,70.0,0.0,10.8
2023-05-14,26.3,69.0,0.0,10.6
2023-05-15,26.5,71.0,0.0,10.0
2023-05-16,26.0,74.0,0.0,10.6
2023-05-17,26.0,76.0,0.0,10.75
2023-05-18,26.6,78.0,0.0,10.9
2023-05-19,27.2,75.0,0.0,10.8
2023-05-20,26.7,74.0,0.0,7.6
2023-05-21,26.5,74.0,0.0,10.7
2023-05-22,26.6,75.0,0.0,10.6
2023-05-23,26.9,76.0,0.0,10.7
2023-05-24,26.9,77.0,0.0,10.8
2023-05-25,27.3,76.0,0.0,10.6
2023-05-26,27.1,70.0,0.0,8.9
2023-05-27,27.2,74.0,0.0,10.6
2023-05-28,27.0,69.0,0.0,9.6
2023-05-29,26.4,71.0,0.0,10.8
2023-05-30,26.4,77.0,0.0,10.5
2023-05-31,27.9,70.0,0.0,10.7
2023-06-01,27.8,73.0,0.0,10.2
2023-06-02,27.0,75.0,0.0,10.5
2023-06-03,27.3,73.0,0.0,7.8
2023-06-04,27.1,76.0,0.0,10.4
2023-06-05,26.5,81.0,0.0,9.6
2023-06-06,27.1,80.0,4.7,7.5
2023-06-07,28.2,76.0,0.0,6.7
2023-06-08,27.1,76.0,0.0,11.0
2023-06-09,27.4,74.0,0.0,10.8
2023-06-10,27.1,80.0,0.0,10.6
2023-06-11,28.0,72.0,0.0,3.3
2023-06-12,27.2,67.0,0.0,7.9
2023-06-13,26.6,71.0,0.0,10.6
2023-06-14,26.7,70.0,0.0,10.0
2023-06-15,26.0,72.0,0.0,10.4
2023-06-16,26.3,74.0,0.0,10.5
2023-06-17,26.3,70.0,0.0,6.6
2023-06-18,25.6,75.0,0.0,10.5
2023-06-19,26.6,78.0,0.0,10.7
2023-06-20,26.1,78.0,0.0,9.6
2023-06-21,27.2,75.0,0.0,8.2
2023-06-22,25.9,70.0,0.0,9.5
2023-06-23,26.3,74.0,0.0,10.6
2023-06-24,26.2,76.0,0.0,10.8
2023-06-25,26.4,78.0,0.0,9.4
2023-06-26,26.9,84.0,0.0,10.8
2023-06-27,27.0,82.0,0.0,5.4
2023-06-28,27.3,79.0,7.6,4.4
2023-06-29,26.9,82.0,0.0,7.7
2023-06-30,27.2,79.0,0.3,8.8
2023-07-01,26.7,86.0,0.6,9.4
2023-07-02,27.9,76.0,0.9,4.3
2023-07-03,26.9,83.0,0.0,8.2
2023-07-04,28.2,81.0,22.2,5.6
2023-07-05,27.4,80.0,0.0,8.7
2023-07-06,27.6,78.0,0.0,7.4
2023-07-07,28.0,78.0,0.0,9.6
2023-07-08,27.9,79.0,0.0,10.5
2023-07-09,27.0,74.0,0.2,3.9
2023-07-10,26.2,69.0,0.0,10.6
2023-07-11,26.0,70.0,0.0,10.6
2023-07-12,27.1,70.0,0.0,10.5
2023-07-13,27.6,75.0,0.0,8.4
2023-07-14,27.1,74.0,0.0,7.8
2023-07-15,26.8,72.0,0.0,9.9
2023-07-16,25.7,75.0,0.0,9.9
2023-07-17,26.7,70.0,0.0,8.4
2023-07-18,26.3,69.0,0.0,10.8
2023-07-19,26.1,69.0,0.0,10.8
2023-07-20,25.8,72.0,0.0,10.1
2023-07-21,26.5,70.0,0.0,8.9
2023-07-22,26.2,72.0,0.0,10.1
2023-07-23,25.7,72.0,0.0,10.8
2023-07-24,25.7,77.0,0.0,5.9
2023-07-25,26.3,74.0,0.0,9.1
2023-07-26,26.5,72.0,0.0,9.4
2023-07-27,25.7,72.0,0.0,8.7
2023-07-28,25.7,75.0,0.0,10.5
2023-07-29,25.3,70.0,0.0,10.7
2023-07-30,26.6,68.0,0.0,10.7
2023-07-31,26.4,76.0,0.0,10.6
2023-08-01,27.3,70.0,0.0,9.8
2023-08-02,25.6,78.0,0.0,10.6
2023-08-03,26.4,79.0,0.0,10.6
2023-08-04,26.6,76.0,0.0,10.6
2023-08-05,27.5,73.0,0.0,10.7
2023-08-06,26.5,75.0,0.0,8.1
2023-08-07,27.0,59.0,0.0,10.2
2023-08-08,26.3,67.0,0.0,10.9
2023-08-09,25.4,67.0,0.0,10.8
2023-08-10,25.2,71.0,0.0,10.8
2023-08-11,25.7,70.0,0.0,9.6
2023-08-12,26.3,69.0,0.0,10.5
2023-08-13,26.4,72.0,0.0,7.9
2023-08-14,26.4,73.0,0.0,9.7
2023-08-15,26.5,71.0,0.0,10.3
2023-08-16,26.8,73.0,0.0,8.3
2023-08-17,27.1,70.0,0.0,7.1
2023-08-18,26.5,69.0,0.0,7.2
2023-08-19,26.5,72.0,0.0,9.5
2023-08-20,27.1,72.0,0.0,10.7
2023-08-21,27.3,67.0,0.0,10.1
2023-08-22,26.1,63.0,0.0,9.3
2023-08-23,26.6,65.5,0.0,9.1
2023-08-24,27.1,68.0,0.0,8.9
2023-08-25,27.1,64.0,0.0,9.7
2023-08-26,26.8,64.0,0.0,10.8
2023-08-27,26.3,72.0,0.0,11.1
2023-08-28,26.2,69.0,0.0,10.4
2023-08-29,27.1,64.0,0.0,9.0
2023-08-30,27.8,64.0,0.0,10.3
2023-08-31,26.2,71.0,0.0,11.0
2023-09-01,26.2,62.0,0.0,10.6
2023-09-02,25.5,68.0,0.0,10.8
2023-09-03,25.9,67.0,0.0,10.5
2023-09-04,26.4,67.5,0.0,10.7
2023-09-05,26.9,68.0,0.0,10.9
2023-09-06,27.5,70.0,0.0,10.0
2023-09-07,27.2,63.0,0.0,10.3
2023-09-08,26.2,71.0,0.0,10.2
2023-09-09,25.9,75.0,0.0,10.3
2023-09-10,28.2,66.0,0.0,10.9
2023-09-11,28.7,69.0,0.0,9.4
2023-09-12,28.1,68.0,0.0,10.5
2023-09-13,27.7,70.0,0.0,9.5
2023-09-14,27.5,64.0,0.0,10.5
2023-09-15,27.7,67.0,0.0,9.6
2023-09-16,27.2,72.0,0.0,9.6
2023-09-17,28.3,73.0,0.0,9.8
2023-09-18,27.4,70.0,0.0,8.0
2023-09-19,26.8,72.0,5.3,3.8
2023-09-20,27.2,72.0,0.0,3.3
2023-09-21,26.1,68.0,0.0,8.2
2023-09-22,27.4,65.0,0.0,9.1
2023-09-23,27.5,72.0,0.0,10.2
2023-09-24,27.2,74.0,0.0,10.6
2023-09-25,27.9,64.0,0.0,10.2
2023-09-26,27.9,70.0,0.0,10.4
2023-09-27,27.3,70.0,0.0,10.8
2023-09-28,28.2,71.0,0.0,10.8
2023-09-29,26.6,72.0,0.0,10.7
2023-09-30,27.9,70.0,0.0,10.7
2023-10-01,27.2,74.0,0.0,10.6
2023-10-02,27.6,71.0,0.0,11.1
2023-10-03,28.2,72.0,0.0,9.1
2023-10-04,28.5,75.0,0.0,10.0
2023-10-05,28.4,76.0,0.0,11.1
2023-10-06,29.5,72.0,0.0,11.0
2023-10-07,27.9,74.0,0.0,10.8
2023-10-08,29.4,69.0,0.0,10.9
2023-10-09,28.2,74.0,0.0,10.7
2023-10-10,28.6,70.0,0.0,10.8
2023-10-11,27.7,74.0,0.0,11.0
2023-10-12,27.5,78.0,0.0,11.0
2023-10-13,28.9,71.0,10.5,10.4
2023-10-14,29.3,69.0,0.0,9.8
2023-10-15,28.6,70.0,0.0,11.2
2023-10-16,28.7,70.0,11.2,11.2
2023-10-17,27.8,68.0,11.0,11.2
2023-10-18,28.9,66.0,0.0,11.2
2023-10-19,28.85,69.0,0.0,11.15
2023-10-20,28.8,72.0,0.0,11.1
2023-10-21,28.4,63.0,0.0,11.6
2023-10-22,27.5,76.0,0.0,11.5
2023-10-23,28.05,74.0,0.0,11.35
2023-10-24,28.6,72.0,0.0,11.2
2023-10-25,29.3,71.0,0.0,11.5
2023-10-26,29.6,70.0,0.0,11.5
2023-10-27,28.6,68.0,0.0,11.7
2023-10-28,27.9,78.0,0.0,11.8
2023-10-29,30.5,66.0,0.0,11.5
2023-10-30,29.6,69.0,0.0,11.2
2023-10-31,29.2,73.0,0.0,11.5
2023-11-01,29.6,71.0,0.0,11.4
2023-11-02,29.8,70.0,0.0,9.1
2023-11-03,28.9,79.0,0.0,10.1
2023-11-04,29.2,75.0,0.9,8.2
2023-11-05,29.3,74.0,0.0,10.4
2023-11-06,29.3,73.0,0.0,11.5
2023-11-07,29.9,74.0,0.0,11.4
2023-11-08,29.9,72.0,0.0,11.6
2023-11-09,29.9,72.0,0.0,11.0
2023-11-10,29.5,74.0,0.0,9.0
2023-11-11,29.9,75.0,0.0,8.4
2023-11-12,29.0,76.0,0.0,9.4
2023-11-13,28.8,81.0,0.0,6.8
2023-11-14,30.1,74.0,2.7,6.6
2023-11-15,29.8,72.0,1.35,10.0
2023-11-16,28.7,79.0,0.0,9.1
2023-11-17,27.6,86.0,1.5,7.0
2023-11-18,29.8,69.0,13.8,4.7
2023-11-19,30.0,71.0,0.0,10.5
2023-11-20,30.2,71.0,0.0,10.5
2023-11-21,30.9,69.0,0.0,10.0
2023-11-22,30.8,66.0,0.0,11.2
2023-11-23,30.3,72.0,0.0,11.7
2023-11-24,29.3,73.0,0.0,10.2
2023-11-25,29.5,73.0,0.0,6.0
2023-11-26,28.1,80.0,0.0,7.8
2023-11-27,28.8,77.0,3.5,7.7
2023-11-28,27.8,82.0,0.5,8.1
2023-11-29,28.1,84.0,12.3,8.0
2023-11-30,27.9,85.0,27.7,5.3
2023-12-01,27.3,86.0,17.45,5.6
2023-12-02,27.4,87.0,7.2,6.8
2023-12-03,28.1,84.0,24.5,4.3
2023-12-04,28.0,83.0,32.0,9.2
2023-12-05,30.1,75.0,5.8,9.7
2023-12-06,30.2,75.0,0.0,9.9
2023-12-07,27.6,86.0,0.0,11.0
2023-12-08,28.1,87.0,11.7,6.9
2023-12-09,27.3,88.0,22.5,6.7
2023-12-10,28.4,79.0,64.6,9.4
2023-12-11,28.8,79.0,0.0,8.2
2023-12-12,29.2,78.0,0.0,7.4
2023-12-13,28.2,81.0,0.0,9.3
2023-12-14,27.9,84.0,0.0,9.0
2023-12-15,28.7,83.0,1.0,8.9
2023-12-16,29.5,76.0,0.0,8.1
2023-12-17,27.1,83.0,0.0,10.5
2023-12-18,28.5,70.0,12.6,6.1
2023-12-19,28.3,68.0,0.0,11.3
2023-12-20,28.4,66.0,0.0,11.9
2023-12-21,28.5,72.0,0.0,11.4
2023-12-22,28.2,68.0,0.0,10.3
2023-12-23,29.5,77.0,0.0,9.1
2023-12-24,28.3,81.0,0.0,10.7
2023-12-25,29.0,81.0,0.0,9.0
2023-12-26,28.9,79.0,0.0,10.0
2023-12-27,28.5,84.0,0.0,9.6
2023-12-28,28.2,86.0,0.6,7.1
2023-12-29,29.2,80.0,15.0,7.8
2023-12-30,29.5,80.0,0.0,8.4
2023-12-31,29.2,81.0,10.0,10.5
2024-01-01,29.8,82.0,5.0,5.6
2024-01-02,29.6,82.0,0.0,11.2
2024-01-03,29.3,82.0,0.0,10.5
2024-01-04,28.1,86.0,2.3,9.3
2024-01-05,27.2,89.0,34.2,7.2
2024-01-06,28.0,89.0,4.2,0.2
2024-01-07,27.8,84.0,7.0,2.1
2024-01-08,27.7,86.0,6.366666666666666,8.0
2024-01-09,27.5,86.0,5.733333333333333,7.0
2024-01-10,28.9,83.0,5.1,8.5
2024-01-11,28.6,82.0,0.0,9.4
2024-01-12,29.0,70.0,0.0,8.8
2024-01-13,29.3,66.0,0.0,11.0
2024-01-14,29.4,76.0,0.0,10.3
2024-01-15,29.1,80.0,0.0,10.2
2024-01-16,27.0,88.0,9.7,10.2
2024-01-17,27.9,84.0,19.4,2.7
2024-01-18,25.9,92.0,1.4,7.7
2024-01-19,27.9,84.0,24.1,1.9
2024-01-20,28.2,74.0,0.0,7.0
2024-01-21,28.3,81.0,0.0,4.2
2024-01-22,28.2,86.0,23.6,8.6
2024-01-23,27.4,87.0,25.4,6.0
2024-01-24,27.5,88.0,5.3,4.3
2024-01-25,28.3,86.0,1.0,0.9
2024-01-26,27.9,88.0,1.1,6.4
2024-01-27,27.1,89.0,4.7,4.6
2024-01-28,27.6,85.0,3.1,5.1
2024-01-29,26.7,89.0,0.0,5.8
2024-01-30,28.2,82.0,4.0,4.1
2024-01-31,26.6,88.0,0.0,11.5
2024-02-01,27.0,85.0,27.9,9.2
2024-02-02,28.4,81.0,0.0,8.2
2024-02-03,27.0,89.0,0.8,11.0
2024-02-04,26.5,92.0,2.0,4.3
2024-02-05,26.5,90.0,27.0,2.7
2024-02-06,27.6,82.0,31.1,3.1
2024-02-07,26.2,89.0,0.0,10.1
2024-02-08,26.1,89.0,18.8,7.5
2024-02-09,26.6,90.0,11.2,6.4
2024-02-10,27.8,86.0,10.2,6.0
2024-02-11,26.7,89.0,0.0,10.7
2024-02-12,26.2,91.0,5.7,3.1
2024-02-13,27.9,86.0,9.6,6.2
2024-02-14,27.6,88.0,4.0,8.4
2024-02-15,27.8,88.0,4.5,5.3
2024-02-16,27.3,88.0,5.0,9.0
2024-02-17,26.8,90.0,5.5,5.4
2024-02-18,28.0,87.0,1.5,6.6
2024-02-19,28.6,86.0,2.2,9.7
2024-02-20,28.6,87.0,0.4,11.0
2024-02-21,28.2,87.0,0.0,9.4
2024-02-22,27.6,91.0,8.6,10.1
2024-02-23,27.8,92.0,17.6,2.2
2024-02-24,28.0,87.0,10.3,2.0
2024-02-25,27.5,91.0,0.0,7.2
2024-02-26,26.9,90.0,13.7,5.1
2024-02-27,27.9,84.0,6.85,6.2
2024-02-28,27.4,88.0,0.0,8.5
2024-02-29,28.1,86.0,0.0,7.5
2024-03-01,28.0,88.0,5.0,11.1
2024-03-02,28.0,87.0,8.7,8.6
2024-03-03,27.7,89.0,0.0,6.3
2024-03-04,28.6,88.0,30.5,8.3
2024-03-05,28.5,86.0,15.25,7.8
2024-03-06,28.8,87.0,0.0,5.7
2024-03-07,27.5,92.0,0.3,7.3
2024-03-08,28.5,87.0,2.6,0.0
2024-03-09,26.6,93.0,0.8,6.9
2024-03-10,26.3,93.0,11.7,1.0
2024-03-11,26.1,91.0,26.8,0.3
2024-03-12,26.7,89.0,18.6,0.0
2024-03-13,27.2,89.0,10.4,1.1
2024-03-14,26.1,91.0,35.0,0.0
2024-03-15,27.3,87.0,45.2,0.0
2024-03-16,27.8,89.0,5.8,4.7
2024-03-17,26.9,91.0,8.9,2.5
2024-03-18,27.1,89.0,21.2,6.4
2024-03-19,27.3,88.0,0.6,5.0
2024-03-20,27.9,86.0,0.0,10.3
2024-03-21,27.7,86.0,0.0,9.2
2024-03-22,27.3,85.0,0.0,8.5
2024-03-23,27.8,82.0,0.0,8.2
2024-03-24,28.0,82.0,0.0,10.2
2024-03-25,28.1,80.0,0.0,10.6
2024-03-26,26.9,86.0,0.0,9.4
2024-03-27,27.8,78.0,11.0,6.3
2024-03-28,28.2,79.0,1.4,9.4
2024-03-29,27.2,88.0,0.0,8.5
2024-03-30,29.2,80.0,20.0,7.1
2024-03-31,28.8,81.0,0.0,11.0
2024-04-01,28.0,87.0,1.0,8.0
2024-04-02,28.4,83.0,1.0,3.8
2024-04-03,28.2,86.0,1.5,9.4
2024-04-04,27.3,90.0,6.7,4.0
2024-04-05,28.6,86.0,11.9,0.6
2024-04-06,27.2,90.0,6.5,3.3
2024-04-07,28.3,88.0,36.5,4.2
2024-04-08,27.8,90.0,17.0,10.7
2024-04-09,28.4,86.0,0.0,0.8
2024-04-10,28.0,86.0,0.0,9.3
2024-04-11,27.2,89.0,1.55,8.9
2024-04-12,28.3,82.0,3.1,7.1
2024-04-13,28.8,82.0,0.0,8.1
2024-04-14,28.5,81.0,0.0,10.3
2024-04-15,29.3,80.0,0.0,10.1
2024-04-16,26.9,90.0,0.0,10.8
2024-04-17,28.8,75.0,1.6,1.0
2024-04-18,29.0,78.0,0.0,7.9
2024-04-19,29.2,76.0,0.0,10.2
2024-04-20,29.1,76.0,0.0,10.4
2024-04-21,28.9,77.0,0.0,10.2
2024-04-22,28.9,80.0,0.0,8.3
2024-04-23,28.2,87.0,0.5,6.8
2024-04-24,28.6,82.0,1.0,2.6
2024-04-25,28.2,87.0,0.0,6.3
2024-04-26,29.1,75.0,0.7,5.8
2024-04-27,29.4,79.0,0.0,10.5
2024-04-28,29.5,70.0,0.0,10.5
2024-04-29,28.5,75.0,0.0,10.5
2024-04-30,28.6,72.0,0.0,10.5
2024-05-01,29.0,71.0,0.0,10.6
2024-05-02,28.8,69.0,0.0,10.7
2024-05-03,28.9,70.0,0.0,10.2
2024-05-04,27.9,70.0,0.0,10.0
2024-05-05,28.5,72.0,0.0,9.8
2024-05-06,28.3,72.0,0.0,8.4
2024-05-07,28.8,70.0,0.0,8.2
2024-05-08,28.8,72.0,0.0,9.9
2024-05-09,28.7,70.0,0.0,9.5
2024-05-10,28.9,72.0,0.0,10.5
2024-05-11,29.1,68.0,0.0,9.3
2024-05-12,28.7,71.0,0.0,10.4
2024-05-13,27.6,68.0,0.0,10.5
2024-05-14,27.6,73.0,0.0,10.3
2024-05-15,28.5,69.0,0.0,10.7
2024-05-16,28.8,71.0,0.0,9.0
2024-05-17,28.6,69.0,0.0,10.7
2024-05-18,28.2,65.0,0.0,10.4
2024-05-19,28.1,67.0,0.0,10.8
2024-05-20,27.6,70.0,0.0,11.0
2024-05-21,28.1,72.0,0.0,7.5
2024-05-22,28.4,75.0,0.0,10.4
2024-05-23,28.5,75.0,0.0,10.0
2024-05-24,29.0,71.0,0.0,8.1
2024-05-25,29.1,70.0,0.0,8.0
2024-05-26,28.8,69.0,0.0,10.5
2024-05-27,28.7,73.0,0.0,10.4
2024-05-28,28.2,75.0,0.0,8.2
2024-05-29,29.0,77.0,0.0,10.7
2024-05-30,29.6,73.0,0.0,10.6
2024-05-31,29.8,68.0,0.0,10.8
2024-06-01,29.8,69.0,0.0,9.8
2024-06-02,28.2,80.0,0.0,10.3
2024-06-03,28.8,70.0,0.0,6.9
2024-06-04,28.4,66.0,0.0,5.8
2024-06-05,28.1,67.0,0.0,9.5
2024-06-06,28.2,72.0,0.0,9.3
2024-06-07,27.3,78.0,0.0,9.7
2024-06-08,28.2,74.0,0.0,7.1
2024-06-09,28.8,71.0,0.0,8.3
2024-06-10,28.1,72.0,0.0,9.2
2024-06-11,27.5,74.0,0.0,8.6
2024-06-12,27.5,68.0,0.0,9.4
2024-06-13,28.3,74.0,0.0,10.5
2024-06-14,27.5,77.0,0.0,7.8
2024-06-15,27.2,75.0,0.0,10.5
2024-06-16,28.0,71.0,0.0,8.9
2024-06-17,27.5,68.0,0.0,10.0
2024-06-18,26.9,67.0,0.0,10.5
2024-06-19,26.8,66.0,0.0,9.9
2024-06-20,26.4,68.0,0.0,10.6
2024-06-21,27.0,67.0,0.0,10.4
2024-06-22,28.1,66.0,0.0,10.3
2024-06-23,27.7,70.0,0.0,10.2
2024-06-24,26.7,77.0,0.0,6.4
2024-06-25,27.3,74.0,0.8,4.2
2024-06-26,27.4,76.0,0.0,8.0
2024-06-27,27.8,77.0,0.0,9.9
2024-06-28,28.4,76.0,0.0,10.8
2024-06-29,28.6,65.0,0.0,10.0
2024-06-30,28.7,66.0,0.0,8.3
