,Tanggal,Tavg,RH_avg,RR,ss
4,2019-01-05,26.7,88.0,2.1,3.2
5,2019-01-06,26.3,87.0,0.0,9.2
6,2019-01-07,26.5,84.0,0.2,5.5
7,2019-01-08,27.5,82.0,2.9,10.0
8,2019-01-09,27.6,84.0,0.0,10.0
9,2019-01-10,27.6,82.0,0.0,11.8
10,2019-01-11,27.5,85.0,0.0,9.6
11,2019-01-12,27.5,83.0,0.0,8.3
12,2019-01-13,26.6,86.0,0.0,9.7
14,2019-01-15,26.1,87.0,,9.2
18,2019-01-19,27.2,88.0,0.6,3.8
19,2019-01-20,26.2,90.0,0.0,6.4
25,2019-01-26,27.7,86.0,0.2,4.9
29,2019-01-30,25.7,88.0,1.2,5.1
31,2019-02-01,25.9,89.0,0.2,5.9
34,2019-02-04,26.1,91.0,0.0,9.3
38,2019-02-08,26.8,85.0,1.0,5.4
39,2019-02-09,27.2,85.0,0.1,4.2
40,2019-02-10,26.9,82.0,1.3,7.4
41,2019-02-11,26.7,87.0,0.0,7.7
45,2019-02-15,26.0,85.0,0.0,10.1
46,2019-02-16,27.2,81.0,3.0,9.5
47,2019-02-17,27.3,81.0,0.0,11.4
49,2019-02-19,26.7,86.0,,2.5
50,2019-02-20,26.7,84.0,0.0,7.6
51,2019-02-21,26.8,85.0,,6.8
52,2019-02-22,26.5,85.0,,6.7
53,2019-02-23,26.7,83.0,0.0,7.0
54,2019-02-24,27.3,82.0,,9.3
55,2019-02-25,28.0,80.0,0.0,10.8
56,2019-02-26,28.6,79.0,0.0,10.9
57,2019-02-27,28.7,78.0,0.0,11.6
58,2019-02-28,28.0,83.0,0.0,11.6
59,2019-03-01,28.0,80.0,0.0,6.1
60,2019-03-02,27.8,82.0,0.0,8.9
61,2019-03-03,27.4,83.0,,8.4
63,2019-03-05,27.2,85.0,0.0,8.9
64,2019-03-06,26.2,90.0,1.4,7.3
67,2019-03-09,27.0,83.0,0.0,4.1
68,2019-03-10,27.3,78.0,0.0,6.1
69,2019-03-11,27.1,82.0,3.5,10.8
70,2019-03-12,27.4,81.0,0.0,8.5
71,2019-03-13,26.3,86.0,0.0,9.7
73,2019-03-15,26.4,84.0,0.0,2.8
74,2019-03-16,26.1,88.0,0.0,5.0
75,2019-03-17,26.1,88.0,0.6,2.0
76,2019-03-18,26.0,92.0,1.6,5.2
79,2019-03-21,27.9,84.0,,6.5
87,2019-03-29,27.3,76.0,0.0,6.8
88,2019-03-30,27.3,82.0,0.0,7.7
89,2019-03-31,28.1,82.0,0.0,9.1
90,2019-04-01,27.0,77.0,0.0,8.1
91,2019-04-02,26.1,85.0,0.1,8.2
92,2019-04-03,26.8,83.0,1.6,4.4
93,2019-04-04,27.3,82.0,0.0,5.8
94,2019-04-05,26.1,88.0,0.0,5.1
96,2019-04-07,25.7,78.0,1.0,4.3
97,2019-04-08,26.7,83.0,0.0,10.6
98,2019-04-09,27.7,84.0,0.0,9.9
99,2019-04-10,27.6,83.0,0.0,9.2
100,2019-04-11,27.1,86.0,0.0,7.7
101,2019-04-12,27.7,85.0,,7.2
102,2019-04-13,27.7,85.0,0.0,5.2
103,2019-04-14,27.3,86.0,0.0,6.1
104,2019-04-15,27.4,85.0,0.0,7.2
105,2019-04-16,27.9,80.0,,10.4
107,2019-04-18,28.2,74.0,0.0,9.2
108,2019-04-19,28.2,78.0,0.0,10.9
109,2019-04-20,27.9,72.0,0.0,10.5
110,2019-04-21,27.9,76.0,0.0,8.1
111,2019-04-22,28.1,74.0,0.0,8.5
112,2019-04-23,28.0,75.0,0.0,10.0
113,2019-04-24,28.0,76.0,0.0,9.2
114,2019-04-25,28.2,76.0,0.0,10.2
115,2019-04-26,27.6,77.0,0.0,9.2
116,2019-04-27,27.7,82.0,0.0,7.8
117,2019-04-28,27.0,82.0,0.0,6.8
118,2019-04-29,27.2,83.0,0.2,5.2
119,2019-04-30,27.2,88.0,,2.1
122,2019-05-03,27.7,84.0,0.5,5.5
123,2019-05-04,26.9,84.0,1.0,6.7
125,2019-05-06,27.6,83.0,0.0,10.7
126,2019-05-07,26.9,74.0,0.0,6.5
127,2019-05-08,26.7,76.0,0.0,10.9
128,2019-05-09,28.0,69.0,0.0,10.8
129,2019-05-10,27.8,73.0,0.0,10.4
130,2019-05-11,26.8,76.0,0.0,10.8
131,2019-05-12,27.8,76.0,0.0,10.7
132,2019-05-13,26.7,80.0,0.0,8.8
133,2019-05-14,27.2,79.0,0.0,7.8
134,2019-05-15,27.5,69.0,0.0,10.1
135,2019-05-16,26.9,71.0,0.0,10.8
136,2019-05-17,26.8,71.0,0.0,10.3
137,2019-05-18,27.1,72.0,0.0,10.8
138,2019-05-19,27.4,73.0,0.0,10.7
139,2019-05-20,27.4,74.0,0.0,10.9
140,2019-05-21,27.6,73.0,0.0,10.8
141,2019-05-22,27.9,72.0,0.0,11.0
142,2019-05-23,27.9,69.0,0.0,10.3
143,2019-05-24,27.7,64.0,0.0,10.2
144,2019-05-25,26.8,72.0,0.0,10.6
145,2019-05-26,27.1,74.0,0.0,9.9
146,2019-05-27,27.7,72.0,0.0,10.3
147,2019-05-28,27.4,72.0,0.0,10.6
148,2019-05-29,27.7,69.0,0.4,8.7
149,2019-05-30,27.1,69.0,0.0,10.5
150,2019-05-31,26.7,69.0,0.0,10.4
151,2019-06-01,27.5,69.0,0.0,10.5
152,2019-06-02,27.8,70.0,0.0,10.6
153,2019-06-03,27.8,70.0,0.0,10.2
154,2019-06-04,27.5,76.0,0.0,0.8
155,2019-06-05,27.7,75.0,0.0,6.5
156,2019-06-06,26.8,74.0,0.0,9.7
157,2019-06-07,26.7,75.0,0.0,10.4
158,2019-06-08,27.8,72.0,0.0,9.9
159,2019-06-09,27.2,72.0,0.0,10.5
160,2019-06-10,27.3,73.0,0.0,9.7
161,2019-06-11,27.4,75.0,0.0,10.5
162,2019-06-12,28.3,69.0,0.0,8.7
163,2019-06-13,28.5,72.0,0.0,10.4
164,2019-06-14,28.4,70.0,,5.7
165,2019-06-15,26.6,72.0,0.0,8.6
166,2019-06-16,26.0,72.0,0.0,10.6
167,2019-06-17,26.2,66.0,0.0,10.0
168,2019-06-18,25.4,73.0,0.0,10.6
169,2019-06-19,25.1,72.0,0.0,10.5
170,2019-06-20,25.7,73.0,0.0,10.1
171,2019-06-21,24.8,72.0,0.0,9.7
172,2019-06-22,25.9,74.0,0.0,10.2
173,2019-06-23,25.6,70.0,0.0,9.7
174,2019-06-24,25.4,73.0,0.0,9.1
175,2019-06-25,26.3,68.0,0.0,10.1
176,2019-06-26,25.0,73.0,0.0,9.9
177,2019-06-27,25.1,71.0,0.0,10.4
178,2019-06-28,24.8,70.0,0.0,10.1
180,2019-06-30,24.9,68.0,0.0,10.4
181,2019-07-01,26.1,71.0,0.0,10.0
182,2019-07-02,27.1,76.0,0.0,10.0
183,2019-07-03,27.5,75.0,0.0,4.7
184,2019-07-04,27.2,75.0,,3.0
185,2019-07-05,26.1,79.0,0.0,8.8
186,2019-07-06,24.9,64.0,0.0,10.5
188,2019-07-08,24.6,72.0,0.0,10.6
189,2019-07-09,25.2,71.0,0.0,10.6
190,2019-07-10,25.6,71.0,0.0,9.8
191,2019-07-11,25.8,64.0,0.0,9.6
192,2019-07-12,26.1,66.0,0.0,10.6
193,2019-07-13,25.2,64.0,0.0,8.4
194,2019-07-14,25.1,66.0,0.0,10.7
195,2019-07-15,25.2,68.0,0.0,10.4
196,2019-07-16,25.5,69.0,0.0,10.5
197,2019-07-17,25.8,71.0,0.0,10.3
198,2019-07-18,26.4,70.0,0.0,9.8
199,2019-07-19,26.7,72.0,0.0,10.1
200,2019-07-20,27.0,71.0,0.0,3.7
201,2019-07-21,25.7,71.0,0.0,10.5
202,2019-07-22,25.8,68.0,0.0,10.6
203,2019-07-23,25.9,66.0,0.0,10.7
204,2019-07-24,25.4,60.0,0.0,10.7
205,2019-07-25,25.9,67.0,0.0,10.7
206,2019-07-26,25.4,69.0,0.0,10.7
207,2019-07-27,25.7,72.0,0.0,9.9
208,2019-07-28,24.8,72.0,0.0,10.7
209,2019-07-29,25.7,66.0,0.0,10.8
210,2019-07-30,25.4,68.0,0.0,10.8
211,2019-07-31,26.1,68.0,0.0,10.9
212,2019-08-01,26.2,68.0,0.0,10.8
213,2019-08-02,26.3,60.0,0.0,10.5
214,2019-08-03,24.8,67.0,0.0,10.8
215,2019-08-04,24.8,56.0,0.0,10.8
216,2019-08-05,24.5,65.0,0.0,10.8
217,2019-08-06,25.0,68.0,0.0,10.0
218,2019-08-07,25.2,72.0,0.0,10.2
219,2019-08-08,25.5,72.0,0.0,8.8
220,2019-08-09,26.3,66.0,0.0,7.2
221,2019-08-10,26.1,68.0,0.0,8.0
222,2019-08-11,25.6,76.0,0.0,9.6
223,2019-08-12,27.4,73.0,0.0,10.9
224,2019-08-13,27.1,72.0,0.0,10.8
225,2019-08-14,26.6,76.0,0.0,10.5
226,2019-08-15,25.6,64.0,0.0,10.3
227,2019-08-16,26.6,65.0,0.0,10.4
228,2019-08-17,26.3,66.0,0.0,11.2
229,2019-08-18,26.0,67.0,0.0,9.7
230,2019-08-19,26.6,64.0,0.0,9.7
231,2019-08-20,27.4,62.0,0.0,10.0
232,2019-08-21,26.4,61.0,0.0,10.4
233,2019-08-22,26.0,69.0,0.0,9.7
234,2019-08-23,26.8,66.0,0.0,9.5
235,2019-08-24,27.3,66.0,0.0,10.5
236,2019-08-25,27.0,76.0,0.0,9.9
237,2019-08-26,26.1,74.0,0.0,9.4
238,2019-08-27,25.5,72.0,0.0,9.6
239,2019-08-28,26.2,64.0,0.0,9.7
240,2019-08-29,26.0,69.0,0.0,10.6
241,2019-08-30,26.5,60.0,0.0,10.5
242,2019-08-31,26.7,59.0,0.0,10.5
243,2019-09-01,25.9,68.0,0.0,10.5
244,2019-09-02,26.0,70.0,0.0,10.7
245,2019-09-03,25.0,65.0,0.0,10.4
246,2019-09-04,25.0,73.0,0.0,10.7
247,2019-09-05,25.8,71.0,0.0,9.7
248,2019-09-06,26.1,70.0,0.0,9.2
249,2019-09-07,26.7,72.0,0.0,10.0
250,2019-09-08,27.5,67.0,0.0,9.7
251,2019-09-09,26.6,70.0,0.0,7.6
252,2019-09-10,27.2,61.0,0.0,10.4
253,2019-09-11,27.2,58.0,0.0,10.8
254,2019-09-12,25.2,64.0,0.0,10.6
255,2019-09-13,26.7,70.0,,7.8
256,2019-09-14,27.3,67.0,0.0,10.3
257,2019-09-15,26.8,68.0,0.0,10.2
258,2019-09-16,25.8,70.0,0.0,10.5
259,2019-09-17,26.3,76.0,0.0,10.2
260,2019-09-18,27.1,70.0,0.0,9.9
261,2019-09-19,26.5,71.0,0.0,10.4
262,2019-09-20,27.6,70.0,0.0,10.3
263,2019-09-21,26.9,72.0,0.0,10.5
264,2019-09-22,26.8,71.0,0.0,10.3
265,2019-09-23,26.7,72.0,0.0,10.5
266,2019-09-24,27.6,72.0,0.0,10.5
267,2019-09-25,26.7,77.0,0.0,10.5
268,2019-09-26,27.1,74.0,0.0,10.7
270,2019-09-28,28.3,66.0,0.0,10.4
271,2019-09-29,27.7,70.0,0.0,8.0
272,2019-09-30,28.1,68.0,0.0,10.7
273,2019-10-01,28.7,63.0,0.0,10.8
274,2019-10-02,27.6,74.0,0.0,11.0
275,2019-10-03,27.5,75.0,0.0,11.2
276,2019-10-04,27.9,56.0,0.0,11.1
277,2019-10-05,25.8,73.0,0.0,8.0
278,2019-10-06,27.6,66.0,0.0,11.1
279,2019-10-07,27.7,72.0,0.0,11.1
280,2019-10-08,28.3,68.0,0.0,10.9
281,2019-10-09,27.9,64.0,0.0,11.1
282,2019-10-10,27.6,71.0,0.0,11.0
283,2019-10-11,28.0,74.0,0.0,8.0
284,2019-10-12,28.2,63.0,0.0,11.1
285,2019-10-13,28.7,66.0,0.0,11.0
286,2019-10-14,27.0,62.0,0.0,11.1
287,2019-10-15,28.9,67.0,0.0,10.7
288,2019-10-16,27.5,66.0,0.0,10.7
289,2019-10-17,27.8,64.0,0.0,8.0
290,2019-10-18,28.3,64.0,0.0,11.3
291,2019-10-19,28.6,68.0,0.0,11.5
292,2019-10-20,28.1,71.0,0.0,11.7
293,2019-10-21,28.9,70.0,0.0,11.4
294,2019-10-22,27.6,71.0,0.0,11.5
295,2019-10-23,28.2,65.0,0.0,11.5
296,2019-10-24,27.8,69.0,0.0,11.3
297,2019-10-25,29.1,66.0,0.0,11.5
298,2019-10-26,28.9,69.0,0.0,11.1
299,2019-10-27,29.2,66.0,0.0,11.2
300,2019-10-28,29.2,68.0,0.0,10.4
301,2019-10-29,27.9,68.0,0.0,7.4
302,2019-10-30,29.5,68.0,0.0,10.9
303,2019-10-31,29.7,68.0,0.0,10.8
304,2019-11-01,29.3,69.0,0.0,9.6
305,2019-11-02,27.7,78.0,0.0,8.2
307,2019-11-04,28.9,70.0,0.0,8.8
308,2019-11-05,28.1,70.0,0.0,9.3
309,2019-11-06,27.8,76.0,0.0,11.1
310,2019-11-07,29.0,70.0,0.0,11.6
311,2019-11-08,29.6,70.0,0.0,11.3
312,2019-11-09,29.9,70.0,0.0,9.1
313,2019-11-10,29.9,68.0,0.0,10.2
315,2019-11-12,29.7,73.0,0.0,10.8
316,2019-11-13,29.1,77.0,0.0,11.4
317,2019-11-14,28.7,74.0,0.0,9.2
318,2019-11-15,28.3,70.0,0.0,11.8
319,2019-11-16,28.7,74.0,0.0,7.2
320,2019-11-17,29.8,68.0,0.0,11.5
321,2019-11-18,30.3,66.0,0.0,11.9
322,2019-11-19,29.0,76.0,0.0,11.4
323,2019-11-20,28.5,75.0,0.0,8.9
324,2019-11-21,29.0,73.0,,9.1
325,2019-11-22,29.0,77.0,0.0,9.9
326,2019-11-23,29.0,77.0,,9.7
328,2019-11-25,29.0,72.0,0.0,8.8
329,2019-11-26,28.4,70.0,0.0,8.2
330,2019-11-27,29.0,75.0,0.0,11.5
331,2019-11-28,28.6,74.0,,8.9
332,2019-11-29,29.7,73.0,0.0,9.1
333,2019-11-30,28.9,76.0,0.0,9.4
334,2019-12-01,29.4,76.0,,8.5
335,2019-12-02,28.7,69.0,0.0,11.5
336,2019-12-03,29.3,72.0,0.0,11.2
337,2019-12-04,29.7,72.0,0.0,11.4
338,2019-12-05,29.5,76.0,0.0,3.0
339,2019-12-06,28.6,80.0,1.5,9.1
340,2019-12-07,29.0,75.0,0.0,11.1
341,2019-12-08,30.0,75.0,0.0,9.4
342,2019-12-09,29.1,70.0,0.0,11.9
343,2019-12-10,29.3,68.0,0.0,9.6
344,2019-12-11,27.8,81.0,1.8,10.1
347,2019-12-14,29.1,76.0,0.0,7.5
348,2019-12-15,27.4,84.0,1.8,9.7
349,2019-12-16,27.4,82.0,0.4,6.5
351,2019-12-18,28.1,82.0,1.5,7.3
353,2019-12-20,28.0,77.0,0.0,8.4
354,2019-12-21,27.4,82.0,,9.4
356,2019-12-23,28.7,77.0,1.4,8.2
357,2019-12-24,27.9,82.0,,9.0
358,2019-12-25,26.8,85.0,2.0,8.1
360,2019-12-27,28.5,78.0,,7.6
362,2019-12-29,27.4,86.0,0.0,10.5
363,2019-12-30,27.8,82.0,1.3,5.8
364,2019-12-31,27.7,82.0,,6.9
365,2020-01-01,26.5,89.0,0.5,9.0
367,2020-01-03,26.7,89.0,,1.6
371,2020-01-07,27.3,86.0,,7.8
374,2020-01-10,27.6,76.0,0.0,9.0
375,2020-01-11,26.8,74.0,0.0,11.2
376,2020-01-12,27.9,82.0,1.2,7.6
377,2020-01-13,26.7,86.0,,1.7
378,2020-01-14,27.6,85.0,0.2,3.6
381,2020-01-17,27.4,75.0,1.4,7.7
382,2020-01-18,27.0,77.0,0.0,10.8
384,2020-01-20,27.6,79.0,,9.1
385,2020-01-21,28.0,83.0,0.0,10.3
386,2020-01-22,27.7,81.0,0.0,11.6
387,2020-01-23,27.8,80.0,0.0,9.7
390,2020-01-26,28.5,76.0,0.0,11.1
391,2020-01-27,28.6,80.0,0.0,11.6
392,2020-01-28,28.9,78.0,0.0,11.9
393,2020-01-29,28.8,81.0,0.0,9.0
394,2020-01-30,27.4,88.0,1.5,10.0
395,2020-01-31,28.3,80.0,0.5,4.4
396,2020-02-01,26.7,88.0,0.0,4.1
398,2020-02-03,26.9,78.0,0.0,6.0
399,2020-02-04,27.9,75.0,0.0,10.4
400,2020-02-05,27.2,76.0,0.0,10.7
401,2020-02-06,27.7,82.0,0.0,11.1
402,2020-02-07,27.8,84.0,0.0,10.4
404,2020-02-09,26.6,86.0,0.0,4.7
406,2020-02-11,26.0,90.0,2.6,7.8
408,2020-02-13,26.5,88.0,0.0,10.1
410,2020-02-15,27.4,83.0,0.0,7.1
411,2020-02-16,27.3,84.0,0.5,7.9
412,2020-02-17,26.6,87.0,,9.1
413,2020-02-18,26.9,86.0,1.1,5.8
414,2020-02-19,26.5,87.0,0.0,7.9
417,2020-02-22,27.0,90.0,2.8,4.0
419,2020-02-24,27.2,85.0,,10.4
420,2020-02-25,27.4,86.0,3.5,10.4
421,2020-02-26,27.5,88.0,0.1,10.4
422,2020-02-27,27.3,88.0,0.0,8.1
423,2020-02-28,27.4,86.0,0.8,8.7
432,2020-03-08,26.3,88.0,3.0,2.1
433,2020-03-09,26.5,87.0,1.9,4.1
434,2020-03-10,27.9,84.0,,5.5
436,2020-03-12,27.2,86.0,0.0,6.2
437,2020-03-13,26.2,89.0,0.3,5.9
439,2020-03-15,27.6,82.0,1.5,2.8
440,2020-03-16,26.6,84.0,0.0,10.1
442,2020-03-18,27.4,80.0,0.0,7.2
444,2020-03-20,27.8,77.0,0.0,11.4
445,2020-03-21,27.8,79.0,0.0,9.9
447,2020-03-23,26.5,86.0,0.3,7.7
450,2020-03-26,27.7,83.0,0.0,9.8
451,2020-03-27,27.5,84.0,0.0,8.5
452,2020-03-28,28.0,78.0,1.0,3.2
453,2020-03-29,28.2,84.0,0.0,6.9
454,2020-03-30,27.6,84.0,3.0,7.6
456,2020-04-01,28.0,83.0,,10.5
457,2020-04-02,28.3,80.0,0.0,9.8
458,2020-04-03,28.5,83.0,0.6,10.6
459,2020-04-04,27.5,88.0,0.7,10.8
460,2020-04-05,27.2,87.0,2.1,9.2
461,2020-04-06,27.3,84.0,,2.6
462,2020-04-07,27.0,84.0,0.0,8.2
463,2020-04-08,26.9,86.0,,7.6
464,2020-04-09,27.2,82.0,1.5,5.3
465,2020-04-10,26.9,84.0,0.0,9.5
466,2020-04-11,26.1,85.0,2.7,8.3
467,2020-04-12,26.4,80.0,3.4,5.0
468,2020-04-13,27.2,80.0,0.0,5.0
469,2020-04-14,27.2,86.0,0.7,10.1
470,2020-04-15,27.4,84.0,1.3,8.3
471,2020-04-16,28.5,78.0,0.0,8.6
472,2020-04-17,27.8,84.0,0.0,5.5
473,2020-04-18,27.7,83.0,0.0,8.7
474,2020-04-19,27.2,84.0,0.0,9.8
476,2020-04-21,28.4,74.0,0.0,10.4
477,2020-04-22,28.8,76.0,0.0,10.7
478,2020-04-23,28.3,72.0,,10.6
479,2020-04-24,28.4,72.0,0.0,10.8
480,2020-04-25,28.6,73.0,0.0,10.4
481,2020-04-26,28.5,74.0,0.0,7.0
482,2020-04-27,27.9,74.0,0.0,7.8
483,2020-04-28,28.0,74.0,0.0,9.8
484,2020-04-29,27.5,74.0,0.0,9.3
485,2020-04-30,28.0,64.0,0.0,8.9
486,2020-05-01,27.6,75.0,0.0,10.0
487,2020-05-02,28.4,72.0,0.2,7.0
488,2020-05-03,28.2,73.0,0.0,9.5
489,2020-05-04,28.4,75.0,0.0,10.8
490,2020-05-05,29.1,72.0,,9.1
491,2020-05-06,28.9,70.0,0.0,8.7
492,2020-05-07,29.3,74.0,0.0,10.5
493,2020-05-08,29.3,73.0,0.0,8.4
494,2020-05-09,28.2,67.0,0.0,9.2
495,2020-05-10,27.5,72.0,0.0,10.7
496,2020-05-11,27.6,72.0,0.0,10.6
497,2020-05-12,28.3,68.0,0.0,9.7
498,2020-05-13,28.6,68.0,0.0,10.7
499,2020-05-14,28.0,71.0,0.0,10.4
500,2020-05-15,28.1,71.0,0.0,10.6
501,2020-05-16,28.7,72.0,0.0,9.4
502,2020-05-17,28.8,74.0,0.0,8.9
503,2020-05-18,29.2,74.0,0.0,9.1
504,2020-05-19,27.3,87.0,,8.9
507,2020-05-22,,,3.0,7.5
508,2020-05-23,26.6,89.0,1.2,4.6
510,2020-05-25,27.5,87.0,0.5,8.5
511,2020-05-26,28.1,84.0,0.0,5.9
513,2020-05-28,28.0,82.0,0.0,7.5
516,2020-05-31,28.2,78.0,0.0,9.1
517,2020-06-01,27.6,75.0,0.0,10.5
518,2020-06-02,27.6,74.0,0.0,10.7
519,2020-06-03,27.4,71.0,0.0,10.2
520,2020-06-04,26.7,75.0,0.0,10.7
521,2020-06-05,27.1,72.0,0.0,10.8
522,2020-06-06,26.9,76.0,0.0,10.8
523,2020-06-07,26.2,79.0,0.0,8.6
524,2020-06-08,27.0,74.0,0.0,7.8
525,2020-06-09,26.5,74.0,0.0,11.1
526,2020-06-10,26.1,78.0,0.0,9.9
527,2020-06-11,26.5,79.0,0.0,10.3
528,2020-06-12,27.1,78.0,0.0,10.8
529,2020-06-13,28.0,77.0,0.0,10.2
530,2020-06-14,28.0,80.0,0.0,6.6
531,2020-06-15,28.3,71.0,0.0,4.4
532,2020-06-16,27.2,74.0,0.0,10.9
533,2020-06-17,28.0,69.0,0.0,10.3
534,2020-06-18,27.9,69.0,0.0,10.2
535,2020-06-19,27.8,70.0,0.0,10.6
536,2020-06-20,27.4,70.0,0.0,10.1
537,2020-06-21,27.8,68.0,0.0,8.7
538,2020-06-22,27.4,72.0,,6.9
539,2020-06-23,27.1,67.0,0.0,10.9
540,2020-06-24,27.9,62.0,0.0,10.8
541,2020-06-25,26.5,71.0,0.0,10.6
542,2020-06-26,27.0,71.0,0.0,9.9
543,2020-06-27,26.3,77.0,0.0,9.5
544,2020-06-28,27.0,74.0,0.6,6.4
545,2020-06-29,26.5,68.0,0.0,9.8
546,2020-06-30,26.9,71.0,0.0,6.5
547,2020-07-01,26.3,74.0,0.0,10.0
548,2020-07-02,26.6,70.0,0.0,10.7
549,2020-07-03,26.4,69.0,0.0,10.9
550,2020-07-04,27.3,70.0,0.0,10.6
551,2020-07-05,27.0,73.0,0.0,9.2
552,2020-07-06,27.4,70.0,0.3,5.8
553,2020-07-07,27.1,71.0,0.0,2.3
554,2020-07-08,27.2,69.0,0.0,10.7
555,2020-07-09,27.3,72.0,0.0,10.8
556,2020-07-10,26.7,68.0,0.0,10.7
557,2020-07-11,26.7,73.0,0.0,8.8
558,2020-07-12,27.0,70.0,0.0,8.5
559,2020-07-13,27.0,72.0,0.0,10.1
560,2020-07-14,27.5,68.0,0.0,9.1
561,2020-07-15,27.1,63.0,0.0,8.1
562,2020-07-16,26.3,70.0,0.0,10.7
563,2020-07-17,26.5,74.0,0.0,10.5
564,2020-07-18,27.6,72.0,0.0,8.9
565,2020-07-19,27.3,75.0,0.0,8.4
566,2020-07-20,27.8,74.0,0.0,7.7
567,2020-07-21,26.8,73.0,0.0,9.6
568,2020-07-22,27.1,70.0,0.0,10.8
569,2020-07-23,26.5,70.0,0.0,9.7
570,2020-07-24,25.8,66.0,0.0,10.8
572,2020-07-26,25.6,68.0,0.0,10.7
573,2020-07-27,26.1,68.0,0.0,9.5
574,2020-07-28,25.7,70.0,0.0,10.6
575,2020-07-29,25.2,68.0,0.0,10.5
576,2020-07-30,26.1,68.0,0.0,10.5
577,2020-07-31,26.2,69.0,0.0,10.7
578,2020-08-01,25.7,70.0,0.0,10.7
579,2020-08-02,25.1,71.0,0.0,10.7
580,2020-08-03,25.6,75.0,0.0,10.6
581,2020-08-04,26.5,75.0,0.0,9.8
582,2020-08-05,26.2,73.0,0.0,9.6
583,2020-08-06,26.6,70.0,0.0,8.0
584,2020-08-07,25.3,76.0,0.0,9.2
585,2020-08-08,25.6,78.0,0.0,7.2
586,2020-08-09,26.6,76.0,0.0,10.5
587,2020-08-10,27.0,78.0,0.0,10.4
588,2020-08-11,27.5,77.0,0.0,9.7
589,2020-08-12,28.3,77.0,0.0,10.4
590,2020-08-13,27.9,72.0,0.9,10.3
591,2020-08-14,26.9,77.0,0.0,5.1
592,2020-08-15,27.3,78.0,0.0,8.1
593,2020-08-16,27.0,70.0,0.0,10.6
594,2020-08-17,27.6,70.0,0.0,10.2
595,2020-08-18,27.6,65.0,0.0,10.5
596,2020-08-19,27.0,68.0,0.0,10.2
597,2020-08-20,27.1,68.0,0.0,9.7
598,2020-08-21,27.3,68.0,0.0,10.2
599,2020-08-22,27.6,64.0,0.0,10.6
600,2020-08-23,27.3,66.0,0.0,10.5
601,2020-08-24,27.0,74.0,0.0,10.9
602,2020-08-25,27.6,70.0,0.0,10.6
603,2020-08-26,27.5,60.0,0.0,10.9
604,2020-08-27,27.3,66.0,0.0,10.2
605,2020-08-28,27.4,70.0,0.0,10.6
606,2020-08-29,27.9,58.0,0.0,10.5
607,2020-08-30,27.6,57.0,0.0,9.5
608,2020-08-31,27.9,62.0,0.0,10.6
609,2020-09-01,28.5,72.0,0.0,10.2
610,2020-09-02,28.7,69.0,,9.8
611,2020-09-03,28.8,69.0,0.0,9.0
612,2020-09-04,29.8,57.0,0.0,10.1
613,2020-09-05,28.1,71.0,0.0,10.9
614,2020-09-06,28.5,70.0,0.0,10.6
615,2020-09-07,28.8,61.0,0.0,9.8
616,2020-09-08,28.2,71.0,0.0,10.8
617,2020-09-09,27.7,71.0,0.0,10.3
618,2020-09-10,28.1,66.0,0.0,10.5
619,2020-09-11,28.9,60.0,0.0,10.9
620,2020-09-12,28.1,68.0,0.0,10.7
621,2020-09-13,28.4,55.0,0.0,10.6
622,2020-09-14,27.3,65.0,0.0,10.6
623,2020-09-15,27.9,64.0,0.0,9.0
624,2020-09-16,27.8,72.0,0.0,8.8
625,2020-09-17,28.0,70.0,,8.4
626,2020-09-18,28.8,69.0,0.0,10.0
627,2020-09-19,28.6,72.0,0.0,10.0
628,2020-09-20,29.2,72.0,0.0,10.5
629,2020-09-21,29.7,68.0,0.0,10.0
630,2020-09-22,30.0,59.0,0.0,6.8
631,2020-09-23,29.6,63.0,0.0,10.7
632,2020-09-24,28.4,73.0,0.0,10.8
633,2020-09-25,29.6,66.0,0.0,10.1
634,2020-09-26,29.6,66.0,0.0,10.6
635,2020-09-27,30.3,62.0,0.0,10.3
636,2020-09-28,29.9,62.0,0.0,10.5
637,2020-09-29,29.7,64.0,0.0,10.9
638,2020-09-30,29.2,69.0,0.0,9.3
639,2020-10-01,29.9,62.0,0.0,9.3
640,2020-10-02,29.5,66.0,0.0,9.4
641,2020-10-03,27.7,78.0,0.0,10.9
642,2020-10-04,29.3,69.0,0.0,10.8
643,2020-10-05,29.6,62.0,0.0,10.1
644,2020-10-06,28.9,66.0,0.0,9.1
645,2020-10-07,28.2,68.0,0.0,7.6
646,2020-10-08,29.2,67.0,0.0,8.5
647,2020-10-09,29.7,68.0,0.0,6.5
648,2020-10-10,29.2,75.0,,7.4
649,2020-10-11,26.7,84.0,1.0,3.5
651,2020-10-13,29.3,68.0,0.0,11.4
652,2020-10-14,28.7,73.0,0.0,11.1
653,2020-10-15,29.8,71.0,0.0,10.7
654,2020-10-16,29.0,71.0,0.0,10.6
655,2020-10-17,28.1,74.0,0.0,10.9
656,2020-10-18,29.0,71.0,0.0,10.7
657,2020-10-19,29.8,68.0,0.0,10.2
658,2020-10-20,28.5,72.0,3.2,10.1
659,2020-10-21,27.7,80.0,0.0,11.6
660,2020-10-22,28.1,76.0,,7.2
661,2020-10-23,28.2,77.0,0.0,8.2
662,2020-10-24,29.4,75.0,0.0,9.7
663,2020-10-25,28.9,77.0,0.0,10.5
664,2020-10-26,27.9,80.0,0.0,10.2
665,2020-10-27,26.5,80.0,,7.3
667,2020-10-29,27.5,82.0,0.0,8.4
669,2020-10-31,28.4,74.0,,9.2
670,2020-11-01,28.1,77.0,0.6,2.9
671,2020-11-02,28.7,78.0,0.0,7.9
672,2020-11-03,28.7,72.0,0.0,9.5
673,2020-11-04,29.1,74.0,0.0,9.0
674,2020-11-05,28.7,77.0,0.0,8.6
675,2020-11-06,28.4,77.0,0.0,9.8
676,2020-11-07,28.6,78.0,0.0,11.1
677,2020-11-08,29.4,68.0,0.0,11.1
678,2020-11-09,29.5,74.0,0.0,11.3
679,2020-11-10,29.2,74.0,0.0,10.4
680,2020-11-11,29.5,74.0,0.0,8.2
681,2020-11-12,29.9,72.0,0.0,9.9
682,2020-11-13,29.2,78.0,0.0,10.7
683,2020-11-14,29.9,71.0,0.0,10.2
684,2020-11-15,29.3,75.0,2.5,9.1
687,2020-11-18,30.0,71.0,0.0,8.7
688,2020-11-19,29.2,77.0,2.0,10.5
691,2020-11-22,28.3,82.0,3.3,10.5
694,2020-11-25,26.9,84.0,2.2,6.4
695,2020-11-26,27.2,82.0,0.1,6.2
698,2020-11-29,27.3,86.0,1.0,9.2
699,2020-11-30,27.1,84.0,0.0,6.8
700,2020-12-01,26.9,87.0,0.0,4.4
702,2020-12-03,27.7,82.0,1.0,3.5
703,2020-12-04,25.3,92.0,0.0,3.8
713,2020-12-14,25.4,90.0,1.0,0.7
715,2020-12-16,26.1,88.0,1.5,2.5
716,2020-12-17,27.0,84.0,2.0,4.3
717,2020-12-18,27.6,83.0,1.0,6.4
718,2020-12-19,26.3,88.0,0.0,7.5
721,2020-12-22,28.0,79.0,0.0,10.4
722,2020-12-23,26.5,86.0,0.0,1.7
724,2020-12-25,27.3,82.0,0.0,10.0
725,2020-12-26,27.1,78.0,0.0,10.5
726,2020-12-27,27.0,86.0,0.0,9.4
727,2020-12-28,26.9,86.0,3.0,7.3
729,2020-12-30,26.4,88.0,0.0,8.6
731,2021-01-01,27.1,83.0,0.0,5.7
732,2021-01-02,27.0,84.0,0.0,3.9
733,2021-01-03,27.6,80.0,0.0,6.4
734,2021-01-04,27.3,83.0,0.0,7.8
735,2021-01-05,26.9,86.0,0.0,7.8
740,2021-01-10,27.3,87.0,0.0,5.1
741,2021-01-11,27.4,84.0,0.0,7.7
742,2021-01-12,27.6,84.0,,8.6
743,2021-01-13,27.5,85.0,0.0,6.5
744,2021-01-14,27.9,82.0,0.2,8.4
745,2021-01-15,27.4,80.0,,8.2
746,2021-01-16,26.1,86.0,0.5,2.1
747,2021-01-17,26.4,87.0,1.2,4.9
750,2021-01-20,27.0,82.0,,1.6
751,2021-01-21,27.1,86.0,0.0,2.1
752,2021-01-22,26.4,88.0,0.0,8.2
757,2021-01-27,26.1,89.0,1.2,4.6
762,2021-02-01,26.2,91.0,0.5,3.6
770,2021-02-09,26.9,90.0,,5.8
771,2021-02-10,27.1,89.0,0.0,6.9
772,2021-02-11,26.7,89.0,1.5,1.8
773,2021-02-12,27.2,89.0,0.7,6.5
774,2021-02-13,26.9,84.0,0.5,8.7
775,2021-02-14,27.1,83.0,,8.1
776,2021-02-15,26.6,85.0,0.0,10.6
777,2021-02-16,26.7,85.0,0.0,9.0
778,2021-02-17,26.9,88.0,0.0,10.4
779,2021-02-18,26.8,88.0,,8.3
780,2021-02-19,27.2,85.0,0.3,7.0
784,2021-02-23,26.1,88.0,3.3,2.0
787,2021-02-26,24.9,94.0,,1.2
789,2021-02-28,26.3,82.0,0.2,1.6
790,2021-03-01,26.1,83.0,0.0,3.5
791,2021-03-02,26.1,87.0,,6.5
792,2021-03-03,26.6,88.0,2.4,8.2
793,2021-03-04,25.9,89.0,0.0,10.1
794,2021-03-05,26.8,84.0,0.4,4.1
795,2021-03-06,26.3,87.0,2.0,5.9
796,2021-03-07,26.5,86.0,0.1,8.1
802,2021-03-13,25.6,89.0,,4.7
804,2021-03-15,26.8,87.0,0.0,10.4
805,2021-03-16,27.1,86.0,0.0,8.0
806,2021-03-17,26.8,80.0,0.0,7.3
807,2021-03-18,26.7,86.0,0.0,7.7
808,2021-03-19,26.2,88.0,0.0,7.0
810,2021-03-21,26.4,88.0,0.1,5.3
811,2021-03-22,26.7,88.0,0.7,4.8
812,2021-03-23,27.7,84.0,0.0,7.5
813,2021-03-24,28.0,84.0,0.0,7.4
814,2021-03-25,27.6,82.0,0.0,8.9
815,2021-03-26,26.7,87.0,,7.7
817,2021-03-28,27.1,84.0,0.6,8.1
818,2021-03-29,28.2,84.0,1.4,1.5
819,2021-03-30,27.9,85.0,1.3,9.3
820,2021-03-31,26.5,86.0,0.2,6.0
824,2021-04-04,27.2,85.0,0.0,8.5
825,2021-04-05,26.8,83.0,0.0,2.9
830,2021-04-10,25.7,91.0,0.0,4.6
832,2021-04-12,27.3,84.0,,5.6
833,2021-04-13,26.6,82.0,,7.4
834,2021-04-14,27.6,79.0,,6.5
835,2021-04-15,28.0,80.0,0.0,10.5
836,2021-04-16,25.3,90.0,0.0,9.2
838,2021-04-18,27.5,81.0,0.0,10.0
839,2021-04-19,27.9,74.0,0.0,9.5
840,2021-04-20,26.5,76.0,0.0,10.7
841,2021-04-21,26.3,75.0,0.0,7.4
842,2021-04-22,26.2,75.0,0.0,11.0
843,2021-04-23,25.9,82.0,0.0,8.0
844,2021-04-24,27.1,76.0,0.0,10.5
845,2021-04-25,27.9,78.0,0.0,10.8
846,2021-04-26,27.9,75.0,0.0,10.6
847,2021-04-27,27.6,73.0,0.0,10.0
848,2021-04-28,26.2,76.0,0.0,7.8
849,2021-04-29,27.2,78.0,0.0,10.7
850,2021-04-30,26.9,75.0,0.0,8.0
851,2021-05-01,26.7,84.0,0.0,8.0
853,2021-05-03,27.0,78.0,0.0,10.9
854,2021-05-04,27.2,79.0,0.0,10.4
855,2021-05-05,28.4,77.0,0.0,8.0
856,2021-05-06,28.1,73.0,0.0,8.0
857,2021-05-07,27.0,76.0,0.0,9.7
858,2021-05-08,26.8,82.0,0.0,5.8
859,2021-05-09,27.3,78.0,0.2,5.9
860,2021-05-10,27.7,76.0,0.0,6.9
861,2021-05-11,27.3,76.0,0.0,7.8
862,2021-05-12,27.5,72.0,0.0,10.6
863,2021-05-13,27.6,71.0,0.0,9.9
864,2021-05-14,27.8,74.0,0.0,10.5
865,2021-05-15,27.2,70.0,0.0,8.0
866,2021-05-16,27.4,76.0,0.0,10.6
867,2021-05-17,27.6,77.0,0.0,10.4
868,2021-05-18,27.0,79.0,0.0,7.5
869,2021-05-19,27.3,80.0,0.0,1.6
870,2021-05-20,27.9,78.0,0.0,8.0
871,2021-05-21,27.6,79.0,0.0,6.0
872,2021-05-22,27.2,78.0,0.0,9.3
873,2021-05-23,27.4,81.0,0.0,10.3
874,2021-05-24,27.4,82.0,0.0,10.3
875,2021-05-25,27.5,81.0,0.0,8.5
876,2021-05-26,27.8,76.0,0.0,8.0
877,2021-05-27,28.0,77.0,0.0,10.3
878,2021-05-28,27.4,81.0,0.0,6.3
879,2021-05-29,26.8,79.0,0.0,4.2
880,2021-05-30,27.0,80.0,0.0,8.1
881,2021-05-31,26.8,79.0,0.0,10.0
882,2021-06-01,26.9,81.0,0.0,9.5
883,2021-06-02,27.5,77.0,0.0,10.6
884,2021-06-03,27.8,79.0,0.0,10.8
885,2021-06-04,28.2,78.0,0.0,9.5
886,2021-06-05,27.3,79.0,0.0,10.1
887,2021-06-06,27.6,81.0,0.0,10.8
888,2021-06-07,27.6,80.0,1.2,10.6
890,2021-06-09,27.1,79.0,0.0,9.8
891,2021-06-10,26.5,81.0,0.0,6.2
892,2021-06-11,26.8,79.0,0.0,9.5
893,2021-06-12,26.7,77.0,0.0,10.2
894,2021-06-13,27.9,76.0,0.0,10.1
895,2021-06-14,27.5,80.0,0.0,10.3
896,2021-06-15,27.8,78.0,0.0,7.8
897,2021-06-16,27.8,79.0,0.0,9.9
898,2021-06-17,27.7,76.0,0.0,8.5
899,2021-06-18,27.3,81.0,0.0,9.0
900,2021-06-19,27.7,75.0,,7.7
901,2021-06-20,27.5,77.0,0.0,10.4
902,2021-06-21,26.6,82.0,0.0,9.4
903,2021-06-22,26.8,80.0,0.0,8.0
904,2021-06-23,26.8,84.0,0.0,8.1
905,2021-06-24,26.8,83.0,1.8,5.7
906,2021-06-25,27.2,82.0,,7.3
908,2021-06-27,27.6,79.0,0.0,10.2
909,2021-06-28,27.9,80.0,0.0,7.3
910,2021-06-29,27.7,72.0,0.0,8.1
911,2021-06-30,26.8,70.0,0.0,10.8
912,2021-07-01,26.6,72.0,0.0,9.1
913,2021-07-02,27.1,71.0,0.0,4.3
914,2021-07-03,27.1,69.0,0.0,9.5
915,2021-07-04,26.8,69.0,0.0,10.4
916,2021-07-05,25.8,70.0,0.0,10.6
917,2021-07-06,25.8,72.0,0.0,10.2
918,2021-07-07,27.0,72.0,0.0,9.9
919,2021-07-08,28.4,67.0,0.0,3.0
920,2021-07-09,27.1,75.0,0.0,5.1
921,2021-07-10,27.6,78.0,0.0,4.0
922,2021-07-11,27.7,74.0,0.0,10.5
923,2021-07-12,26.9,75.0,0.0,10.7
924,2021-07-13,26.8,67.0,0.0,10.7
925,2021-07-14,26.7,65.0,0.0,10.9
926,2021-07-15,26.6,64.0,0.0,10.7
927,2021-07-16,26.7,74.0,0.0,10.5
928,2021-07-17,26.4,73.0,0.0,8.0
929,2021-07-18,26.8,71.0,0.0,4.9
930,2021-07-19,26.8,71.0,0.0,9.0
932,2021-07-21,27.5,71.0,0.0,10.5
933,2021-07-22,26.9,75.0,0.0,7.9
934,2021-07-23,26.9,70.0,0.0,10.4
935,2021-07-24,26.7,69.0,0.0,10.5
936,2021-07-25,26.4,65.0,0.0,10.8
937,2021-07-26,25.5,68.0,0.0,10.8
938,2021-07-27,25.2,76.0,0.0,10.2
939,2021-07-28,26.6,72.0,0.0,10.7
940,2021-07-29,27.8,70.0,0.0,9.6
941,2021-07-30,27.4,76.0,0.0,10.6
942,2021-07-31,27.7,72.0,0.0,9.6
943,2021-08-01,27.6,74.0,0.0,10.4
944,2021-08-02,27.9,74.0,0.0,8.5
945,2021-08-03,28.1,72.0,0.0,8.0
946,2021-08-04,27.5,77.0,0.0,10.1
947,2021-08-05,27.6,72.0,0.0,10.7
948,2021-08-06,27.7,74.0,0.0,10.6
949,2021-08-07,27.6,74.0,0.0,10.6
950,2021-08-08,28.6,72.0,0.0,10.1
951,2021-08-09,27.2,72.0,0.0,9.5
952,2021-08-10,26.3,78.0,0.0,10.6
953,2021-08-11,27.1,66.0,0.0,9.9
954,2021-08-12,28.2,69.0,0.0,10.0
955,2021-08-13,27.7,75.0,,8.9
956,2021-08-14,28.3,73.0,0.0,10.6
957,2021-08-15,28.5,64.0,0.0,10.3
958,2021-08-16,27.6,71.0,0.0,9.8
959,2021-08-17,27.9,69.0,0.0,10.2
960,2021-08-18,28.6,62.0,0.0,5.2
961,2021-08-19,27.5,75.0,0.0,8.6
962,2021-08-20,28.0,74.0,0.0,9.7
963,2021-08-21,27.6,73.0,0.0,7.6
964,2021-08-22,28.1,68.0,0.0,10.5
965,2021-08-23,27.9,64.0,0.0,10.3
966,2021-08-24,27.2,71.0,0.0,10.6
967,2021-08-25,28.2,64.0,0.0,8.3
968,2021-08-26,28.1,66.0,0.0,10.7
969,2021-08-27,28.3,71.0,0.0,10.8
970,2021-08-28,28.9,69.0,,7.6
971,2021-08-29,28.5,68.0,0.0,6.2
972,2021-08-30,29.3,66.0,0.0,9.0
973,2021-08-31,27.5,66.0,0.0,10.7
974,2021-09-01,27.6,68.0,0.0,10.7
975,2021-09-02,28.1,70.0,0.0,11.2
976,2021-09-03,27.6,72.0,0.0,10.1
977,2021-09-04,29.1,65.0,0.0,6.4
978,2021-09-05,29.4,66.0,0.0,8.5
979,2021-09-06,28.2,73.0,0.0,7.9
980,2021-09-07,28.3,69.0,0.0,10.2
981,2021-09-08,28.5,65.0,,8.8
982,2021-09-09,28.3,68.0,0.0,10.6
983,2021-09-10,28.5,70.0,0.0,9.2
984,2021-09-11,28.7,73.0,2.1,2.0
985,2021-09-12,27.7,80.0,0.6,0.7
986,2021-09-13,27.3,83.0,0.9,2.7
987,2021-09-14,28.6,77.0,2.0,6.1
989,2021-09-16,29.1,70.0,0.0,9.7
990,2021-09-17,29.4,69.0,0.0,9.4
991,2021-09-18,29.4,65.0,0.0,8.5
992,2021-09-19,28.2,68.0,0.0,10.5
993,2021-09-20,28.1,75.0,0.0,10.3
994,2021-09-21,28.2,71.0,,2.9
996,2021-09-23,28.6,73.0,0.0,7.4
997,2021-09-24,27.4,76.0,,2.4
999,2021-09-26,28.1,72.0,0.0,4.4
1000,2021-09-27,28.4,71.0,0.0,8.7
1001,2021-09-28,28.9,71.0,0.0,10.7
1002,2021-09-29,28.6,74.0,0.0,6.5
1003,2021-09-30,27.8,75.0,0.0,10.4
1004,2021-10-01,28.4,72.0,0.0,10.6
1005,2021-10-02,29.1,74.0,0.0,10.0
1006,2021-10-03,29.9,67.0,0.0,10.9
1007,2021-10-04,27.4,80.0,0.0,11.0
1009,2021-10-06,27.9,72.0,0.0,8.8
1010,2021-10-07,27.9,71.0,0.0,8.9
1011,2021-10-08,29.6,68.0,0.0,10.4
1012,2021-10-09,30.0,68.0,0.0,11.2
1014,2021-10-11,29.9,66.0,0.0,11.3
1015,2021-10-12,28.3,72.0,0.0,11.2
1016,2021-10-13,27.3,70.0,0.0,11.6
1017,2021-10-14,28.6,73.0,0.0,11.2
1018,2021-10-15,28.7,75.0,0.0,8.1
1019,2021-10-16,28.7,78.0,0.0,7.5
1020,2021-10-17,26.7,88.0,0.0,6.1
1022,2021-10-19,28.2,81.0,0.0,11.2
1023,2021-10-20,29.5,76.0,,9.1
1024,2021-10-21,29.2,76.0,0.0,9.5
1025,2021-10-22,30.1,74.0,0.0,9.8
1026,2021-10-23,28.5,72.0,0.0,10.4
1027,2021-10-24,27.7,68.0,0.0,10.2
1028,2021-10-25,29.0,77.0,0.0,9.8
1029,2021-10-26,27.8,84.0,0.0,10.4
1033,2021-10-30,29.0,81.0,3.0,10.1
1036,2021-11-02,26.8,86.0,0.0,5.6
1037,2021-11-03,28.6,80.0,1.0,5.1
1038,2021-11-04,28.3,85.0,0.2,8.0
1043,2021-11-09,28.3,82.0,1.5,8.8
1047,2021-11-13,27.3,83.0,1.0,3.5
1048,2021-11-14,26.3,90.0,1.3,1.4
1050,2021-11-16,27.0,86.0,0.0,2.4
1051,2021-11-17,27.6,82.0,,5.0
1052,2021-11-18,27.8,83.0,0.0,8.9
1053,2021-11-19,26.4,88.0,0.5,9.9
1056,2021-11-22,28.3,82.0,1.3,0.9
1057,2021-11-23,27.9,83.0,0.0,9.3
1058,2021-11-24,27.5,84.0,0.0,10.2
1059,2021-11-25,27.8,82.0,0.0,4.5
1063,2021-11-29,26.9,88.0,2.1,4.9
1067,2021-12-03,27.4,86.0,3.2,5.5
1068,2021-12-04,27.8,83.0,0.0,6.9
1069,2021-12-05,26.5,89.0,0.0,7.7
1072,2021-12-08,28.2,80.0,,1.6
1073,2021-12-09,28.4,79.0,0.0,11.5
1074,2021-12-10,27.9,81.0,0.0,8.0
1075,2021-12-11,27.3,84.0,3.7,8.3
1076,2021-12-12,26.6,88.0,,7.5
1077,2021-12-13,26.6,88.0,2.6,7.2
1078,2021-12-14,27.8,87.0,3.5,5.6
1079,2021-12-15,28.2,83.0,0.1,6.6
1080,2021-12-16,29.0,83.0,0.0,7.5
1081,2021-12-17,29.0,81.0,,10.9
1082,2021-12-18,27.4,84.0,0.0,11.6
1084,2021-12-20,27.3,90.0,2.0,3.3
1087,2021-12-23,27.1,82.0,,3.4
1088,2021-12-24,27.7,82.0,2.0,5.6
1089,2021-12-25,26.6,89.0,0.0,8.3
1093,2021-12-29,25.7,89.0,,2.9
1095,2021-12-31,26.5,87.0,3.4,4.3
1096,2022-01-01,26.2,88.0,1.0,6.4
1098,2022-01-03,26.2,88.0,0.0,1.1
1099,2022-01-04,26.3,87.0,0.4,5.1
1100,2022-01-05,25.6,89.0,0.6,4.3
1101,2022-01-06,25.9,83.0,2.5,1.1
1102,2022-01-07,26.6,81.0,,6.9
1103,2022-01-08,27.0,82.0,0.0,9.5
1104,2022-01-09,26.3,86.0,0.0,8.6
1108,2022-01-13,26.3,88.0,0.0,8.8
1109,2022-01-14,26.1,87.0,0.9,5.9
1112,2022-01-17,26.8,91.0,0.5,1.1
1117,2022-01-22,26.6,84.0,0.0,8.7
1118,2022-01-23,27.2,82.0,0.0,7.1
1119,2022-01-24,26.9,82.0,0.0,11.5
1120,2022-01-25,26.7,83.0,0.0,11.7
1124,2022-01-29,26.8,90.0,0.0,8.8
1126,2022-01-31,26.3,88.0,0.0,3.2
1127,2022-02-01,25.5,88.0,,6.5
1129,2022-02-03,26.8,83.0,0.0,8.8
1130,2022-02-04,26.0,91.0,0.0,9.1
1142,2022-02-16,27.1,82.0,,10.0
1143,2022-02-17,27.5,82.0,0.0,11.8
1144,2022-02-18,26.6,84.0,0.0,10.2
1145,2022-02-19,27.0,87.0,2.0,10.1
1146,2022-02-20,26.9,86.0,0.0,6.0
1149,2022-02-23,26.7,84.0,0.0,3.2
1150,2022-02-24,25.2,92.0,0.0,2.3
1152,2022-02-26,25.8,91.0,2.8,5.4
1154,2022-02-28,27.5,89.0,0.5,7.5
1155,2022-03-01,27.5,88.0,2.2,2.4
1159,2022-03-05,26.5,88.0,0.0,4.2
1162,2022-03-08,27.7,87.0,1.0,10.5
1163,2022-03-09,27.3,85.0,0.0,5.5
1164,2022-03-10,27.2,87.0,1.1,6.1
1165,2022-03-11,27.9,87.0,0.4,7.9
1166,2022-03-12,27.7,86.0,0.0,8.9
1167,2022-03-13,28.2,85.0,0.6,11.0
1168,2022-03-14,27.7,85.0,,7.9
1169,2022-03-15,28.3,82.0,,9.7
1170,2022-03-16,28.7,79.0,0.0,8.1
1171,2022-03-17,28.1,85.0,,8.6
1172,2022-03-18,27.9,83.0,0.0,9.8
1173,2022-03-19,25.9,90.0,0.0,4.3
1175,2022-03-21,26.9,88.0,0.6,3.7
1176,2022-03-22,27.1,86.0,0.0,8.8
1177,2022-03-23,26.8,86.0,1.2,10.0
1178,2022-03-24,27.6,84.0,0.0,7.5
1179,2022-03-25,26.4,83.0,0.0,9.1
1180,2022-03-26,26.4,86.0,0.8,3.7
1181,2022-03-27,26.2,85.0,,7.0
1182,2022-03-28,26.0,88.0,0.0,7.9
1183,2022-03-29,25.0,89.0,3.3,5.1
1185,2022-03-31,26.6,85.0,0.0,2.7
1187,2022-04-02,26.4,86.0,0.2,8.4
1188,2022-04-03,28.0,78.0,,5.5
1189,2022-04-04,27.2,82.0,0.0,9.9
1190,2022-04-05,27.0,84.0,0.0,10.7
1191,2022-04-06,26.5,88.0,,9.3
1193,2022-04-08,27.4,82.0,0.0,10.4
1194,2022-04-09,26.2,84.0,0.0,8.2
1195,2022-04-10,25.9,82.0,,9.0
1197,2022-04-12,28.0,74.0,0.0,10.8
1198,2022-04-13,28.4,71.0,0.0,8.1
1199,2022-04-14,28.1,78.0,0.0,9.8
1200,2022-04-15,28.0,80.0,0.0,10.3
1201,2022-04-16,27.6,82.0,0.0,8.4
1203,2022-04-18,28.0,84.0,2.7,3.3
1207,2022-04-22,28.2,78.0,0.0,10.5
1208,2022-04-23,28.8,76.0,0.0,9.5
1210,2022-04-25,28.4,72.0,,10.8
1211,2022-04-26,26.7,74.0,0.0,10.1
1212,2022-04-27,27.3,78.0,0.0,10.2
1213,2022-04-28,27.0,80.0,0.0,10.1
1214,2022-04-29,27.8,85.0,0.0,10.4
1215,2022-04-30,28.7,77.0,0.0,
1216,2022-05-01,28.3,77.0,0.0,10.8
1217,2022-05-02,28.8,74.0,0.0,
1218,2022-05-03,28.8,72.0,0.0,
1219,2022-05-04,28.7,76.0,0.0,9.8
1220,2022-05-05,28.2,82.0,0.0,9.7
1222,2022-05-07,27.6,83.0,0.0,9.0
1223,2022-05-08,27.1,86.0,0.7,6.6
1224,2022-05-09,27.7,85.0,0.4,7.0
1226,2022-05-11,28.2,78.0,0.0,8.5
1227,2022-05-12,28.5,77.0,0.0,10.4
1228,2022-05-13,26.9,88.0,0.0,9.0
1229,2022-05-14,27.7,81.0,,5.9
1230,2022-05-15,27.6,82.0,0.0,10.0
1231,2022-05-16,27.9,78.0,0.0,9.6
1232,2022-05-17,27.8,80.0,0.0,10.4
1233,2022-05-18,27.9,81.0,0.3,5.4
1234,2022-05-19,27.8,84.0,0.3,4.9
1235,2022-05-20,28.4,80.0,1.5,9.1
1236,2022-05-21,27.9,76.0,0.0,9.6
1237,2022-05-22,27.4,73.0,0.0,10.7
1238,2022-05-23,28.2,72.0,0.0,9.2
1239,2022-05-24,28.2,75.0,0.0,10.7
1240,2022-05-25,27.1,86.0,0.0,10.0
1241,2022-05-26,27.1,84.0,3.2,7.3
1242,2022-05-27,27.1,82.0,0.7,6.7
1244,2022-05-29,27.1,83.0,0.0,8.8
1245,2022-05-30,27.4,87.0,1.6,10.1
1246,2022-05-31,27.3,84.0,1.0,7.7
1247,2022-06-01,27.1,79.0,0.0,10.5
1248,2022-06-02,26.8,86.0,1.2,8.6
1250,2022-06-04,27.1,78.0,0.4,8.9
1251,2022-06-05,27.5,79.0,0.0,4.1
1253,2022-06-07,26.9,82.0,0.0,9.9
1256,2022-06-10,28.0,78.0,0.0,8.9
1257,2022-06-11,28.2,78.0,0.0,9.8
1258,2022-06-12,27.8,81.0,0.0,10.1
1259,2022-06-13,26.8,82.0,0.0,6.6
1260,2022-06-14,27.7,78.0,0.0,
1261,2022-06-15,27.3,80.0,,9.4
1262,2022-06-16,27.9,76.0,0.0,7.8
1263,2022-06-17,28.1,74.0,0.0,8.8
1264,2022-06-18,27.5,77.0,0.0,10.6
1265,2022-06-19,27.1,79.0,0.0,7.3
1266,2022-06-20,28.1,72.0,0.0,4.6
1267,2022-06-21,26.5,68.0,0.0,10.1
1268,2022-06-22,27.7,70.0,0.0,10.8
1269,2022-06-23,27.1,71.0,0.0,10.6
1270,2022-06-24,27.3,73.0,0.0,10.4
1271,2022-06-25,27.5,74.0,0.0,7.5
1272,2022-06-26,27.9,74.0,0.0,8.6
1273,2022-06-27,27.2,72.0,0.0,6.1
1274,2022-06-28,26.8,78.0,0.0,10.7
1275,2022-06-29,26.7,74.0,0.0,7.4
1276,2022-06-30,27.5,75.0,0.0,9.7
1277,2022-07-01,27.9,69.0,0.0,10.5
1278,2022-07-02,28.5,74.0,0.0,5.4
1279,2022-07-03,27.7,82.0,0.0,8.3
1280,2022-07-04,27.8,80.0,0.0,7.9
1281,2022-07-05,27.0,79.0,2.3,9.3
1282,2022-07-06,26.2,74.0,,9.6
1283,2022-07-07,26.1,67.0,0.0,8.0
1284,2022-07-08,24.4,66.0,0.0,9.1
1285,2022-07-09,25.6,76.0,0.0,10.5
1286,2022-07-10,27.9,72.0,0.0,8.5
1287,2022-07-11,27.5,74.0,0.0,9.7
1288,2022-07-12,27.3,76.0,0.0,7.4
1289,2022-07-13,26.7,72.0,0.0,9.1
1290,2022-07-14,26.3,74.0,0.0,10.6
1291,2022-07-15,26.4,72.0,0.0,10.6
1292,2022-07-16,26.1,78.0,0.0,9.0
1293,2022-07-17,27.7,72.0,0.0,4.6
1294,2022-07-18,26.2,72.0,0.0,9.4
1295,2022-07-19,25.7,71.0,0.0,10.0
1296,2022-07-20,25.4,71.0,0.0,8.7
1297,2022-07-21,26.9,70.0,0.0,10.4
1298,2022-07-22,27.2,69.0,0.0,10.5
1299,2022-07-23,26.6,70.0,0.0,10.5
1300,2022-07-24,24.8,69.0,0.0,9.4
1301,2022-07-25,25.3,68.0,0.0,10.5
1302,2022-07-26,26.2,71.0,0.0,10.4
1303,2022-07-27,26.6,70.0,0.0,9.7
1304,2022-07-28,25.9,68.0,0.0,11.6
1305,2022-07-29,26.4,67.0,0.0,10.9
1306,2022-07-30,25.4,72.0,0.0,10.6
1307,2022-07-31,25.8,74.0,0.0,10.5
1308,2022-08-01,26.6,77.0,0.0,9.0
1309,2022-08-02,27.7,72.0,0.0,10.7
1310,2022-08-03,27.5,70.0,0.0,10.0
1311,2022-08-04,27.0,64.0,0.0,9.8
1312,2022-08-05,26.1,69.0,0.0,10.0
1313,2022-08-06,26.4,72.0,0.0,7.4
1314,2022-08-07,26.5,71.0,0.0,9.3
1316,2022-08-09,27.9,72.0,0.0,9.6
1317,2022-08-10,28.0,73.0,0.0,7.0
1318,2022-08-11,27.7,76.0,0.0,8.5
1319,2022-08-12,27.7,75.0,0.0,5.7
1320,2022-08-13,27.6,80.0,0.0,10.5
1321,2022-08-14,27.5,83.0,3.7,5.4
1322,2022-08-15,28.1,67.0,,7.4
1323,2022-08-16,26.3,72.0,0.0,10.1
1324,2022-08-17,27.3,71.0,0.0,10.3
1325,2022-08-18,27.3,72.0,0.0,9.0
1326,2022-08-19,27.3,60.0,0.0,9.7
1327,2022-08-20,26.2,64.0,0.0,10.6
1328,2022-08-21,26.1,66.0,0.0,10.7
1329,2022-08-22,27.6,62.0,0.0,10.1
1331,2022-08-24,27.3,62.0,0.0,10.6
1332,2022-08-25,27.7,64.0,0.0,10.7
1333,2022-08-26,27.2,66.0,0.0,10.8
1334,2022-08-27,26.9,73.0,0.0,9.1
1335,2022-08-28,27.0,76.0,0.0,9.8
1336,2022-08-29,27.4,74.0,0.0,7.4
1337,2022-08-30,28.3,74.0,0.8,8.7
1338,2022-08-31,27.7,74.0,0.0,10.0
1339,2022-09-01,28.1,70.0,0.0,9.4
1340,2022-09-02,28.2,72.0,0.0,9.7
1341,2022-09-03,28.4,71.0,0.0,10.7
1342,2022-09-04,28.0,73.0,0.0,9.4
1343,2022-09-05,27.1,79.0,0.0,7.2
1345,2022-09-07,27.0,78.0,0.0,7.2
1346,2022-09-08,27.7,77.0,0.2,7.3
1347,2022-09-09,27.9,76.0,0.0,9.2
1348,2022-09-10,27.8,76.0,0.0,9.9
1349,2022-09-11,27.4,74.0,0.0,8.5
1350,2022-09-12,27.7,74.0,0.0,10.7
1351,2022-09-13,29.1,66.0,0.0,10.8
1352,2022-09-14,28.7,67.0,0.0,10.6
1353,2022-09-15,28.8,66.0,0.0,9.4
1354,2022-09-16,29.3,56.0,0.0,10.3
1355,2022-09-17,27.6,67.0,0.0,8.7
1356,2022-09-18,27.6,69.0,0.0,8.6
1357,2022-09-19,27.6,73.0,0.0,9.4
1358,2022-09-20,28.5,68.0,2.7,9.9
1359,2022-09-21,28.3,72.0,0.0,7.8
1361,2022-09-23,28.2,73.0,0.0,9.2
1362,2022-09-24,28.3,77.0,,8.1
1363,2022-09-25,29.0,74.0,0.0,10.7
1364,2022-09-26,29.3,66.0,0.1,9.1
1365,2022-09-27,29.3,66.0,0.0,10.3
1366,2022-09-28,28.4,67.0,0.0,10.9
1367,2022-09-29,27.9,78.0,0.0,10.0
1368,2022-09-30,27.2,79.0,0.0,6.6
1369,2022-10-01,27.4,76.0,0.5,3.3
1370,2022-10-02,28.2,72.0,0.0,7.8
1371,2022-10-03,26.8,81.0,0.0,8.4
1372,2022-10-04,27.4,80.0,1.5,5.4
1374,2022-10-06,27.5,81.0,0.2,8.5
1377,2022-10-09,29.7,74.0,0.0,9.8
1378,2022-10-10,27.6,82.0,0.0,7.1
1379,2022-10-11,27.0,87.0,1.5,7.3
1381,2022-10-13,28.6,75.0,0.0,5.2
1382,2022-10-14,27.2,81.0,0.1,7.9
1383,2022-10-15,28.6,75.0,2.5,7.0
1384,2022-10-16,28.6,77.0,,8.6
1385,2022-10-17,28.3,80.0,0.0,7.3
1388,2022-10-20,27.7,86.0,0.8,6.9
1389,2022-10-21,28.4,82.0,0.0,10.2
1390,2022-10-22,27.6,78.0,0.0,9.1
1391,2022-10-23,28.0,76.0,0.0,7.3
1392,2022-10-24,28.2,76.0,0.0,8.8
1393,2022-10-25,28.3,77.0,0.0,9.8
1394,2022-10-26,28.1,76.0,0.0,10.1
1395,2022-10-27,27.2,82.0,0.0,8.8
1396,2022-10-28,26.2,85.0,0.0,5.1
1397,2022-10-29,26.5,69.0,0.8,4.8
1398,2022-10-30,27.7,70.0,0.0,9.1
1399,2022-10-31,28.6,70.0,0.0,9.4
1400,2022-11-01,29.0,69.0,0.0,7.1
1401,2022-11-02,27.9,77.0,0.0,8.5
1403,2022-11-04,28.2,80.0,0.0,10.0
1404,2022-11-05,27.9,78.0,1.6,7.2
1405,2022-11-06,27.7,82.0,0.0,9.4
1406,2022-11-07,26.8,83.0,2.2,9.5
1409,2022-11-10,27.4,80.0,0.0,7.0
1410,2022-11-11,28.7,76.0,,7.6
1411,2022-11-12,28.8,76.0,0.0,9.1
1412,2022-11-13,28.7,76.0,0.0,10.7
1413,2022-11-14,28.3,79.0,,7.6
1414,2022-11-15,27.4,83.0,,7.7
1415,2022-11-16,27.5,85.0,2.5,8.4
1417,2022-11-18,27.9,78.0,0.0,8.8
1418,2022-11-19,25.5,92.0,0.0,1.1
1420,2022-11-21,27.7,87.0,,11.5
1421,2022-11-22,26.6,90.0,3.5,5.0
1423,2022-11-24,25.6,93.0,1.7,1.6
1425,2022-11-26,27.4,78.0,,4.9
1426,2022-11-27,26.9,85.0,0.0,8.0
1427,2022-11-28,26.4,89.0,1.5,7.1
1428,2022-11-29,26.0,90.0,3.5,4.0
1429,2022-11-30,26.4,86.0,2.5,4.1
1435,2022-12-06,29.1,76.0,0.0,10.8
1436,2022-12-07,28.5,80.0,0.0,11.3
1438,2022-12-09,28.2,80.0,,10.2
1439,2022-12-10,28.7,75.0,,9.6
1440,2022-12-11,27.5,84.0,0.0,11.8
1441,2022-12-12,28.2,74.0,1.0,7.2
1442,2022-12-13,29.1,78.0,0.1,11.5
1443,2022-12-14,28.1,80.0,2.2,10.2
1444,2022-12-15,28.4,76.0,0.0,8.5
1445,2022-12-16,25.9,88.0,0.0,8.0
1447,2022-12-18,27.7,79.0,0.4,4.2
1448,2022-12-19,27.1,77.0,1.0,4.5
1449,2022-12-20,27.2,73.0,0.0,9.0
1450,2022-12-21,26.9,72.0,0.0,9.8
1451,2022-12-22,28.0,80.0,2.6,9.3
1452,2022-12-23,26.8,86.0,1.5,4.5
1454,2022-12-25,25.6,90.0,3.3,1.1
1456,2022-12-27,26.7,88.0,0.6,2.0
1459,2022-12-30,24.9,94.0,3.6,2.0
1464,2023-01-04,27.7,82.0,2.6,5.0
1465,2023-01-05,28.5,82.0,2.6,8.7
1466,2023-01-06,28.4,78.0,3.1,4.0
1467,2023-01-07,27.8,76.0,0.0,7.2
1468,2023-01-08,26.8,77.0,3.4,8.2
1469,2023-01-09,26.2,80.0,0.0,9.7
1470,2023-01-10,,,0.0,9.0
1471,2023-01-11,26.7,76.0,0.0,9.9
1472,2023-01-12,26.4,78.0,0.0,9.5
1473,2023-01-13,27.0,82.0,0.0,9.8
1474,2023-01-14,27.2,84.0,0.0,11.3
1475,2023-01-15,27.1,85.0,0.0,11.2
1476,2023-01-16,27.0,86.0,1.2,6.3
1478,2023-01-18,26.7,86.0,,3.2
1479,2023-01-19,26.7,86.0,,6.1
1480,2023-01-20,26.2,89.0,0.0,6.0
1481,2023-01-21,27.4,81.0,0.9,5.2
1482,2023-01-22,26.7,81.0,0.0,6.0
1483,2023-01-23,27.5,81.0,0.0,8.3
1484,2023-01-24,27.1,78.0,0.0,11.2
1485,2023-01-25,25.2,91.0,0.0,10.3
1488,2023-01-28,25.7,91.0,0.8,3.1
1489,2023-01-29,26.6,89.0,2.5,4.8
1490,2023-01-30,26.7,91.0,0.2,0.8
1493,2023-02-02,25.1,95.0,0.9,1.7
1495,2023-02-04,25.7,94.0,2.8,1.3
1496,2023-02-05,26.5,88.0,1.9,1.4
1497,2023-02-06,27.1,80.0,0.0,1.9
1498,2023-02-07,25.4,92.0,0.0,1.2
1501,2023-02-10,,,0.0,1.0
1503,2023-02-12,,,0.0,3.2
1505,2023-02-14,26.6,85.0,,5.4
1506,2023-02-15,27.0,84.0,0.0,5.5
1507,2023-02-16,,,0.0,2.7
1508,2023-02-17,26.8,86.0,0.0,6.5
1510,2023-02-19,27.1,84.0,0.0,7.9
1511,2023-02-20,27.1,84.0,0.0,8.9
1512,2023-02-21,26.1,88.0,2.4,7.3
1513,2023-02-22,26.7,86.0,3.6,8.0
1514,2023-02-23,26.2,89.0,0.0,9.1
1515,2023-02-24,26.1,91.0,0.4,3.7
1518,2023-02-27,26.2,90.0,3.2,0.9
1520,2023-03-01,26.1,90.0,0.0,2.8
1523,2023-03-04,25.6,89.0,0.0,4.9
1526,2023-03-07,26.2,89.0,2.4,5.0
1528,2023-03-09,26.1,88.0,,5.9
1529,2023-03-10,27.4,82.0,0.5,7.8
1530,2023-03-11,27.1,79.0,0.0,10.9
1531,2023-03-12,27.4,74.0,0.0,9.8
1532,2023-03-13,26.6,82.0,0.0,9.7
1533,2023-03-14,26.9,77.0,0.0,8.1
1534,2023-03-15,27.7,77.0,0.0,8.1
1535,2023-03-16,28.3,78.0,0.0,10.1
1537,2023-03-18,27.8,81.0,0.0,7.8
1538,2023-03-19,27.6,82.0,0.0,8.8
1540,2023-03-21,27.6,80.0,0.0,8.1
1541,2023-03-22,27.3,81.0,0.0,8.8
1542,2023-03-23,27.6,82.0,0.0,9.8
1543,2023-03-24,27.7,80.0,0.0,10.6
1544,2023-03-25,27.4,81.0,0.0,10.0
1545,2023-03-26,27.5,82.0,0.0,8.8
1546,2023-03-27,27.4,83.0,0.0,8.5
1547,2023-03-28,27.5,83.0,0.3,9.0
1548,2023-03-29,27.8,80.0,0.0,8.3
1551,2023-04-01,26.2,86.0,0.4,5.9
1552,2023-04-02,26.5,83.0,,6.2
1553,2023-04-03,26.7,86.0,1.8,6.8
1556,2023-04-06,26.5,84.0,1.9,6.3
1557,2023-04-07,26.5,86.0,,6.6
1559,2023-04-09,26.5,88.0,3.1,4.9
1560,2023-04-10,26.7,86.0,,1.8
1561,2023-04-11,27.0,84.0,2.5,6.9
1562,2023-04-12,27.1,90.0,,8.4
1563,2023-04-13,26.6,90.0,2.0,5.7
1564,2023-04-14,27.4,81.0,0.6,1.5
1565,2023-04-15,27.6,84.0,0.0,7.4
1566,2023-04-16,27.5,80.0,0.0,6.6
1567,2023-04-17,27.4,82.0,0.0,10.4
1568,2023-04-18,27.5,78.0,2.3,9.8
1569,2023-04-19,26.7,85.0,0.0,10.5
1571,2023-04-21,27.5,81.0,0.0,10.4
1572,2023-04-22,,,0.0,6.5
1573,2023-04-23,27.6,78.0,0.0,10.5
1574,2023-04-24,27.8,76.0,0.0,10.7
1575,2023-04-25,27.8,85.0,0.0,11.0
1576,2023-04-26,28.6,78.0,0.0,9.3
1577,2023-04-27,27.5,85.0,0.0,8.8
1579,2023-04-29,28.0,82.0,,4.3
1580,2023-04-30,28.1,74.0,,5.5
1581,2023-05-01,27.1,76.0,0.0,
1582,2023-05-02,28.2,78.0,0.0,10.4
1583,2023-05-03,28.2,78.0,0.0,10.5
1584,2023-05-04,28.3,76.0,0.0,9.3
1585,2023-05-05,28.5,80.0,0.0,9.0
1586,2023-05-06,28.5,77.0,0.0,8.2
1587,2023-05-07,28.5,74.0,0.0,11.0
1588,2023-05-08,29.0,74.0,0.0,9.7
1589,2023-05-09,27.1,85.0,0.0,10.0
1592,2023-05-12,27.2,70.0,0.0,9.8
1593,2023-05-13,26.9,70.0,0.0,10.8
1594,2023-05-14,26.3,69.0,0.0,10.6
1595,2023-05-15,26.5,71.0,0.0,10.0
1596,2023-05-16,26.0,74.0,0.0,10.6
1597,2023-05-17,26.0,76.0,0.0,
1598,2023-05-18,26.6,78.0,0.0,10.9
1599,2023-05-19,27.2,75.0,0.0,10.8
1600,2023-05-20,26.7,74.0,0.0,7.6
1601,2023-05-21,26.5,74.0,0.0,10.7
1602,2023-05-22,26.6,75.0,0.0,10.6
1603,2023-05-23,26.9,76.0,0.0,10.7
1604,2023-05-24,26.9,77.0,0.0,10.8
1605,2023-05-25,27.3,76.0,0.0,10.6
1606,2023-05-26,27.1,70.0,0.0,8.9
1607,2023-05-27,27.2,74.0,0.0,10.6
1608,2023-05-28,27.0,69.0,0.0,9.6
1609,2023-05-29,26.4,71.0,0.0,10.8
1610,2023-05-30,26.4,77.0,0.0,10.5
1611,2023-05-31,27.9,70.0,0.0,10.7
1612,2023-06-01,27.8,73.0,0.0,10.2
1613,2023-06-02,27.0,75.0,0.0,10.5
1614,2023-06-03,27.3,73.0,0.0,7.8
1615,2023-06-04,27.1,76.0,0.0,10.4
1616,2023-06-05,26.5,81.0,0.0,9.6
1618,2023-06-07,28.2,76.0,0.0,6.7
1619,2023-06-08,27.1,76.0,0.0,11.0
1620,2023-06-09,27.4,74.0,0.0,10.8
1621,2023-06-10,27.1,80.0,0.0,10.6
1622,2023-06-11,28.0,72.0,0.0,3.3
1623,2023-06-12,27.2,67.0,0.0,7.9
1624,2023-06-13,26.6,71.0,0.0,10.6
1625,2023-06-14,26.7,70.0,0.0,10.0
1626,2023-06-15,26.0,72.0,0.0,10.4
1627,2023-06-16,26.3,74.0,0.0,10.5
1628,2023-06-17,26.3,70.0,0.0,6.6
1629,2023-06-18,25.6,75.0,0.0,10.5
1630,2023-06-19,26.6,78.0,0.0,10.7
1631,2023-06-20,26.1,78.0,0.0,9.6
1632,2023-06-21,27.2,75.0,0.0,8.2
1633,2023-06-22,25.9,70.0,0.0,9.5
1634,2023-06-23,26.3,74.0,0.0,10.6
1635,2023-06-24,26.2,76.0,0.0,10.8
1636,2023-06-25,26.4,78.0,0.0,9.4
1637,2023-06-26,26.9,84.0,0.0,10.8
1638,2023-06-27,27.0,82.0,0.0,5.4
1640,2023-06-29,26.9,82.0,0.0,7.7
1641,2023-06-30,27.2,79.0,,8.8
1642,2023-07-01,26.7,86.0,,9.4
1643,2023-07-02,27.9,76.0,0.9,4.3
1644,2023-07-03,26.9,83.0,0.0,8.2
1646,2023-07-05,27.4,80.0,0.0,8.7
1647,2023-07-06,27.6,78.0,0.0,7.4
1648,2023-07-07,28.0,78.0,0.0,9.6
1649,2023-07-08,27.9,79.0,0.0,10.5
1650,2023-07-09,27.0,74.0,0.2,3.9
1651,2023-07-10,26.2,69.0,0.0,10.6
1652,2023-07-11,26.0,70.0,0.0,10.6
1653,2023-07-12,27.1,70.0,0.0,10.5
1654,2023-07-13,27.6,75.0,0.0,8.4
1655,2023-07-14,27.1,74.0,0.0,7.8
1656,2023-07-15,26.8,72.0,0.0,9.9
1657,2023-07-16,25.7,75.0,0.0,9.9
1658,2023-07-17,26.7,70.0,0.0,8.4
1659,2023-07-18,26.3,69.0,0.0,10.8
1660,2023-07-19,26.1,69.0,0.0,10.8
1661,2023-07-20,25.8,72.0,0.0,10.1
1662,2023-07-21,26.5,70.0,0.0,8.9
1663,2023-07-22,26.2,72.0,0.0,10.1
1664,2023-07-23,25.7,72.0,0.0,10.8
1665,2023-07-24,25.7,77.0,0.0,5.9
1666,2023-07-25,26.3,74.0,0.0,9.1
1667,2023-07-26,26.5,72.0,0.0,9.4
1668,2023-07-27,25.7,72.0,0.0,8.7
1669,2023-07-28,25.7,75.0,0.0,10.5
1670,2023-07-29,25.3,70.0,0.0,10.7
1671,2023-07-30,26.6,68.0,0.0,10.7
1672,2023-07-31,26.4,76.0,0.0,10.6
1673,2023-08-01,27.3,70.0,0.0,9.8
1674,2023-08-02,25.6,78.0,0.0,10.6
1675,2023-08-03,26.4,79.0,0.0,10.6
1676,2023-08-04,26.6,76.0,0.0,10.6
1677,2023-08-05,27.5,73.0,0.0,10.7
1678,2023-08-06,26.5,75.0,0.0,8.1
1679,2023-08-07,27.0,59.0,0.0,10.2
1680,2023-08-08,26.3,67.0,0.0,10.9
1681,2023-08-09,25.4,67.0,0.0,10.8
1682,2023-08-10,25.2,71.0,0.0,10.8
1683,2023-08-11,25.7,70.0,0.0,9.6
1684,2023-08-12,26.3,69.0,,10.5
1685,2023-08-13,26.4,72.0,0.0,7.9
1686,2023-08-14,26.4,73.0,0.0,9.7
1687,2023-08-15,26.5,71.0,0.0,10.3
1688,2023-08-16,26.8,73.0,0.0,8.3
1689,2023-08-17,27.1,70.0,,7.1
1690,2023-08-18,26.5,69.0,0.0,7.2
1691,2023-08-19,26.5,72.0,0.0,9.5
1692,2023-08-20,27.1,72.0,0.0,10.7
1693,2023-08-21,27.3,67.0,0.0,10.1
1694,2023-08-22,26.1,63.0,0.0,9.3
1695,2023-08-23,,,,
1696,2023-08-24,27.1,68.0,0.0,8.9
1697,2023-08-25,27.1,64.0,0.0,9.7
1698,2023-08-26,26.8,64.0,0.0,10.8
1699,2023-08-27,26.3,72.0,0.0,11.1
1700,2023-08-28,26.2,69.0,,10.4
1701,2023-08-29,27.1,64.0,0.0,9.0
1702,2023-08-30,27.8,64.0,0.0,10.3
1703,2023-08-31,26.2,71.0,0.0,11.0
1704,2023-09-01,26.2,62.0,0.0,10.6
1705,2023-09-02,25.5,68.0,0.0,10.8
1706,2023-09-03,25.9,67.0,0.0,10.5
1707,2023-09-04,,,0.0,
1708,2023-09-05,26.9,68.0,0.0,10.9
1709,2023-09-06,27.5,70.0,0.0,10.0
1710,2023-09-07,27.2,63.0,0.0,10.3
1711,2023-09-08,26.2,71.0,0.0,10.2
1712,2023-09-09,25.9,75.0,0.0,10.3
1713,2023-09-10,28.2,66.0,0.0,10.9
1714,2023-09-11,28.7,69.0,0.0,9.4
1715,2023-09-12,28.1,68.0,0.0,10.5
1716,2023-09-13,27.7,70.0,0.0,9.5
1717,2023-09-14,27.5,64.0,0.0,10.5
1718,2023-09-15,27.7,67.0,0.0,9.6
1719,2023-09-16,27.2,72.0,0.0,9.6
1720,2023-09-17,28.3,73.0,0.0,9.8
1721,2023-09-18,27.4,70.0,0.0,8.0
1723,2023-09-20,27.2,72.0,0.0,3.3
1724,2023-09-21,26.1,68.0,0.0,8.2
1725,2023-09-22,27.4,65.0,0.0,9.1
1726,2023-09-23,27.5,72.0,0.0,10.2
1727,2023-09-24,27.2,74.0,0.0,10.6
1728,2023-09-25,27.9,64.0,0.0,10.2
1729,2023-09-26,27.9,70.0,0.0,10.4
1730,2023-09-27,27.3,70.0,0.0,10.8
1731,2023-09-28,28.2,71.0,0.0,10.8
1732,2023-09-29,26.6,72.0,0.0,10.7
1733,2023-09-30,27.9,70.0,0.0,10.7
1734,2023-10-01,27.2,74.0,0.0,10.6
1735,2023-10-02,27.6,71.0,0.0,11.1
1736,2023-10-03,28.2,72.0,0.0,9.1
1737,2023-10-04,28.5,75.0,0.0,10.0
1738,2023-10-05,28.4,76.0,0.0,11.1
1739,2023-10-06,29.5,72.0,0.0,11.0
1740,2023-10-07,27.9,74.0,0.0,10.8
1741,2023-10-08,29.4,69.0,0.0,10.9
1742,2023-10-09,28.2,74.0,0.0,10.7
1743,2023-10-10,28.6,70.0,0.0,10.8
1744,2023-10-11,27.7,74.0,0.0,11.0
1745,2023-10-12,27.5,78.0,0.0,11.0
1747,2023-10-14,29.3,69.0,0.0,9.8
1748,2023-10-15,28.6,70.0,0.0,11.2
1751,2023-10-18,28.9,66.0,0.0,11.2
1752,2023-10-19,,,,
1753,2023-10-20,28.8,72.0,0.0,11.1
1754,2023-10-21,28.4,63.0,0.0,11.6
1755,2023-10-22,27.5,76.0,0.0,11.5
1756,2023-10-23,,,,
1757,2023-10-24,28.6,72.0,0.0,11.2
1758,2023-10-25,29.3,71.0,0.0,11.5
1759,2023-10-26,29.6,70.0,0.0,11.5
1760,2023-10-27,28.6,68.0,0.0,11.7
1761,2023-10-28,27.9,78.0,0.0,11.8
1763,2023-10-30,29.6,69.0,0.0,11.2
1764,2023-10-31,29.2,73.0,0.0,11.5
1765,2023-11-01,29.6,71.0,0.0,11.4
1766,2023-11-02,29.8,70.0,0.0,9.1
1767,2023-11-03,28.9,79.0,0.0,10.1
1768,2023-11-04,29.2,75.0,0.9,8.2
1769,2023-11-05,29.3,74.0,0.0,10.4
1770,2023-11-06,29.3,73.0,0.0,11.5
1771,2023-11-07,29.9,74.0,0.0,11.4
1772,2023-11-08,29.9,72.0,0.0,11.6
1773,2023-11-09,29.9,72.0,0.0,11.0
1774,2023-11-10,29.5,74.0,0.0,9.0
1775,2023-11-11,29.9,75.0,0.0,8.4
1776,2023-11-12,29.0,76.0,0.0,9.4
1777,2023-11-13,28.8,81.0,0.0,6.8
1778,2023-11-14,30.1,74.0,2.7,6.6
1779,2023-11-15,29.8,72.0,,10.0
1780,2023-11-16,28.7,79.0,0.0,9.1
1781,2023-11-17,27.6,86.0,1.5,7.0
1783,2023-11-19,30.0,71.0,0.0,10.5
1784,2023-11-20,30.2,71.0,0.0,10.5
1787,2023-11-23,30.3,72.0,0.0,11.7
1788,2023-11-24,29.3,73.0,0.0,10.2
1789,2023-11-25,29.5,73.0,0.0,6.0
1790,2023-11-26,28.1,80.0,0.0,7.8
1791,2023-11-27,28.8,77.0,3.5,7.7
1792,2023-11-28,27.8,82.0,0.5,8.1
1795,2023-12-01,27.3,86.0,,5.6
1800,2023-12-06,30.2,75.0,0.0,9.9
1801,2023-12-07,27.6,86.0,0.0,11.0
1805,2023-12-11,28.8,79.0,0.0,8.2
1806,2023-12-12,29.2,78.0,0.0,7.4
1807,2023-12-13,28.2,81.0,0.0,9.3
1808,2023-12-14,27.9,84.0,0.0,9.0
1809,2023-12-15,28.7,83.0,1.0,8.9
1810,2023-12-16,29.5,76.0,0.0,8.1
1811,2023-12-17,27.1,83.0,0.0,10.5
1813,2023-12-19,28.3,68.0,0.0,11.3
1814,2023-12-20,28.4,66.0,0.0,11.9
1815,2023-12-21,28.5,72.0,0.0,11.4
1816,2023-12-22,28.2,68.0,0.0,10.3
1817,2023-12-23,29.5,77.0,0.0,9.1
1818,2023-12-24,28.3,81.0,0.0,10.7
1819,2023-12-25,29.0,81.0,0.0,9.0
1820,2023-12-26,28.9,79.0,0.0,10.0
1821,2023-12-27,28.5,84.0,0.0,9.6
1822,2023-12-28,28.2,86.0,0.6,7.1
1824,2023-12-30,29.5,80.0,0.0,8.4
1826,2024-01-01,29.8,82.0,,5.6
1827,2024-01-02,29.6,82.0,0.0,11.2
1828,2024-01-03,29.3,82.0,0.0,10.5
1829,2024-01-04,28.1,86.0,2.3,9.3
1833,2024-01-08,27.7,86.0,,8.0
1834,2024-01-09,27.5,86.0,,7.0
1836,2024-01-11,28.6,82.0,0.0,9.4
1837,2024-01-12,29.0,70.0,0.0,8.8
1838,2024-01-13,29.3,66.0,0.0,11.0
1839,2024-01-14,29.4,76.0,0.0,10.3
1840,2024-01-15,29.1,80.0,0.0,10.2
1841,2024-01-16,27.0,88.0,,10.2
1843,2024-01-18,25.9,92.0,1.4,7.7
1845,2024-01-20,28.2,74.0,0.0,7.0
1846,2024-01-21,28.3,81.0,0.0,4.2
1850,2024-01-25,28.3,86.0,1.0,0.9
1851,2024-01-26,27.9,88.0,1.1,6.4
1853,2024-01-28,27.6,85.0,3.1,5.1
1854,2024-01-29,26.7,89.0,0.0,5.8
1856,2024-01-31,26.6,88.0,0.0,11.5
1858,2024-02-02,28.4,81.0,0.0,8.2
1859,2024-02-03,27.0,89.0,0.8,11.0
1860,2024-02-04,26.5,92.0,2.0,4.3
1863,2024-02-07,26.2,89.0,0.0,10.1
1867,2024-02-11,26.7,89.0,0.0,10.7
1871,2024-02-15,27.8,88.0,,5.3
1872,2024-02-16,27.3,88.0,,9.0
1874,2024-02-18,28.0,87.0,1.5,6.6
1875,2024-02-19,28.6,86.0,2.2,9.7
1876,2024-02-20,28.6,87.0,0.4,11.0
1877,2024-02-21,28.2,87.0,0.0,9.4
1881,2024-02-25,27.5,91.0,0.0,7.2
1883,2024-02-27,27.9,84.0,,6.2
1884,2024-02-28,27.4,88.0,0.0,8.5
1885,2024-02-29,28.1,86.0,0.0,7.5
1888,2024-03-03,27.7,89.0,0.0,6.3
1890,2024-03-05,28.5,86.0,,7.8
1891,2024-03-06,28.8,87.0,0.0,5.7
1892,2024-03-07,27.5,92.0,0.3,7.3
1894,2024-03-09,26.6,93.0,0.8,6.9
1904,2024-03-19,27.3,88.0,0.6,5.0
1905,2024-03-20,27.9,86.0,0.0,10.3
1906,2024-03-21,27.7,86.0,0.0,9.2
1907,2024-03-22,27.3,85.0,0.0,8.5
1908,2024-03-23,27.8,82.0,0.0,8.2
1909,2024-03-24,28.0,82.0,0.0,10.2
1910,2024-03-25,28.1,80.0,0.0,10.6
1911,2024-03-26,26.9,86.0,0.0,9.4
1913,2024-03-28,28.2,79.0,1.4,9.4
1914,2024-03-29,27.2,88.0,0.0,8.5
1916,2024-03-31,28.8,81.0,0.0,11.0
1917,2024-04-01,28.0,87.0,1.0,8.0
1918,2024-04-02,28.4,83.0,1.0,3.8
1919,2024-04-03,28.2,86.0,1.5,9.4
1920,2024-04-04,27.3,90.0,,4.0
1925,2024-04-09,28.4,86.0,0.0,0.8
1926,2024-04-10,28.0,86.0,0.0,9.3
1927,2024-04-11,27.2,89.0,,8.9
1928,2024-04-12,28.3,82.0,3.1,7.1
1929,2024-04-13,28.8,82.0,0.0,8.1
1930,2024-04-14,28.5,81.0,0.0,10.3
1931,2024-04-15,29.3,80.0,0.0,10.1
1932,2024-04-16,26.9,90.0,0.0,10.8
1933,2024-04-17,28.8,75.0,1.6,1.0
1934,2024-04-18,29.0,78.0,0.0,7.9
1935,2024-04-19,29.2,76.0,0.0,10.2
1936,2024-04-20,29.1,76.0,0.0,10.4
1937,2024-04-21,28.9,77.0,0.0,10.2
1938,2024-04-22,28.9,80.0,0.0,8.3
1939,2024-04-23,28.2,87.0,,6.8
1940,2024-04-24,28.6,82.0,1.0,2.6
1941,2024-04-25,28.2,87.0,0.0,6.3
1942,2024-04-26,29.1,75.0,0.7,5.8
1943,2024-04-27,29.4,79.0,0.0,10.5
1944,2024-04-28,29.5,70.0,,10.5
1945,2024-04-29,28.5,75.0,0.0,10.5
1946,2024-04-30,28.6,72.0,0.0,10.5
1947,2024-05-01,29.0,71.0,0.0,10.6
1948,2024-05-02,28.8,69.0,0.0,10.7
1949,2024-05-03,28.9,70.0,0.0,10.2
1950,2024-05-04,27.9,70.0,0.0,10.0
1951,2024-05-05,28.5,72.0,0.0,9.8
1952,2024-05-06,28.3,72.0,0.0,8.4
1953,2024-05-07,28.8,70.0,0.0,8.2
1954,2024-05-08,28.8,72.0,0.0,9.9
1955,2024-05-09,28.7,70.0,0.0,9.5
1956,2024-05-10,28.9,72.0,0.0,10.5
1957,2024-05-11,29.1,68.0,0.0,9.3
1958,2024-05-12,28.7,71.0,0.0,10.4
1959,2024-05-13,27.6,68.0,0.0,10.5
1960,2024-05-14,27.6,73.0,0.0,10.3
1961,2024-05-15,28.5,69.0,0.0,10.7
1962,2024-05-16,28.8,71.0,0.0,9.0
1963,2024-05-17,28.6,69.0,0.0,10.7
1964,2024-05-18,28.2,65.0,0.0,10.4
1965,2024-05-19,28.1,67.0,0.0,10.8
1966,2024-05-20,27.6,70.0,0.0,11.0
1967,2024-05-21,28.1,72.0,0.0,7.5
1968,2024-05-22,28.4,75.0,0.0,10.4
1969,2024-05-23,28.5,75.0,0.0,10.0
1970,2024-05-24,29.0,71.0,0.0,8.1
1971,2024-05-25,29.1,70.0,0.0,8.0
1972,2024-05-26,28.8,69.0,0.0,10.5
1973,2024-05-27,28.7,73.0,0.0,10.4
1974,2024-05-28,28.2,75.0,0.0,8.2
1975,2024-05-29,29.0,77.0,0.0,10.7
1976,2024-05-30,29.6,73.0,0.0,10.6
1977,2024-05-31,29.8,68.0,0.0,10.8
1978,2024-06-01,29.8,69.0,0.0,9.8
1979,2024-06-02,28.2,80.0,0.0,10.3
1980,2024-06-03,28.8,70.0,,6.9
1981,2024-06-04,28.4,66.0,0.0,5.8
1982,2024-06-05,28.1,67.0,0.0,9.5
1983,2024-06-06,28.2,72.0,0.0,9.3
1984,2024-06-07,27.3,78.0,0.0,9.7
1985,2024-06-08,28.2,74.0,0.0,7.1
1986,2024-06-09,28.8,71.0,0.0,8.3
1987,2024-06-10,28.1,72.0,0.0,9.2
1988,2024-06-11,27.5,74.0,0.0,8.6
1989,2024-06-12,27.5,68.0,0.0,9.4
1990,2024-06-13,28.3,74.0,0.0,10.5
1991,2024-06-14,27.5,77.0,0.0,7.8
1992,2024-06-15,27.2,75.0,0.0,10.5
1993,2024-06-16,28.0,71.0,0.0,8.9
1994,2024-06-17,27.5,68.0,0.0,10.0
1995,2024-06-18,26.9,67.0,0.0,10.5
1996,2024-06-19,26.8,66.0,0.0,9.9
1997,2024-06-20,26.4,68.0,0.0,10.6
1998,2024-06-21,27.0,67.0,0.0,10.4
1999,2024-06-22,28.1,66.0,0.0,10.3
2000,2024-06-23,27.7,70.0,0.0,10.2
2001,2024-06-24,26.7,77.0,0.0,6.4
2002,2024-06-25,27.3,74.0,0.8,4.2
2003,2024-06-26,27.4,76.0,0.0,8.0
2004,2024-06-27,27.8,77.0,0.0,9.9
2005,2024-06-28,28.4,76.0,0.0,10.8
2006,2024-06-29,28.6,65.0,0.0,10.0
2007,2024-06-30,28.7,66.0,0.0,8.3
